time_s,time_h,soc_true,soc_predicted,soc_estimated,soc_error,voltage_predicted_v,voltage_measured_v,innovation_v,kalman_gain,covariance
0.0,0.0,0.9037202380952379,0.8537064075840672,0.8956842555140059,-0.00803598258123206,29.414825630336267,29.58368142919373,0.16885579885746438,0.24860175495289466,5.593539486440201e-05
60.0,0.0166666666666666,0.9073972824808191,0.8993465018207655,0.9001779821505504,-0.00721930033026863,29.597386007283063,29.60399781209607,0.006611804813005051,0.12575693827947404,2.8295311112881662e-05
120.0,0.0333333333333333,0.9110337465128988,0.9037993032610473,0.9038139684125915,-0.0072197781003072725,29.61519721304419,29.615368508026727,0.00017129498253609654,0.08561343319631194,1.926302246917019e-05
180.0,0.05,0.9146347391526145,0.9074066329367138,0.9086214405644887,-0.006013298588125826,29.629626531746855,29.64797495009581,0.01834841834895684,0.06620775723941268,1.4896745378867851e-05
240.0,0.0666666666666666,0.9182076346272445,0.9121832434137495,0.9121658577265787,-0.006041776900665874,29.648732973654997,29.648417356661543,-0.0003156169934541708,0.05508476264379103,1.2394071594852981e-05
300.0,0.0833333333333333,0.9217617396049856,0.9157307384201312,0.9176740842388735,-0.0040876553661121084,29.662922953680525,29.703341586469097,0.040418632788572495,0.04808044420769788,1.0818099946732023e-05
360.0,0.1,0.9253078724807214,0.9212166253355021,0.9220149536154594,-0.0032929188652620622,29.684866501342007,29.70325886200755,0.01839236066554406,0.043405427637838064,9.766221218513566e-06
420.0,0.1166666666666666,0.9288578732280844,0.9255818155212014,0.9279093457169006,-0.0009485275111837943,29.702327262084808,29.76027973224937,0.05795247016456173,0.04016274352223303,9.036617292502432e-06
480.0,0.1333333333333333,0.932424065324049,0.9314830248142109,0.9325264297370636,0.00010236441301458843,29.725932099256845,29.7534966783522,0.027564579095354702,0.037853105583190085,8.516948756217769e-06
540.0,0.15,0.9360186933629682,0.936120968097251,0.9366457386268741,0.0006270452639058899,29.744483872389004,29.758989595773485,0.014505723384480973,0.03617679144388621,8.139778074874398e-06
600.0,0.1666666666666666,0.9396533610549126,0.9402828009091639,0.9395009224013959,-0.0001524386535166622,29.761131203636655,29.738755665987654,-0.02237553764900113,0.03494345119358304,7.862276518556183e-06
660.0,0.1833333333333333,0.943338494301322,0.9431788656386333,0.9436564145077958,0.0003179202064738096,29.772715462554533,29.786749912486187,0.01403444993165337,0.034026903190946436,7.656053217962947e-06
720.0,0.2,0.9470828529592498,0.9473917015795853,0.9463530454167888,-0.0007298075424609918,29.78956680631834,29.758414007008955,-0.031152799309385415,0.03334070086227088,7.5016576940109485e-06
780.0,0.2166666666666666,0.9508931127911455,0.9501751549066912,0.950067121127551,-0.0008259916635945386,29.800700619626767,29.797409324428557,-0.0032912951982098093,0.03282409283707531,7.385420888341945e-06
840.0,0.2333333333333333,0.9547735360424796,0.9539409402217651,0.9526419332609684,-0.002131602781511255,29.81576376088706,29.77571240853826,-0.04005135234879731,0.032433535564144494,7.297545501932511e-06
900.0,0.25,0.958725745228017,0.9565919242043932,0.9570390687836386,-0.0016866764443783655,29.826367696817574,29.84028124996076,0.013913553143186874,0.03213733937289718,7.230901358901865e-06
960.0,0.2666666666666666,0.962748610207924,0.9610633775667161,0.9603914238677975,-0.0023571863401264936,29.844253510266864,29.82319716258953,-0.021056347677333775,0.03191216773276989,7.180237739873225e-06
1020.0,0.2833333333333333,0.9668382536936931,0.9644578641117783,0.9655581659970656,-0.0012800876966275743,29.857831456447112,29.892496811811608,0.034665355364495554,0.031740678083866554,7.141652568869976e-06
1080.0,0.3,0.9709881751570738,0.9697145196760615,0.969481678185502,-0.0015064969715717913,29.878858078704248,29.871491982822903,-0.007366095881344847,0.0316098913603828,7.11222555608613e-06
1140.0,0.3166666666666666,0.9751894879484805,0.9736816586329408,0.9734119982195049,-0.001777489728975623,29.894726634531764,29.88616871452172,-0.00855792001004474,0.031510041355767855,7.089759305047767e-06
1200.0,0.3333333333333333,0.979431259490592,0.9776222776194532,0.9771658327295234,-0.0022654267610685563,29.910489110477812,29.895968256026293,-0.014520854451518517,0.0314337487131891,7.072593460467547e-06
1260.0,0.35,0.9837009399138439,0.9814440887934579,0.9816889591567932,-0.0020119807570506687,29.92577635517383,29.933580883871315,0.007804528697484159,0.031375419686042884,7.05946942935965e-06
1320.0,0.3666666666666666,0.9879848606399407,0.9859751529889588,0.986377395986665,-0.0016074646532757697,29.943900611955836,29.956739190966967,0.012838579011130946,0.03133080361599207,7.049430813598216e-06
1380.0,0.3833333333333333,0.9922687813660376,0.9906654472868197,0.9923080845144959,3.930314845834726e-05,29.96266178914728,30.015147805224032,0.052486016076752406,0.03129666433958503,7.041749476406631e-06
1440.0,0.4,0.9965384617892896,0.9965988490488948,0.9979623000055122,0.001423838216222606,29.98639539619558,30.029997175924425,0.04360177972884571,0.03127053448497983,7.035870259120463e-06
1500.0,0.4166666666666667,1.0,1.0,1.0,0.0,30.0,30.04222445583941,0.042224455839409814,0.031250530741552755,7.031369416849369e-06
1560.0,0.4333333333333333,1.0,1.0,0.9996869074810353,-0.00031309251896471935,30.0,29.989976296778977,-0.010023703221023084,0.03123521437746547,7.027923234929731e-06
1620.0,0.45,1.0,1.0,1.0,0.0,30.0,30.040121943223284,0.04012194322328355,0.031223485572131938,7.025284253729686e-06
1680.0,0.4666666666666667,1.0,1.0,1.0,0.0,30.0,30.006846849904168,0.00684684990416784,0.031214503159758503,7.023263210945664e-06
1740.0,0.4833333333333333,1.0,1.0,1.0,0.0,30.0,30.03617560862665,0.03617560862664959,0.031207623551853955,7.021715299167139e-06
1800.0,0.5,1.0,1.0,0.9999117635918771,-8.823640812294364e-05,30.0,29.997172123372422,-0.0028278766275775524,0.031202354184217202,7.020529691448871e-06
1860.0,0.5166666666666667,1.0,1.0,0.9989034727529341,-0.0010965272470658816,30.0,29.96485300113524,-0.0351469988647608,0.031198317992530856,7.019621548319442e-06
1920.0,0.5333333333333333,1.0,1.0,0.9996479717872502,-0.000352028212749822,30.0,29.988715317863097,-0.011284682136903257,0.031195226279223144,7.018925912825207e-06
1980.0,0.55,1.0,1.0,1.0,0.0,30.0,30.030381474534597,0.03038147453459672,0.0311928579750272,7.018393044381119e-06
2040.0,0.5666666666666667,1.0,1.0,1.0,0.0,30.0,30.06279504926792,0.06279504926791901,0.03119104377965366,7.0179848504220726e-06
2100.0,0.5833333333333334,1.0,1.0,0.9983676089992893,-0.0016323910007106646,30.0,29.94766242039077,-0.05233757960922958,0.031189654028686325,7.017672156454423e-06
2160.0,0.6,1.0,1.0,0.9999031704069615,-9.682959303847216e-05,30.0,29.99689535195802,-0.0031046480419796296,0.03118858940828,7.017432616863e-06
2220.0,0.6166666666666667,1.0,1.0,0.9996520243644146,-0.000347975635585418,30.0,29.98884256256036,-0.01115743743963904,0.03118777384752461,7.017249115693038e-06
2280.0,0.6333333333333333,1.0,1.0,0.9990148929155199,-0.0009851070844800747,30.0,29.968413044678883,-0.031586955321117216,0.03118714907674239,7.017108542267038e-06
2340.0,0.65,1.0,1.0,1.0,0.0,30.0,30.01316979476215,0.013169794762148967,0.031186670460653935,7.017000853647136e-06
2400.0,0.6666666666666666,1.0,1.0,0.9998216289459833,-0.00017837105401674602,30.0,29.994280468274845,-0.005719531725155491,0.031186303807392363,7.016918356663282e-06
2460.0,0.6833333333333333,1.0,1.0,0.9995151073886379,-0.0004848926113620866,30.0,29.984451604729013,-0.015548395270986504,0.031186022924623694,7.016855158040332e-06
2520.0,0.7,1.0,1.0,1.0,0.0,30.0,30.00936028414654,0.009360284146538334,0.031185807747733538,7.016806743240045e-06
2580.0,0.7166666666666667,1.0,1.0,0.9980696976360812,-0.0019303023639187789,30.0,29.93810285169586,-0.061897148304140615,0.03118564290609981,7.016769653872456e-06
2640.0,0.7333333333333333,1.0,1.0,1.0,0.0,30.0,30.024412910698985,0.024412910698984547,0.031185516624879086,7.016741240597794e-06
2700.0,0.75,1.0,1.0,1.0,0.0,30.0,30.011501815930604,0.011501815930603954,0.031185419883767024,7.01671947384758e-06
2760.0,0.7666666666666667,1.0,1.0,1.0,0.0,30.0,30.02533155571456,0.025331555714558363,0.03118534577258868,7.016702798832452e-06
2820.0,0.7833333333333333,1.0,1.0,0.9981255873492597,-0.001874412650740287,30.0,29.939894331238005,-0.06010566876199519,0.031185288997656862,7.016690024472794e-06
2880.0,0.8,1.0,1.0,0.9992570399449668,-0.0007429600550331594,30.0,29.97617591129924,-0.023824088700759916,0.031185245503619504,7.016680238314388e-06
2940.0,0.8166666666666667,1.0,1.0,1.0,0.0,30.0,30.013781573151498,0.01378157315149764,0.03118521218377411,7.016672741349175e-06
3000.0,0.8333333333333334,1.0,1.0,1.0,0.0,30.0,30.00590328289971,0.005903282899708984,0.03118518665815124,7.016666998084028e-06
3060.0,0.85,1.0,1.0,0.9987870788141173,-0.001212921185882676,30.0,29.96110583015776,-0.0388941698422407,0.031185167103511952,7.0166625982901886e-06
3120.0,0.8666666666666667,1.0,1.0,1.0,0.0,30.0,30.03983058396803,0.03983058396802974,0.031185152123114422,7.016659227700744e-06
3180.0,0.8833333333333333,1.0,1.0,0.9996650559768534,-0.00033494402314659943,30.0,29.989259499357768,-0.010740500642231865,0.031185140646945816,7.016656645562809e-06
3240.0,0.9,1.0,1.0,0.9982870888121895,-0.001712911187810473,30.0,29.94507282522457,-0.054927174775428966,0.03118513185529275,7.016654667440868e-06
3300.0,0.9166666666666666,1.0,1.0,1.0,0.0,30.0,30.009859860068477,0.009859860068477388,0.031185125120190484,7.016653152042858e-06
3360.0,0.9333333333333332,0.9950128407218682,0.9950126832985988,0.9953713727735949,0.0003585320517266455,29.980050733194396,29.991552676282947,0.011501943088550348,0.031185119960568664,7.016651991127949e-06
3420.0,0.95,0.9899794434755268,0.9903377867381262,0.9895019257109609,-0.00047751776456594897,29.961351146952506,29.934547942919085,-0.026803204033420513,0.031185116007889497,7.016651101775136e-06
3480.0,0.9666666666666668,0.9848921627145372,0.9844209000319446,0.9840505703344873,-0.0008415923800498826,29.937683600127777,29.925808392309968,-0.011875207817809041,0.03118511297982393,7.016650420460385e-06
3540.0,0.9833333333333332,0.9797457078606141,0.9788948875150676,0.9791744012481336,-0.0005713066124805044,29.915579550060272,29.92454260092492,0.008963050864647215,0.031185110660085637,7.016649898519268e-06
3600.0,1.0,0.9745373745272806,0.9739573545148799,0.9753705549770795,0.0008331804497988538,29.89582941805952,29.941145933307308,0.04531651524778724,0.031185108882982152,7.0166494986709836e-06
3660.0,1.0166666666666666,0.9692671627145372,0.9700823357486376,0.9706033411285454,0.0013361784140082378,29.88032934299455,29.89703620794755,0.01670686495300089,0.031185107521579936,7.016649192355486e-06
3720.0,1.0333333333333334,0.9639377768088601,0.965302277956113,0.9648180909565499,0.0008803141476898535,29.86120911182445,29.84568288619188,-0.01552622563256989,0.03118510647863786,7.016648957693518e-06
3780.0,1.05,0.9585545073885348,0.9594055440569466,0.9587909164376408,0.00023640904910604554,29.837622176227786,29.81791316431616,-0.019709011911626106,0.03118510567966149,7.016648777923836e-06
3840.0,1.0666666666666669,0.9531249999999996,0.9533513554265813,0.9532425680193364,0.00011756801933682226,29.813405421706324,29.80991698044537,-0.0034884412609557103,0.031185105067582215,7.0166486402059985e-06
3900.0,1.0833333333333333,0.947658921010778,0.9477636261081158,0.9469200786942085,-0.0007388423165695102,29.791054504432463,29.76400481437168,-0.027049690060781728,0.031185104598680933,7.01664853470321e-06
3960.0,1.1,0.9421675351428332,0.941424848945206,0.9429813687695012,0.0008138336266679813,29.765699395780825,29.81561168122143,0.04991228544060533,0.031185104239465352,7.016648453879703e-06
4020.0,1.1166666666666667,0.936663213150164,0.9375025070353952,0.9384716528818197,0.0018084397316556755,29.75001002814158,29.78108723242266,0.031077204281078963,0.03118510396427771,7.016648391962484e-06
4080.0,1.1333333333333333,0.9311588911574948,0.9329655166975539,0.9325912315760131,0.001432340418518252,29.731862066790214,29.71986001848857,-0.012002048301642532,0.03118510375346214,7.016648344528982e-06
4140.0,1.15,0.9256675052895499,0.927089715720457,0.9288162277548744,0.003148722465324494,29.708358862881827,29.76372222024013,0.05536335735830278,0.031185103591960698,7.016648308191157e-06
4200.0,1.1666666666666667,0.9202014263003282,0.9233476239513991,0.9232679167994122,0.003066490499084029,29.693390495805595,29.69083455905624,-0.002555936749356391,0.031185103468237774,7.0166482803534996e-06
4260.0,1.1833333333333331,0.9147719189117932,0.9178565548880429,0.9176476353936045,0.0028757164818112857,29.67142621955217,29.664726883271754,-0.0066993362804161904,0.0311851033734562,7.016648259027644e-06
4320.0,1.2,0.909388649491468,0.9122609110557317,0.9130701474373283,0.003681497945860257,29.649043644222928,29.674993097517657,0.02594945329472864,0.031185103300845986,7.016648242690347e-06
4380.0,1.2166666666666666,0.9040592635857908,0.9077455673653825,0.9091543132652241,0.0050950496794333056,29.63098226946153,29.676155950265603,0.0451736808040728,0.031185103245220808,7.016648230174682e-06
4440.0,1.2333333333333334,0.8987890517730474,0.9039098229586281,0.9017257474619763,0.0029366956889289586,29.615639291834512,29.54560343264681,-0.07003585918770128,0.031185103202607502,7.016648220586689e-06
4500.0,1.25,0.893580718439714,0.8965036489965112,0.8955987231390162,0.002018004699302245,29.586014595986043,29.556996707138183,-0.029017888847860718,0.031185103169962335,7.016648213241525e-06
4560.0,1.2666666666666666,0.8884342635857907,0.8904631112370286,0.8907133917290926,0.0022791281433018895,29.561852444948116,29.56987808754101,0.0080256425928944,0.031185103144953548,7.016648207614548e-06
4620.0,1.2833333333333334,0.8833469828248013,0.8856329592258081,0.8855738768664222,0.002226894041620908,29.542531836903233,29.54063726694951,-0.0018945699537233907,0.031185103125794828,7.016648203303836e-06
4680.0,1.3,0.8783135855784598,0.8805486296056163,0.8797707562983011,0.0014571707198413053,29.522194518422467,29.497250771898894,-0.02494374652357223,0.031185103111117735,7.0166482000014885e-06
4740.0,1.3166666666666669,0.8733264263003281,0.8747975022681594,0.8728019848257262,-0.0005244414746018444,29.499190009072638,29.435200563982708,-0.06398944508993054,0.03118510309987391,7.016648197471629e-06
4800.0,1.3333333333333333,0.868375838622883,0.8678208458115765,0.868544211508488,0.00016837288560500596,29.471283383246305,29.494479256442386,0.023195873196080186,0.03118510309126024,7.016648195533556e-06
4860.0,1.35,0.8634505578241614,0.8635966020947091,0.863213084716736,-0.00023747310742538996,29.454386408378838,29.44208831281276,-0.012298095566077194,0.031185103084661502,7.016648194048838e-06
4920.0,1.3666666666666667,0.8585382131501638,0.8582839161818163,0.8584816007741255,-5.661237603826752e-05,29.433135664727267,29.439474736039763,0.006339071312496003,0.031185103079606338,7.0166481929114254e-06
4980.0,1.3833333333333333,0.8536258684761663,0.8535989807003243,0.8520066064875347,-0.001619261988631604,29.414395922801297,29.3633339074242,-0.051062015377098646,0.03118510307573368,7.0166481920400776e-06
5040.0,1.4,0.8487005876774447,0.8470769916811755,0.8460475551393086,-0.002653032538136091,29.388307966724703,29.35529744437803,-0.03301052234667168,0.031185103072766913,7.0166481913725555e-06
5100.0,1.4166666666666667,0.8437499999999994,0.8410773816818821,0.8419955655856193,-0.0017544344143801682,29.364309526727528,29.39375255603744,0.02944302930991327,0.031185103070494144,7.016648190861181e-06
5160.0,1.4333333333333331,0.8387628407218678,0.8370064570901831,0.8368281507340487,-0.0019346899878190937,29.348025828360733,29.34230815105368,-0.005717677307053748,0.031185103068753012,7.016648190469429e-06
5220.0,1.45,0.8337294434755261,0.8318116868543338,0.8311493736796731,-0.0025800697958530128,29.327246747417334,29.30600862057104,-0.021238126846295557,0.03118510306741918,7.016648190169315e-06
5280.0,1.4666666666666666,0.8286421627145368,0.8260790786508804,0.8254857375255793,-0.0031564251889575345,29.304316314603522,29.285289886374706,-0.019026428228816172,0.031185103066397348,7.016648189939404e-06
5340.0,1.4833333333333334,0.8234957078606137,0.8203421016642595,0.8207241779688959,-0.0027715298917178055,29.281368406657037,29.293620291918806,0.012251885261768791,0.03118510306561455,7.0166481897632725e-06
5400.0,1.5,0.8272159459558517,0.8244785878676145,0.8258753685738162,-0.0013405773820355238,29.297914351470457,29.342704349543883,0.04478999807342632,0.03118510306501486,7.016648189628343e-06
5460.0,1.5166666666666666,0.8308929903414327,0.8295423458547352,0.8286634405551767,-0.002229549786256002,29.31816938341894,29.289985885107612,-0.028183498311328492,0.03118510306455545,7.016648189524975e-06
5520.0,1.5333333333333334,0.8345294543735124,0.8323241390283233,0.8333542300670216,-0.001175224306490863,29.32929655611329,29.362328065952383,0.0330315098390912,0.031185103064203506,7.0166481894457884e-06
5580.0,1.55,0.8381304470132278,0.8369350708509633,0.8379550311469827,-0.00017541586624514327,29.34774028340385,29.380446934843427,0.032706651439575296,0.031185103063933888,7.016648189385125e-06
5640.0,1.5666666666666669,0.841703342487858,0.8415119515700199,0.8434525454357498,0.0017492029478917148,29.36604780628008,29.42827603947733,0.06222823319724924,0.03118510306372734,7.0166481893386515e-06
5700.0,1.5833333333333333,0.8452574474655986,0.8469992434453351,0.8473763945339724,0.0021189470683737888,29.38799697378134,29.400090924148238,0.012093950366896422,0.03118510306356911,7.01664818930305e-06
5760.0,1.6,0.8488035803413347,0.8509058857444797,0.8522170720400094,0.0034134916986746644,29.40362354297792,29.445668819944363,0.042045276966444334,0.03118510306344789,7.016648189275775e-06
5820.0,1.6166666666666667,0.8523535810886975,0.8557677172679082,0.8557132429558059,0.0033596618671083434,29.423070869071633,29.42132406348976,-0.0017468055818739003,0.03118510306335503,7.016648189254881e-06
5880.0,1.6333333333333333,0.8559197731846624,0.8592797587509838,0.8590933865031858,0.003173613318523394,29.437119035003935,29.43114271203268,-0.0059763229712537225,0.03118510306328389,7.0166481892388735e-06
5940.0,1.65,0.8595144012235814,0.8627129380956005,0.8626800001499291,0.0031655989263477124,29.450851752382402,29.44979554469232,-0.001056207690080413,0.031185103063229386,7.016648189226611e-06
6000.0,1.6666666666666667,0.863149068915526,0.8663061297196087,0.8648984588647818,0.0017493899492557752,29.465224518878436,29.42008531084136,-0.04513920803707805,0.031185103063187634,7.0166481892172174e-06
6060.0,1.6833333333333331,0.8668342021619354,0.8685870661130765,0.8685716444571493,0.0017374422952138868,29.474348264452306,29.473853744492057,-0.0004945199602488515,0.03118510306315565,7.016648189210022e-06
6120.0,1.7,0.8705785608198631,0.8723133364432983,0.872325312432719,0.001746751612855979,29.489253345773193,29.489637374948806,0.00038402917561342065,0.031185103063131155,7.0166481892045086e-06
6180.0,1.7166666666666666,0.874388820651759,0.876135277922543,0.8759446580231286,0.0015558373713695506,29.504541111690173,29.498428581004333,-0.006112530685840056,0.03118510306311238,7.016648189200286e-06
6240.0,1.7333333333333334,0.8782692439030927,0.8798334990319757,0.8792830440459051,0.0010138001428123822,29.5193339961279,29.50168278025868,-0.017651215869221915,0.031185103063098005,7.01664818919705e-06
6300.0,1.75,0.8822214530886303,0.8832122771456699,0.8831219650273667,0.0009005119387364147,29.53284910858268,29.52995310666406,-0.0028960019186214936,0.03118510306308699,7.016648189194571e-06
6360.0,1.7666666666666666,0.8862443180685372,0.8871535653566225,0.8879466944286412,0.001702376360103952,29.54861426142649,29.574047208382424,0.025432946955934455,0.03118510306307855,7.016648189192672e-06
6420.0,1.7833333333333334,0.8903339615543068,0.892063674888368,0.892245487893294,0.0019115263389872794,29.56825469955347,29.57408482314031,0.005830123586839875,0.031185103063072084,7.016648189191218e-06
6480.0,1.8,0.8944838830176871,0.8964166448890151,0.8969530258003022,0.002469142782615119,29.58566657955606,29.60286648780079,0.01719990824472717,0.031185103063067127,7.016648189190103e-06
6540.0,1.8166666666666669,0.8986851958090937,0.9011796047816694,0.9009273932385966,0.0022421974295029345,29.604718419126677,29.596630854286417,-0.008087564840259631,0.03118510306306333,7.016648189189249e-06
6600.0,1.8333333333333333,0.9029269673512055,0.9051879395704245,0.9057924814862318,0.002865514135026337,29.6207517582817,29.64013735770027,0.019385599418569655,0.031185103063060424,7.0166481891885945e-06
6660.0,1.85,0.9071966477744574,0.9100657949308472,0.9081137205405703,0.0009170727661128586,29.640263179723387,29.57766680521952,-0.0625963745038689,0.031185103063058193,7.016648189188095e-06
6720.0,1.8666666666666667,0.9114805685005544,0.9123875707590414,0.9114676866902229,-1.2881810331433208e-05,29.649550283036167,29.62005273521795,-0.029497547818216674,0.031185103063056493,7.016648189187711e-06
6780.0,1.8833333333333333,0.9157644892266512,0.9157635253085142,0.9176911638717126,0.0019266746450613548,29.663054101234057,29.724866902022328,0.061812800788271005,0.03118510306305519,7.016648189187416e-06
6840.0,1.9,0.9200341696499033,0.9219450842582659,0.921124645066592,0.0010904754166887187,29.687780337033065,29.661471647591984,-0.026308689441080446,0.031185103063054186,7.016648189187191e-06
6900.0,1.9166666666666667,0.9242759411920151,0.9253611221917223,0.9244146268182108,0.00013868562619578917,29.70144448876689,29.671093607078355,-0.03035088168853406,0.031185103063053415,7.016648189187018e-06
6960.0,1.9333333333333331,0.9284772539834212,0.9286161809493046,0.9286696849429528,0.0001924309595315865,29.714464723797217,29.716180414572392,0.0017156907751747497,0.03118510306305283,7.016648189186886e-06
7020.0,1.95,0.932627175446802,0.9328067594882019,0.9327021447427716,7.496929596961799e-05,29.731227037952806,29.72787239951474,-0.0033546384380649386,0.03118510306305238,7.016648189186784e-06
7080.0,1.9666666666666663,0.9367168189325714,0.9367858628484418,0.9364444756229995,-0.00027234330957193187,29.747143451393768,29.736196326263155,-0.010947125130613244,0.03118510306305203,7.016648189186707e-06
7140.0,1.9833333333333332,0.9407396839124782,0.9404720777041291,0.9394179451735164,-0.0013217387389617974,29.761888310816516,29.72808587224572,-0.033802438570795346,0.031185103063051774,7.016648189186648e-06
7200.0,2.0,0.9446918930980158,0.9433840030655154,0.9436697326310264,-0.0010221604669894413,29.773536012262063,29.782698385877865,0.0091623736158013,0.03118510306305157,7.016648189186604e-06
7260.0,2.0166666666666666,0.9485723163493496,0.947554052721968,0.9477134525925393,-0.0008588637568103241,29.790216210887873,29.79532762162296,0.0051114107350862525,0.031185103063051417,7.016648189186569e-06
7320.0,2.033333333333333,0.9523825761812457,0.9515409785388669,0.9512601967400356,-0.0011223794412100752,29.80616391415547,29.79716019855884,-0.009003715596630713,0.0311851030630513,7.016648189186542e-06
7380.0,2.05,0.9561269348391732,0.9550256447314659,0.9557542723446617,-0.0003726624945115109,29.820102578925862,29.84346718386953,0.02336460494366932,0.031185103063051205,7.016648189186522e-06
7440.0,2.066666666666667,0.9598120680855825,0.9594457406473901,0.9607215090524801,0.0009094409668976011,29.83778296258956,29.878692508487507,0.04090954589794649,0.03118510306305114,7.016648189186506e-06
7500.0,2.083333333333333,0.963446735777527,0.964359032922631,0.9635629459524538,0.00011621017492680075,29.857436131690523,29.8319083350189,-0.02552779667162497,0.031185103063051087,7.016648189186494e-06
7560.0,2.1,0.9670413638164461,0.9671754130663179,0.9675131190766326,0.0004717552601865016,29.868701652265273,29.87953073336954,0.010829081104265725,0.03118510306305105,7.0166481891864845e-06
7620.0,2.1166666666666667,0.970607555912411,0.9710828229546405,0.9707673362606829,0.00015978034827190957,29.88433129181856,29.87421470848325,-0.010116583335310736,0.031185103063051008,7.016648189186478e-06
7680.0,2.1333333333333333,0.9741575566597735,0.9743451267687024,0.973980777862279,-0.00017677879749455894,29.89738050707481,29.885697079071164,-0.011683428003646412,0.03118510306305099,7.016648189186472e-06
7740.0,2.15,0.97770368953551,0.9775356890504394,0.9780105394791133,0.00030684994360330453,29.910142756201758,29.92536959151841,0.015226835316653364,0.03118510306305097,7.0166481891864685e-06
7800.0,2.1666666666666665,0.9812577945132505,0.9815587729191486,0.9824323584115464,0.001174563898295955,29.926235091676595,29.95424800189952,0.028012910222923182,0.031185103063050956,7.016648189186466e-06
7860.0,2.183333333333333,0.984830689987881,0.9860234245335564,0.9862839582715581,0.0014532682836770894,29.944093698134225,29.95244812741012,0.008354429275893693,0.03118510306305095,7.016648189186463e-06
7920.0,2.2,0.9884316826275963,0.989884850602019,0.9900882549890166,0.001656572361420361,29.959539402408076,29.966061888050863,0.0065224856427867905,0.03118510306305094,7.016648189186462e-06
7980.0,2.216666666666667,0.992068146659676,0.9937388402784672,0.9934740684665192,0.00140592180684318,29.974955361113867,29.966465031246667,-0.00849032986720033,0.031185103063050938,7.01664818918646e-06
8040.0,2.2333333333333334,0.995745191045257,0.9971574523873898,0.9954911427309349,-0.0002540483143221861,29.988629809549558,29.93519693638938,-0.053432873160176086,0.03118510306305093,7.016648189186458e-06
8100.0,2.25,0.9994654291404952,0.9992050257223452,0.9990960083485223,-0.00036942079197288535,29.99682010288938,29.99332428715959,-0.0034958157297886316,0.031185103063050924,7.016648189186458e-06
8160.0,2.2666666666666666,1.0,1.0,0.9997411323751937,-0.00025886762480631376,30.0,29.99169899729743,-0.00830100270257006,0.031185103063050924,7.016648189186458e-06
8220.0,2.283333333333333,1.0,1.0,1.0,0.0,30.0,30.01483669965969,0.014836699659689145,0.031185103063050924,7.016648189186458e-06
8280.0,2.3,1.0,1.0,1.0,0.0,30.0,30.021021694705787,0.021021694705787297,0.031185103063050924,7.016648189186458e-06
8340.0,2.316666666666667,1.0,1.0,0.9997750582368751,-0.00022494176312493064,30.0,29.992786884087888,-0.007213115912112045,0.031185103063050924,7.016648189186458e-06
8400.0,2.333333333333333,1.0,1.0,1.0,0.0,30.0,30.00009325650557,9.325650556846199e-05,0.031185103063050924,7.016648189186458e-06
8460.0,2.35,1.0,1.0,0.9980377232715169,-0.0019622767284831477,30.0,29.93707647127169,-0.06292352872830875,0.031185103063050924,7.016648189186458e-06
8520.0,2.3666666666666667,1.0,1.0,1.0,0.0,30.0,30.00111683509265,0.0011168350926489268,0.031185103063050924,7.016648189186458e-06
8580.0,2.3833333333333333,1.0,1.0,1.0,0.0,30.0,30.02070313274292,0.020703132742919905,0.031185103063050924,7.016648189186458e-06
8640.0,2.4,1.0,1.0,0.9994747028182487,-0.0005252971817513163,30.0,29.983155509196514,-0.016844490803485712,0.031185103063050924,7.016648189186458e-06
8700.0,2.4166666666666665,1.0,1.0,0.9996601503780044,-0.00033984962199562485,30.0,29.98910218057293,-0.010897819427068356,0.031185103063050924,7.016648189186458e-06
8760.0,2.433333333333333,0.9950128407218682,0.9946901808487896,0.994390278102968,-0.0006225626189002575,29.97876072339516,29.969143864178267,-0.009616859216890816,0.031185103063050924,7.016648189186458e-06
8820.0,2.45,0.9899794434755268,0.989351232987678,0.9895686447614628,-0.00041079871406402013,29.957404931950713,29.96437658676119,0.006971654810477901,0.031185103063050924,7.016648189186458e-06
8880.0,2.466666666666667,0.9848921627145372,0.9844926006349071,0.9832547585930373,-0.0016374041214998192,29.937970402539626,29.89827702588581,-0.03969337665381545,0.031185103063050924,7.016648189186458e-06
8940.0,2.4833333333333334,0.9797457078606141,0.9780785843122337,0.9789883207715739,-0.0007573870890401624,29.912314337248937,29.941486485806564,0.02917214855762751,0.031185103063050924,7.016648189186458e-06
9000.0,2.5,0.9745373745272806,0.9737769221330014,0.9734169208559271,-0.001120453671353494,29.895107688532004,29.883563674188157,-0.011544014343847664,0.031185103063050924,7.016648189186458e-06
9060.0,2.5166666666666666,0.9692671627145372,0.9681333035401419,0.9685530790035116,-0.0007140837110255482,29.87253321416057,29.885993982993718,0.013460768833148506,0.031185103063050924,7.016648189186458e-06
9120.0,2.533333333333333,0.9639377768088601,0.9632516372708972,0.9612324344301753,-0.002705342378684805,29.853006549083588,29.78825759389689,-0.06474895518669754,0.031185103063050924,7.016648189186458e-06
9180.0,2.55,0.9585545073885348,0.9558366180202709,0.9566658325957185,-0.0018886747928162917,29.823346472081084,29.84993655817992,0.026590086098835286,0.031185103063050924,7.016648189186458e-06
9240.0,2.566666666666667,0.9531249999999996,0.9512314999678881,0.9515486264697037,-0.001576373530295827,29.804925999871553,29.815095166257645,0.010169166386091888,0.031185103063050924,7.016648189186458e-06
9300.0,2.583333333333333,0.947658921010778,0.9460656909889575,0.9453276698628922,-0.0023312511478857934,29.78426276395583,29.760596941060417,-0.023665822895413413,0.031185103063050924,7.016648189186458e-06
9360.0,2.6,0.9421675351428332,0.9398320789100808,0.9386645188761175,-0.003503016266715786,29.759328315640325,29.72188864351217,-0.03743967212815491,0.031185103063050924,7.016648189186458e-06
9420.0,2.6166666666666667,0.936663213150164,0.9331373096139308,0.9335410776845784,-0.003122135465585596,29.732549238455725,29.745496704745356,0.012947466289631393,0.031185103063050924,7.016648189186458e-06
9480.0,2.6333333333333333,0.9311588911574948,0.9280484904476328,0.9283284277808124,-0.0028304633766824683,29.712193961790533,29.72117059825101,0.00897663646047775,0.031185103063050924,7.016648189186458e-06
9540.0,2.65,0.9256675052895499,0.9228432449679468,0.9235445546147195,-0.0021229506748303706,29.691372979871787,29.713861590711225,0.02248861083943865,0.031185103063050924,7.016648189186458e-06
9600.0,2.6666666666666665,0.9202014263003282,0.9181170970095008,0.9163463711465665,-0.0038550551537617217,29.672468388038002,29.61568724290745,-0.05678114513055377,0.031185103063050924,7.016648189186458e-06
9660.0,2.683333333333333,0.9147719189117932,0.9109100884222016,0.9121628972521572,-0.002609021659636057,29.643640353688806,29.683813664241047,0.04017331055224105,0.031185103063050924,7.016648189186458e-06
9720.0,2.7,0.909388649491468,0.906798536181131,0.9065028373646156,-0.0028858121268524606,29.627194144724523,29.61771209119667,-0.009482053527854362,0.031185103063050924,7.016648189186458e-06
9780.0,2.716666666666667,0.9040592635857908,0.9011999845015815,0.8992358176366921,-0.00482344594909867,29.604799938006327,29.541815799043626,-0.06298413896270105,0.031185103063050924,7.016648189186458e-06
9840.0,2.7333333333333334,0.8987890517730474,0.8939559737863378,0.8949367743599282,-0.0038522774131191095,29.57582389514535,29.607274827714257,0.03145093256890519,0.031185103063050924,7.016648189186458e-06
9900.0,2.75,0.893580718439714,0.889731697225298,0.8896872104263484,-0.003893508013365632,29.558926788901193,29.557500248836224,-0.0014265400649691173,0.031185103063050924,7.016648189186458e-06
9960.0,2.7666666666666666,0.8884342635857907,0.8845616752468949,0.8857389509472272,-0.002695312638563485,29.538246700987578,29.57599792143255,0.03775122044497081,0.031185103063050924,7.016648189186458e-06
10020.0,2.783333333333333,0.8833469828248013,0.8806125066071712,0.8815690954601313,-0.0017778873646699944,29.522450026428686,29.5531245716122,0.030674545183515534,0.031185103063050924,7.016648189186458e-06
10080.0,2.8,0.8783135855784598,0.8765195636452991,0.8789043327717058,0.0005907471932459218,29.506078254581197,29.58254967497654,0.07647142039534316,0.031185103063050924,7.016648189186458e-06
10140.0,2.816666666666667,0.8733264263003281,0.873890188423706,0.8741497659749334,0.0008233396746053501,29.495560753694825,29.503884521318827,0.008323767624002443,0.031185103063050924,7.016648189186458e-06
10200.0,2.833333333333333,0.868375838622883,0.8692173874970144,0.8699696703453578,0.0015938317224747367,29.47686954998806,29.50099269772377,0.024123147735711115,0.031185103063050924,7.016648189186458e-06
10260.0,2.85,0.8634505578241614,0.8650595126553932,0.8657565588497654,0.0023060010256040764,29.460238050621573,29.482589947069147,0.022351896447574404,0.031185103063050924,7.016648189186458e-06
10320.0,2.8666666666666667,0.8585382131501638,0.8608394991229366,0.8607182731819046,0.0021800600317408714,29.443357996491745,29.43947069360912,-0.0038873028826245104,0.031185103063050924,7.016648189186458e-06
10380.0,2.8833333333333333,0.8536258684761663,0.8557890570326747,0.8556073332516896,0.0019814647755233006,29.4231562281307,29.417328965651635,-0.005827262479066064,0.031185103063050924,7.016648189186458e-06
10440.0,2.9,0.8487005876774447,0.8507042960355204,0.8508867769521057,0.0021861892746609657,29.40281718414208,29.408668725380096,0.0058515412380160114,0.031185103063050924,7.016648189186458e-06
10500.0,2.9166666666666665,0.8437499999999994,0.8459405025648988,0.8453641534134723,0.0016141534134728186,29.383762010259595,29.365280456735103,-0.018481553524491545,0.031185103063050924,7.016648189186458e-06
10560.0,2.933333333333333,0.8387628407218678,0.8403798703581701,0.8406582870847251,0.0018954463628573226,29.36151948143268,29.37044735721979,0.008927875787108519,0.031185103063050924,7.016648189186458e-06
10620.0,2.95,0.8337294434755261,0.8356070346065086,0.8363041571269464,0.0025747136514202573,29.342428138426033,29.364782482390467,0.02235434396443381,0.031185103063050924,7.016648189186458e-06
10680.0,2.966666666666667,0.8286421627145368,0.8312108424534834,0.8300377203841925,0.0013955576696557115,29.324843369813934,29.28722534216403,-0.037618027649902075,0.031185103063050924,7.016648189186458e-06
10740.0,2.9833333333333334,0.8234957078606137,0.8248967916771262,0.8231919572054849,-0.0003037506551287761,29.299587166708505,29.24491893398872,-0.05466823271978427,0.031185103063050924,7.016648189186458e-06
10800.0,3.0,0.8272159459558517,0.8269317713026147,0.8273045720249532,8.862606910153836e-05,29.30772708521046,29.31968153415311,0.01195444894264952,0.031185103063050924,7.016648189186458e-06
10860.0,3.0166666666666666,0.8308929903414327,0.8309836438803941,0.830417346742444,-0.00047564359898866204,29.323934575521577,29.30577535581962,-0.018159219701956886,0.031185103063050924,7.016648189186458e-06
10920.0,3.033333333333333,0.8345294543735124,0.8340307630486834,0.8341778644962138,-0.00035158987729866364,29.336123052194733,29.340840094406616,0.004717042211883182,0.031185103063050924,7.016648189186458e-06
10980.0,3.05,0.8381304470132278,0.8377958626371624,0.8378752609250812,-0.00025518608814656396,29.35118345054865,29.353729483112925,0.0025460325642754356,0.031185103063050924,7.016648189186458e-06
11040.0,3.066666666666667,0.841703342487858,0.8414424011700098,0.8393602130823872,-0.0023431294054708784,29.36576960468004,29.299000927231297,-0.06676867744874215,0.031185103063050924,7.016648189186458e-06
11100.0,3.083333333333333,0.8452574474655986,0.8429148584968131,0.843734083298148,-0.0015233641674505805,29.371659433987254,29.397929182067887,0.026269748080633093,0.031185103063050924,7.016648189186458e-06
11160.0,3.1,0.8488035803413347,0.8472889520592914,0.8476451090764525,-0.0011584712648822215,29.389155808237167,29.400576550263928,0.011420742026761133,0.031185103063050924,7.016648189186458e-06
11220.0,3.1166666666666667,0.8523535810886976,0.8511816083063356,0.850251834634362,-0.0021017464543355846,29.404726433225342,29.37491175953022,-0.02981467369512103,0.031185103063050924,7.016648189186458e-06
11280.0,3.1333333333333333,0.8559197731846624,0.8538475333449302,0.8545726039119033,-0.00134716927275913,29.41539013337972,29.438640675970746,0.023250542591025436,0.031185103063050924,7.016648189186458e-06
11340.0,3.15,0.8595144012235815,0.8581819788518955,0.8564794496273501,-0.00303495159623135,29.432727915407582,29.378133604107628,-0.05459431129995451,0.031185103063050924,7.016648189186458e-06
11400.0,3.1666666666666665,0.863149068915526,0.8601070071831735,0.8579140073158984,-0.005235061599627611,29.440428028732693,29.370105995073185,-0.07032203365950807,0.031185103063050924,7.016648189186458e-06
11460.0,3.183333333333333,0.8668342021619354,0.8615941460577498,0.8628252925076076,-0.004008909654327764,29.446376584231,29.485855256062507,0.03947867183150677,0.031185103063050924,7.016648189186458e-06
11520.0,3.2,0.8705785608198632,0.8665754450773253,0.8654961920327383,-0.005082368787124869,29.4663017803093,29.43169381244705,-0.03460796786225018,0.031185103063050924,7.016648189186458e-06
11580.0,3.216666666666667,0.874388820651759,0.8693289788707322,0.8697387387253019,-0.004650081926457106,29.47731591548293,29.49045551786748,0.013139602384551807,0.031185103063050924,7.016648189186458e-06
11640.0,3.2333333333333334,0.8782692439030929,0.873635841990463,0.8738718982464085,-0.0043973456566843705,29.494543367961853,29.502112887788943,0.007569519827089977,0.031185103063050924,7.016648189186458e-06
11700.0,3.25,0.8822214530886305,0.8778354353279019,0.8785134556142795,-0.0037079974743510213,29.511341741311607,29.53308354171569,0.021741800404083023,0.031185103063050924,7.016648189186458e-06
11760.0,3.2666666666666666,0.8862443180685373,0.8825295066748224,0.881508079057066,-0.004736239011471355,29.53011802669929,29.497364323250203,-0.03275370344908879,0.031185103063050924,7.016648189186458e-06
11820.0,3.283333333333333,0.8903339615543069,0.8856312435170555,0.8871803416740749,-0.003153619880231995,29.542524974068222,29.59219927380959,0.049674299741369055,0.031185103063050924,7.016648189186458e-06
11880.0,3.3,0.8944838830176873,0.8913543453245041,0.8902282744927685,-0.004255608524918797,29.565417381298015,29.529308126521503,-0.0361092547765125,0.031185103063050924,7.016648189186458e-06
11940.0,3.316666666666667,0.8986851958090938,0.8944214900925976,0.8942707883016482,-0.004414407507445595,29.577685960370392,29.572853467412305,-0.004832492958087187,0.031185103063050924,7.016648189186458e-06
12000.0,3.333333333333333,0.9029269673512056,0.8985006916743195,0.9001125185907372,-0.0028144487604684354,29.59400276669728,29.645688564020407,0.0516857973231275,0.031185103063050924,7.016648189186458e-06
12060.0,3.35,0.9071966477744575,0.9043767289441441,0.9043694206388385,-0.0028272271356190037,29.617506915776577,29.6172725633266,-0.00023435244997571658,0.031185103063050924,7.016648189186458e-06
12120.0,3.3666666666666667,0.9114805685005544,0.908641357449578,0.9073330564618765,-0.004147512038677914,29.63456542979831,29.592612674822437,-0.04195275497587403,0.031185103063050924,7.016648189186458e-06
12180.0,3.3833333333333333,0.9157644892266512,0.9116529616560645,0.9132249303188146,-0.0025395589078366365,29.646611846624257,29.697019525559032,0.050407678934774935,0.031185103063050924,7.016648189186458e-06
12240.0,3.4,0.9200341696499033,0.9174907866002645,0.9177921094003427,-0.002242060249560529,29.66996314640106,29.67962554191949,0.009662395518429179,0.031185103063050924,7.016648189186458e-06
12300.0,3.4166666666666665,0.9242759411920151,0.9220680581505772,0.9228140991284427,-0.0014618420635723606,29.68827223260231,29.712195224819364,0.02392299221705585,0.031185103063050924,7.016648189186458e-06
12360.0,3.433333333333333,0.9284772539834212,0.927019182993044,0.9265516598923957,-0.0019255940910254399,29.708076731972177,29.69308485909932,-0.014991872872858636,0.031185103063050924,7.016648189186458e-06
12420.0,3.45,0.932627175446802,0.9306842515240826,0.9292802116286836,-0.003346963818118387,29.72273700609633,29.677714230556344,-0.045022775539987236,0.031185103063050924,7.016648189186458e-06
12480.0,3.466666666666667,0.9367168189325714,0.9333640114606037,0.9331308987093914,-0.00358592022318005,29.733456045842416,29.725980914182887,-0.007475131659528955,0.031185103063050924,7.016648189186458e-06
12540.0,3.4833333333333334,0.9407396839124782,0.9371586115804631,0.9380263342518986,-0.002713349660579567,29.74863444632185,29.77645935585257,0.027824909530718145,0.031185103063050924,7.016648189186458e-06
12600.0,3.5,0.9446918930980158,0.9419816030222908,0.9413603601081603,-0.003331532989855557,29.767926412089164,29.748005268558725,-0.019921143530439167,0.031185103063050924,7.016648189186458e-06
12660.0,3.5166666666666666,0.9485723163493496,0.945251314370216,0.9464823683277966,-0.0020899480215529342,29.781005257480864,29.820480963400183,0.039475705919318926,0.031185103063050924,7.016648189186458e-06
12720.0,3.533333333333333,0.9523825761812457,0.9503249143071665,0.9528031583975178,0.0004205822162721695,29.801299657228665,29.880768501225774,0.07946884399710896,0.031185103063050924,7.016648189186458e-06
12780.0,3.55,0.9561269348391732,0.9565607330150069,0.9582868918116333,0.0021599569724600753,29.826242932060026,29.88159496322492,0.055352031164893845,0.031185103063050924,7.016648189186458e-06
12840.0,3.566666666666667,0.9598120680855825,0.9619850942915377,0.9616081550511457,0.001796086965563215,29.84794037716615,29.835853220050463,-0.012087157115686864,0.031185103063050924,7.016648189186458e-06
12900.0,3.583333333333333,0.963446735777527,0.9652465375409468,0.9637144199156062,0.000267684138079205,29.860986150163786,29.81185635821656,-0.049129791947226664,0.031185103063050924,7.016648189186458e-06
12960.0,3.6,0.9670413638164461,0.9673103951508054,0.9673119410472818,0.000270577230835678,29.869241580603223,29.869291152235974,4.957163275065568e-05,0.031185103063050924,7.016648189186458e-06
13020.0,3.6166666666666663,0.970607555912411,0.9708883882323901,0.9706760178481165,6.846193570553272e-05,29.88355355292956,29.876743558303463,-0.006809994626095772,0.031185103063050924,7.016648189186458e-06
13080.0,3.633333333333333,0.9741575566597735,0.9742309540894072,0.9734970705245111,-0.0006604861352624836,29.896923816357628,29.873390670951235,-0.023533145406393174,0.031185103063050924,7.016648189186458e-06
13140.0,3.65,0.97770368953551,0.9770265223648973,0.976581807397006,-0.00112188213850406,29.90810608945959,29.89384559569139,-0.014260493768201599,0.031185103063050924,7.016648189186458e-06
13200.0,3.6666666666666665,0.9812577945132505,0.9801415527133818,0.9795533015456926,-0.0017044929675578135,29.920566210853526,29.901703000220557,-0.018863210632968475,0.031185103063050924,7.016648189186458e-06
13260.0,3.683333333333333,0.984830689987881,0.9831423057460401,0.9859814164292635,0.001150726441382477,29.93256922298416,30.02360982905441,0.09104060607025133,0.031185103063050924,7.016648189186458e-06
13320.0,3.7,0.9884316826275963,0.9895981680144134,0.9896497501951901,0.0012180675675937946,29.958392672057652,29.960046736842123,0.0016540647844713874,0.031185103063050924,7.016648189186458e-06
13380.0,3.716666666666667,0.992068146659676,0.9932757722448462,0.9942598496194023,0.0021917029597262605,29.973103088979386,30.0046590973904,0.03155600841101602,0.031185103063050924,7.016648189186458e-06
13440.0,3.733333333333333,0.995745191045257,0.9979605716584554,0.9974028429301846,0.0016576518849275024,29.991842286633823,29.973957826635623,-0.017884459998199986,0.031185103063050924,7.016648189186458e-06
13500.0,3.75,0.9994654291404952,1.0,1.0,0.0005345708595048126,30.0,30.011135354711072,0.01113535471107241,0.031185103063050924,7.016648189186458e-06
13560.0,3.7666666666666666,1.0,1.0,1.0,0.0,30.0,30.028822029227836,0.028822029227836055,0.031185103063050924,7.016648189186458e-06
13620.0,3.783333333333333,1.0,1.0,1.0,0.0,30.0,30.02797916528973,0.02797916528972877,0.031185103063050924,7.016648189186458e-06
13680.0,3.8,1.0,1.0,1.0,0.0,30.0,30.020213831810032,0.020213831810032445,0.031185103063050924,7.016648189186458e-06
13740.0,3.816666666666667,1.0,1.0,1.0,0.0,30.0,30.0124384885508,0.01243848855079932,0.031185103063050924,7.016648189186458e-06
13800.0,3.8333333333333335,1.0,1.0,1.0,0.0,30.0,30.000329565405824,0.0003295654058241837,0.031185103063050924,7.016648189186458e-06
13860.0,3.85,1.0,1.0,1.0,0.0,30.0,30.01984134569675,0.01984134569675078,0.031185103063050924,7.016648189186458e-06
13920.0,3.8666666666666663,1.0,1.0,1.0,0.0,30.0,30.031312301931614,0.03131230193161372,0.031185103063050924,7.016648189186458e-06
13980.0,3.883333333333333,1.0,1.0,1.0,0.0,30.0,30.004716985303087,0.004716985303087284,0.031185103063050924,7.016648189186458e-06
14040.0,3.9,1.0,1.0,0.9988826076816597,-0.0011173923183402934,30.0,29.964169035578266,-0.03583096442173428,0.031185103063050924,7.016648189186458e-06
14100.0,3.9166666666666665,1.0,1.0,1.0,0.0,30.0,30.042663190497706,0.04266319049770573,0.031185103063050924,7.016648189186458e-06
14160.0,3.933333333333333,0.9950128407218682,0.9949964121233938,0.995506334123909,0.0004934934020407455,29.979985648493575,29.9963371096218,0.016351461128223832,0.031185103063050924,7.016648189186458e-06
14220.0,3.95,0.9899794434755268,0.9904766746709905,0.9908384729448365,0.0008590294693097134,29.96190669868396,29.973508336591472,0.011601637907510565,0.031185103063050924,7.016648189186458e-06
14280.0,3.966666666666667,0.9848921627145372,0.9857566778380505,0.9845627430949337,-0.0003294196196034216,29.943026711352204,29.90474129216655,-0.0382854191856552,0.031185103063050924,7.016648189186458e-06
14340.0,3.983333333333333,0.9797457078606141,0.9794154898875664,0.9767275234677294,-0.003018184392884704,29.917661959550266,29.831468035021544,-0.08619392452872177,0.031185103063050924,7.016648189186458e-06
14400.0,4.0,0.9745373745272806,0.9715394969406509,0.9728741782727403,-0.0016631962545403667,29.886157987762605,29.928956670498746,0.04279868273614085,0.031185103063050924,7.016648189186458e-06
14460.0,4.016666666666667,0.9692671627145372,0.9676230375234127,0.9685133514795589,-0.0007538112349783077,29.87049215009365,29.899041485151034,0.02854933505738444,0.031185103063050924,7.016648189186458e-06
14520.0,4.033333333333333,0.9639377768088601,0.963199204372068,0.9622042828758476,-0.0017334939330124755,29.852796817488272,29.82089307504404,-0.03190374244423211,0.031185103063050924,7.016648189186458e-06
14580.0,4.05,0.9585545073885348,0.9568407724006331,0.9553678767207203,-0.0031866306678144385,29.82736308960253,29.7801323436616,-0.047230745940932906,0.031185103063050924,7.016648189186458e-06
14640.0,4.066666666666666,0.9531249999999996,0.9499390787516154,0.9497246746498847,-0.003400325350114808,29.799756315006462,29.79288110599089,-0.006875209015571926,0.031185103063050924,7.016648189186458e-06
14700.0,4.083333333333333,0.947658921010778,0.9442657216308218,0.9440897782532813,-0.003569142757496646,29.777062886523286,29.77142098188745,-0.005641904635837136,0.031185103063050924,7.016648189186458e-06
14760.0,4.1,0.9421675351428332,0.9385971209187802,0.9397877050915804,-0.0023798300512528625,29.754388483675122,29.79256646148693,0.03817797781180943,0.031185103063050924,7.016648189186458e-06
14820.0,4.116666666666666,0.936663213150164,0.9342612556732957,0.9347641474141384,-0.001899065736025607,29.73704502269318,29.753171047347514,0.01612602465433355,0.031185103063050924,7.016648189186458e-06
14880.0,4.133333333333334,0.9311588911574948,0.9292588040380262,0.9292246276603022,-0.001934263497192612,29.717035216152105,29.71593929616573,-0.0010959199863762592,0.031185103063050924,7.016648189186458e-06
14940.0,4.15,0.9256675052895499,0.9237267223421294,0.9248717846457574,-0.0007957206437925191,29.694906889368518,29.731625135940057,0.03671824657153877,0.031185103063050924,7.016648189186458e-06
15000.0,4.166666666666667,0.9202014263003282,0.9194036376235473,0.9188801901605186,-0.0013212361398096117,29.67761455049419,29.6608293738677,-0.016785176626491705,0.031185103063050924,7.016648189186458e-06
15060.0,4.183333333333334,0.9147719189117932,0.91346400058637,0.9142125035730032,-0.0005594153387900036,29.65385600234548,29.677857942795058,0.024001940449576153,0.031185103063050924,7.016648189186458e-06
15120.0,4.2,0.909388649491468,0.9088251388484595,0.9082776855832562,-0.0011109639082118594,29.635300555393837,29.61774559448521,-0.01755496090862607,0.031185103063050924,7.016648189186458e-06
15180.0,4.216666666666667,0.9040592635857908,0.9029487841184752,0.9017103471890604,-0.002348916396730405,29.6117951364739,29.57208268380344,-0.03971245267046086,0.031185103063050924,7.016648189186458e-06
15240.0,4.233333333333333,0.8987890517730474,0.8964407535611951,0.8963623472768482,-0.0024267044961991946,29.58576301424478,29.583248791855056,-0.0025142223897240967,0.031185103063050924,7.016648189186458e-06
15300.0,4.25,0.893580718439714,0.8911252073449717,0.8920490089274284,-0.0015317095122855395,29.564500829379888,29.594123998512565,0.029623169132676708,0.031185103063050924,7.016648189186458e-06
15360.0,4.266666666666667,0.8884342635857907,0.8868983143562472,0.8860393233569853,-0.0023949402288053756,29.54759325742499,29.52004834286995,-0.02754491455504038,0.031185103063050924,7.016648189186458e-06
15420.0,4.283333333333333,0.8833469828248013,0.8809693291279764,0.8795723679607853,-0.0037746148640159793,29.523877316511907,29.4790815316666,-0.044795784845305775,0.031185103063050924,7.016648189186458e-06
15480.0,4.3,0.8783135855784598,0.8745271489316261,0.8748377405242405,-0.003475845054219384,29.498108595726503,29.508068209840538,0.009959614114034565,0.031185103063050924,7.016648189186458e-06
15540.0,4.316666666666666,0.8733264263003281,0.8698511644329023,0.8700399649856656,-0.003286461314662481,29.47940465773161,29.48545884816932,0.0060541904377089395,0.031185103063050924,7.016648189186458e-06
15600.0,4.333333333333333,0.868375838622883,0.8651026127311968,0.8658730302693503,-0.0025028083535327816,29.460410450924787,29.485115116373407,0.02470466544862049,0.031185103063050924,7.016648189186458e-06
15660.0,4.35,0.8634505578241614,0.8609428359500525,0.8616933204547917,-0.001757237369369613,29.44377134380021,29.467836824783934,0.02406548098372241,0.031185103063050924,7.016648189186458e-06
15720.0,4.366666666666666,0.8585382131501638,0.8568087438454275,0.8562718011830619,-0.0022664119671018668,29.427234975381708,29.41001705369391,-0.017217921687798565,0.031185103063050924,7.016648189186458e-06
15780.0,4.383333333333334,0.8536258684761663,0.8513436359632021,0.8511492619436423,-0.002476606532524017,29.40537454385281,29.399141631325094,-0.006232912527714518,0.031185103063050924,7.016648189186458e-06
15840.0,4.4,0.8487005876774447,0.8462165596224902,0.8467121991486734,-0.0019883885287713676,29.384866238489963,29.400759709330224,0.01589347084026116,0.031185103063050924,7.016648189186458e-06
15900.0,4.416666666666667,0.8437499999999994,0.8417719991409149,0.8420601031372896,-0.0016898968627098165,29.36708799656366,29.376326510087,0.009238513523339265,0.031185103063050924,7.016648189186458e-06
15960.0,4.433333333333334,0.8387628407218678,0.837066212485251,0.8382774535815046,-0.0004853871403631693,29.348264849941003,29.3871052249048,0.03884037496379733,0.031185103063050924,7.016648189186458e-06
16020.0,4.45,0.8337294434755261,0.8332355175073576,0.8340888924184213,0.0003594489428951908,29.332942070029432,29.360306895771338,0.027364825741905463,0.031185103063050924,7.016648189186458e-06
16080.0,4.466666666666667,0.8286421627145368,0.8290175541109238,0.8283212070240231,-0.0003209556905137134,29.316070216443695,29.293740737990703,-0.022329478452991935,0.031185103063050924,7.016648189186458e-06
16140.0,4.483333333333333,0.8234957078606137,0.8231774909077842,0.822210930443812,-0.0012847774168016635,29.292709963631136,29.261715662858165,-0.030994300772970718,0.031185103063050924,7.016648189186458e-06
16200.0,4.5,0.8272159459558517,0.8259105656814766,0.8251902807163924,-0.00202566523945924,29.303642262725905,29.280545178081745,-0.02309708464416005,0.031185103063050924,7.016648189186458e-06
16260.0,4.516666666666667,0.8308929903414327,0.8288761380908375,0.8285512565668824,-0.0023417337745502698,29.31550455236335,29.30508670884049,-0.010417843522859016,0.031185103063050924,7.016648189186458e-06
16320.0,4.533333333333333,0.8345294543735124,0.8321817066827505,0.8329495726203319,-0.0015798817531805787,29.328726826731003,29.3533496710432,0.024622844312197856,0.031185103063050924,7.016648189186458e-06
16380.0,4.55,0.8381304470132278,0.8365522251989695,0.8367653107046047,-0.001365136308623116,29.34620890079588,29.35304182692745,0.006832926131568939,0.031185103063050924,7.016648189186458e-06
16440.0,4.566666666666666,0.841703342487858,0.8403360722759863,0.8405410596243541,-0.0011622828635039495,29.361344289103947,29.36791753492434,0.0065732458203946464,0.031185103063050924,7.016648189186458e-06
16500.0,4.583333333333333,0.8452574474655986,0.8440933320174746,0.8440730830930062,-0.0011843643725923947,29.3763733280699,29.37572401405521,-0.0006493140146908161,0.031185103063050924,7.016648189186458e-06
16560.0,4.6,0.8488035803413347,0.8476072769279545,0.8473502867510821,-0.0014532935902525912,29.390429107711817,29.38218830836757,-0.008240799344246597,0.031185103063050924,7.016648189186458e-06
16620.0,4.616666666666666,0.8523535810886975,0.8509084557973572,0.8509969682916815,-0.0013566127970160435,29.40363382318943,29.40647211729881,0.0028382941093809677,0.031185103063050924,7.016648189186458e-06
16680.0,4.633333333333334,0.8559197731846624,0.8545620293925485,0.8549505934683855,-0.0009691797162768578,29.418248117570194,29.43070804354996,0.01245992597976553,0.031185103063050924,7.016648189186458e-06
16740.0,4.65,0.8595144012235814,0.8585631757391645,0.8601626529811013,0.0006482517575199243,29.43425270295666,29.48554248829753,0.05128978534087025,0.031185103063050924,7.016648189186458e-06
16800.0,4.666666666666667,0.863149068915526,0.8638126463376778,0.8629758216036899,-0.00017324731183609998,29.45525058535071,29.42841646739715,-0.026834117953562497,0.031185103063050924,7.016648189186458e-06
16860.0,4.683333333333334,0.8668342021619354,0.866678980639035,0.8677888911636144,0.0009546890016789433,29.46671592255614,29.50230697134425,0.0355910487881097,0.031185103063050924,7.016648189186458e-06
16920.0,4.7,0.8705785608198631,0.8715199110752371,0.871633271839644,0.0010547110197809406,29.486079644300947,29.489714737767777,0.003635093466829886,0.031185103063050924,7.016648189186458e-06
16980.0,4.716666666666667,0.874388820651759,0.8754385717340629,0.8760461196730868,0.0016572990213277183,29.50175428693625,29.52123627927713,0.019481992340878662,0.031185103063050924,7.016648189186458e-06
17040.0,4.733333333333333,0.8782692439030927,0.8799284529545993,0.8805713326914137,0.002302088788321055,29.5197138118184,29.54032877453039,0.020614962711992035,0.031185103063050924,7.016648189186458e-06
17100.0,4.75,0.8822214530886303,0.8845090293852136,0.8842361710398821,0.0020147179512517432,29.538036117540855,29.52928648010083,-0.008749637440025992,0.031185103063050924,7.016648189186458e-06
17160.0,4.766666666666667,0.8862443180685372,0.88824669872874,0.8865184296046523,0.00027411153611511807,29.55298679491496,29.497567092738784,-0.05541970217617731,0.031185103063050924,7.016648189186458e-06
17220.0,4.783333333333333,0.8903339615543068,0.8906116514169622,0.889875345825745,-0.000458615728561762,29.562446605667848,29.53883579412977,-0.023610811538077314,0.031185103063050924,7.016648189186458e-06
17280.0,4.8,0.8944838830176871,0.8939976484182218,0.8935968663000589,-0.0008870167176282528,29.575990593672888,29.56313887670557,-0.012851716967318794,0.031185103063050924,7.016648189186458e-06
17340.0,4.816666666666666,0.8986851958090937,0.8977918622407813,0.8979556312703462,-0.0007295645387475069,29.591167448963127,29.596418963740348,0.005251514777221189,0.031185103063050924,7.016648189186458e-06
17400.0,4.833333333333333,0.9029269673512055,0.9021877151826331,0.9034566487893011,0.0005296814380956194,29.60875086073053,29.649441237930905,0.04069037720037372,0.031185103063050924,7.016648189186458e-06
17460.0,4.85,0.9071966477744574,0.9077425954031227,0.9086097417910295,0.0014130940165720807,29.630970381612492,29.658776811693983,0.02780643008149042,0.031185103063050924,7.016648189186458e-06
17520.0,4.866666666666666,0.9114805685005544,0.9128833786369871,0.9134891344783604,0.002008565977806076,29.65153351454795,29.67095804042329,0.019424525875340493,0.031185103063050924,7.016648189186458e-06
17580.0,4.883333333333334,0.9157644892266512,0.9177711866892266,0.9166135706623121,0.00084908143566087,29.671084746756907,29.633963945053157,-0.03712080170375032,0.031185103063050924,7.016648189186458e-06
17640.0,4.9,0.9200341696499033,0.9208998105820142,0.9209766545662216,0.0009424849163183202,29.683599242328057,29.68606336707544,0.002464124747383778,0.031185103063050924,7.016648189186458e-06
17700.0,4.916666666666667,0.9242759411920151,0.9252188150346864,0.924167496504363,-0.00010844468765203175,29.700875260138744,29.667163056969244,-0.0337122031695003,0.031185103063050924,7.016648189186458e-06
17760.0,4.933333333333334,0.9284772539834212,0.9283867677094746,0.9291361202141067,0.0006588662306855619,29.713547070837897,29.737576252435183,0.024029181597285287,0.031185103063050924,7.016648189186458e-06
17820.0,4.95,0.932627175446802,0.9332825490734706,0.9325468254411297,-8.035000567230277e-05,29.73313019629388,29.70953804619409,-0.023592150099791098,0.031185103063050924,7.016648189186458e-06
17880.0,4.966666666666667,0.9367168189325714,0.9366552876510371,0.9360884541782052,-0.0006283647543662285,29.74662115060415,29.728444732469956,-0.018176418134192573,0.031185103063050924,7.016648189186458e-06
17940.0,4.983333333333333,0.9407396839124782,0.9401243667429497,0.9404900197785718,-0.00024966413390636877,29.7604974669718,29.77222271395536,0.011725246983562698,0.031185103063050924,7.016648189186458e-06
18000.0,5.0,0.9446918930980158,0.9444423900303628,0.9453905337465164,0.0006986406485005592,29.777769560121452,29.80817329854222,0.030403738420766047,0.031185103063050924,7.016648189186458e-06
18060.0,5.016666666666667,0.9485723163493496,0.9492808420533424,0.9486912705593434,0.00011895420999386008,29.79712336821337,29.77821781921432,-0.018905548999050836,0.031185103063050924,7.016648189186458e-06
18120.0,5.033333333333333,0.9523825761812457,0.952490911054588,0.9518860474719564,-0.00049652870928929,29.809963644218353,29.790567730040717,-0.019395914177636087,0.031185103063050924,7.016648189186458e-06
18180.0,5.05,0.9561269348391732,0.9556065922884422,0.9567322200922336,0.0006052852530603614,29.822426369153767,29.858521417533613,0.03609504837984545,0.031185103063050924,7.016648189186458e-06
18240.0,5.066666666666666,0.9598120680855825,0.9604209652811881,0.9604408795338658,0.0006288114482833063,29.841683861124753,29.842322443355425,0.0006385822306711475,0.031185103063050924,7.016648189186458e-06
18300.0,5.083333333333333,0.963446735777527,0.9640905901842015,0.9645446391838094,0.0010979034062823523,29.856362360736806,29.87092216509884,0.01455980436203319,0.031185103063050924,7.016648189186458e-06
18360.0,5.1,0.9670413638164461,0.9681493653170525,0.9687774681908978,0.001736104374451708,29.87259746126821,29.89273858033315,0.020141119064938096,0.031185103063050924,7.016648189186458e-06
18420.0,5.116666666666666,0.970607555912411,0.9723660588622451,0.971581068374616,0.0009735124622050062,29.88946423544898,29.864292265164256,-0.025171970284723955,0.031185103063050924,7.016648189186458e-06
18480.0,5.133333333333334,0.9741575566597735,0.9751341863788745,0.9742881627420117,0.0001306060822381383,29.9005367455155,29.87340765008964,-0.027129095425859617,0.031185103063050924,7.016648189186458e-06
18540.0,5.15,0.97770368953551,0.9778484998915038,0.9783769573707608,0.0006732678352507904,29.911393999566016,29.92833983034261,0.016945830776592175,0.031185103063050924,7.016648189186458e-06
18600.0,5.166666666666667,0.9812577945132505,0.9819250201833837,0.9810173448240335,-0.00024044968921699272,29.927700080733533,29.89859402462992,-0.02910605610361472,0.031185103063050924,7.016648189186458e-06
18660.0,5.183333333333334,0.984830689987881,0.984579334940697,0.9846085838497011,-0.00022210613817996716,29.93831733976279,29.9392552526164,0.0009379128536117776,0.031185103063050924,7.016648189186458e-06
18720.0,5.2,0.9884316826275963,0.9882089818062576,0.9861855207565888,-0.002246161871007457,29.95283592722503,29.887950425786165,-0.06488550143886584,0.031185103063050924,7.016648189186458e-06
18780.0,5.216666666666667,0.992068146659676,0.9898049546783568,0.990947435842558,-0.0011207108171180646,29.95921981871343,29.995855296938117,0.03663547822468871,0.031185103063050924,7.016648189186458e-06
18840.0,5.233333333333333,0.995745191045257,0.9946257838636026,0.9955184276789162,-0.00022676336634086525,29.97850313545441,30.0071271811569,0.028624045702489553,0.031185103063050924,7.016648189186458e-06
18900.0,5.25,0.9994654291404952,0.9992481650541251,1.0,0.0005345708595048126,29.9969926602165,30.05133053034312,0.05433787012661995,0.031185103063050924,7.016648189186458e-06
18960.0,5.266666666666667,1.0,1.0,0.9994929457541644,-0.0005070542458356364,30.0,29.98374049799321,-0.016259502006789717,0.031185103063050924,7.016648189186458e-06
19020.0,5.283333333333333,1.0,1.0,0.9984826029327775,-0.0015173970672225368,30.0,29.951342246195093,-0.04865775380490689,0.031185103063050924,7.016648189186458e-06
19080.0,5.3,1.0,1.0,0.999544279402077,-0.0004557205979229817,30.0,29.985386593175544,-0.014613406824455666,0.031185103063050924,7.016648189186458e-06
19140.0,5.316666666666666,1.0,1.0,0.9980493453303598,-0.0019506546696401728,30.0,29.937449151099603,-0.06255084890039697,0.031185103063050924,7.016648189186458e-06
19200.0,5.333333333333333,1.0,1.0,1.0,0.0,30.0,30.001381744157317,0.0013817441573173994,0.031185103063050924,7.016648189186458e-06
19260.0,5.35,1.0,1.0,1.0,0.0,30.0,30.014080819788624,0.01408081978862441,0.031185103063050924,7.016648189186458e-06
19320.0,5.366666666666666,1.0,1.0,0.9990983371436946,-0.0009016628563054407,30.0,29.97108674438297,-0.028913255617030842,0.031185103063050924,7.016648189186458e-06
19380.0,5.383333333333334,1.0,1.0,1.0,0.0,30.0,30.02983051404373,0.029830514043730716,0.031185103063050924,7.016648189186458e-06
19440.0,5.4,1.0,1.0,1.0,0.0,30.0,30.021389922760356,0.021389922760356228,0.031185103063050924,7.016648189186458e-06
19500.0,5.416666666666667,1.0,1.0,1.0,0.0,30.0,30.0423395095763,0.04233950957630128,0.031185103063050924,7.016648189186458e-06
19560.0,5.433333333333334,0.9950128407218682,0.9950417775978677,0.9937930616714156,-0.001219779050452674,29.98016711039147,29.940125045309067,-0.040042065082403155,0.031185103063050924,7.016648189186458e-06
19620.0,5.45,0.9899794434755268,0.9887652999835859,0.9897871706246304,-0.00019227285089640223,29.95506119993434,29.98782910963079,0.03276790969644949,0.031185103063050924,7.016648189186458e-06
19680.0,5.466666666666667,0.9848921627145372,0.984682598456122,0.9845636043075792,-0.00032855840695800165,29.93873039382449,29.93491465692273,-0.0038157369017604026,0.031185103063050924,7.016648189186458e-06
19740.0,5.483333333333333,0.9797457078606141,0.9794018924811959,0.9794497599719165,-0.0002959478886975786,29.917607569924783,29.91914251725601,0.0015349473312262774,0.031185103063050924,7.016648189186458e-06
19800.0,5.5,0.9745373745272806,0.9742548238423785,0.9742078281452398,-0.0003295463820408573,29.897019295369514,29.895512303488047,-0.001506991881466746,0.031185103063050924,7.016648189186458e-06
19860.0,5.516666666666667,0.9692671627145372,0.9689390918188556,0.9712184916237476,0.001951328909210459,29.87575636727542,29.948848952548698,0.073092585273276,0.031185103063050924,7.016648189186458e-06
19920.0,5.533333333333333,0.9639377768088601,0.9658965920013772,0.9647629714991494,0.0008251946902892993,29.86358636800551,29.82723502101987,-0.03635134698564002,0.031185103063050924,7.016648189186458e-06
19980.0,5.55,0.9585545073885348,0.959384381178459,0.9593920028499986,0.000837495461463833,29.837537524713838,29.837781925751223,0.0002444010373849892,0.031185103063050924,7.016648189186458e-06
20040.0,5.566666666666666,0.9531249999999996,0.9539630351637769,0.9543124270176048,0.0011874270176052137,29.815852140655107,29.82705594694433,0.011203806289223905,0.031185103063050924,7.016648189186458e-06
20100.0,5.583333333333333,0.947658921010778,0.9488343294214693,0.9484803935097619,0.0008214724989838995,29.795337317685878,29.78398779894317,-0.011349518742708398,0.031185103063050924,7.016648189186458e-06
20160.0,5.6,0.9421675351428332,0.9430165476377136,0.9411239568778443,-0.0010435782649889092,29.772066190550856,29.711377253398947,-0.06068893715190882,0.031185103063050924,7.016648189186458e-06
20220.0,5.616666666666666,0.936663213150164,0.9356136036996312,0.935880777306052,-0.0007824358441119728,29.742454414798523,29.75102176203097,0.008567347232446565,0.031185103063050924,7.016648189186458e-06
20280.0,5.633333333333334,0.9311588911574948,0.9303721230937451,0.9303054081942205,-0.0008534829632743657,29.72148849237498,29.71934917286112,-0.002139319513862148,0.031185103063050924,7.016648189186458e-06
20340.0,5.65,0.9256675052895499,0.9248222191763369,0.9238609364644343,-0.0018065688251155398,29.699288876705346,29.668463815458665,-0.03082506124668072,0.031185103063050924,7.016648189186458e-06
20400.0,5.666666666666667,0.9202014263003282,0.9184107449841596,0.9198409130276158,-0.00036051327271235944,29.673642979936638,29.71950359615986,0.045860616223222905,0.031185103063050924,7.016648189186458e-06
20460.0,5.683333333333334,0.9147719189117932,0.9144338163912126,0.9132930497051324,-0.0014788692066608489,29.65773526556485,29.621154764811852,-0.036580500752997125,0.031185103063050924,7.016648189186458e-06
20520.0,5.7,0.909388649491468,0.9078785442397928,0.9078469194769305,-0.0015417300145375012,29.631514176959172,29.63050007856744,-0.0010140983917317214,0.031185103063050924,7.016648189186458e-06
20580.0,5.716666666666667,0.9040592635857908,0.9024974242074812,0.903777577144962,-0.0002816864408288211,29.609989696829924,29.65103983974247,0.04105014291254605,0.031185103063050924,7.016648189186458e-06
20640.0,5.733333333333333,0.8987890517730474,0.8984924993221708,0.8986360276871168,-0.00015302408593054206,29.59396999728868,29.598572462916447,0.004602465627765895,0.031185103063050924,7.016648189186458e-06
20700.0,5.75,0.893580718439714,0.8934432696442554,0.8919476636973771,-0.0016330547423368813,29.57377307857702,29.525814091753908,-0.047958986823111616,0.031185103063050924,7.016648189186458e-06
20760.0,5.766666666666667,0.8884342635857907,0.8867844089870497,0.8877104910955692,-0.0007237724902214859,29.5471376359482,29.576833933781405,0.02969629783320471,0.031185103063050924,7.016648189186458e-06
20820.0,5.783333333333333,0.8833469828248013,0.8826194726230768,0.8822763126086306,-0.0010706702161706882,29.530477890492307,29.51947391805866,-0.01100397243364526,0.031185103063050924,7.016648189186458e-06
20880.0,5.8,0.8783135855784598,0.8772422896778695,0.877464305263091,-0.0008492803153687944,29.50896915871148,29.51608844206843,0.007119283356949779,0.031185103063050924,7.016648189186458e-06
20940.0,5.816666666666666,0.8733264263003281,0.8724652844876579,0.8720896798592979,-0.0012367464410302231,29.489861137950633,29.477816777295462,-0.012044360655171005,0.031185103063050924,7.016648189186458e-06
21000.0,5.833333333333333,0.868375838622883,0.8671226903771584,0.8681863121926529,-0.00018952643023018023,29.468490761508633,29.502597489113285,0.03410672760465161,0.031185103063050924,7.016648189186458e-06
21060.0,5.85,0.8634505578241614,0.8632762636153297,0.8620106435533627,-0.0014399142707987034,29.453105054461318,29.41252093134945,-0.04058412311186643,0.031185103063050924,7.016648189186458e-06
21120.0,5.866666666666666,0.8585382131501638,0.8570844934538553,0.8579954404753398,-0.0005427726748239436,29.42833797381542,29.457548940976334,0.02921096716091398,0.031185103063050924,7.016648189186458e-06
21180.0,5.883333333333334,0.8536258684761663,0.8530594910253773,0.8530213675625752,-0.0006045009135910995,29.412237964101507,29.411015474545355,-0.0012224895561523397,0.031185103063050924,7.016648189186458e-06
21240.0,5.9,0.8487005876774447,0.8480946253679525,0.8472386922859598,-0.001461895391484891,29.39237850147181,29.364931643904523,-0.027446857567287708,0.031185103063050924,7.016648189186458e-06
21300.0,5.916666666666667,0.8437499999999994,0.8422749432568836,0.8434843687252637,-0.0002656312747357781,29.369099773027536,29.407881926991717,0.038782153964181276,0.031185103063050924,7.016648189186458e-06
21360.0,5.933333333333334,0.8387628407218678,0.8384942701195888,0.8394408566231253,0.0006780159012574893,29.353977080478355,29.38433088439629,0.030353803917936517,0.031185103063050924,7.016648189186458e-06
21420.0,5.95,0.8337294434755261,0.8344112579623133,0.8344442423817621,0.0007147989062359361,29.337645031849252,29.338702729795035,0.0010576979457823654,0.031185103063050924,7.016648189186458e-06
21480.0,5.966666666666667,0.8286421627145368,0.829356840320926,0.8280913430795186,-0.0005508196350182404,29.317427361283706,29.276847176608708,-0.040580184674997355,0.031185103063050924,7.016648189186458e-06
21540.0,5.983333333333333,0.8234957078606137,0.8229533491858936,0.8212480872263719,-0.002247620634241776,29.291813396743574,29.23713145594402,-0.05468194079955424,0.031185103063050924,7.016648189186458e-06
21600.0,6.0,0.8272159459558517,0.8249618754448471,0.8260792453099239,-0.0011367006459277462,29.29984750177939,29.33567774620147,0.035830244422079716,0.031185103063050924,7.016648189186458e-06
