scenario_id,fault_type,rank,feature,shap_value
1,solar_array_degradation,1,solar_relative_residual,0.18196643003947527
1,solar_array_degradation,2,physics_pred_solar_array_degradation,0.07767156026803604
1,solar_array_degradation,3,battery_temp_measured,0.07051262089480229
1,solar_array_degradation,4,battery_current_measured,0.04416554191326973
1,solar_array_degradation,5,ml_power_ratio,0.039288892342453224
2,solar_array_degradation,1,solar_relative_residual,0.19241690786837987
2,solar_array_degradation,2,physics_pred_solar_array_degradation,0.08923503304304155
2,solar_array_degradation,3,battery_current_measured,0.037263691962087175
2,solar_array_degradation,4,ml_power_ratio,0.02917472361776428
2,solar_array_degradation,5,solar_power_w,0.025687967704417343
3,solar_array_degradation,1,solar_relative_residual,0.18322907006436467
3,solar_array_degradation,2,physics_pred_solar_array_degradation,0.09068177594743915
3,solar_array_degradation,3,rule_pred_solar_array_degradation,0.08998922011764385
3,solar_array_degradation,4,rule_confidence,0.043174221278723834
3,solar_array_degradation,5,rule_pred_battery_voltage_sensor_drift,0.03248764854918747
4,solar_array_degradation,1,solar_relative_residual,0.18861261510112282
4,solar_array_degradation,2,rule_pred_solar_array_degradation,0.08023845549365882
4,solar_array_degradation,3,battery_temp_measured,0.06894657299161339
4,solar_array_degradation,4,rule_pred_battery_voltage_sensor_drift,0.039626379045693744
4,solar_array_degradation,5,ml_power_ratio,0.03909379683287835
5,solar_array_degradation,1,solar_relative_residual,0.17047908811363327
5,solar_array_degradation,2,rule_pred_solar_array_degradation,0.0830496095005983
5,solar_array_degradation,3,battery_temp_measured,0.06032475434327762
5,solar_array_degradation,4,rule_confidence,0.03964624631900233
5,solar_array_degradation,5,rule_pred_battery_voltage_sensor_drift,0.038444595878238584
6,solar_array_degradation,1,solar_relative_residual,0.1911558948710464
6,solar_array_degradation,2,physics_pred_solar_array_degradation,0.078295815804816
6,solar_array_degradation,3,battery_temp_measured,0.0679921721640602
6,solar_array_degradation,4,battery_current_measured,0.04314564335633275
6,solar_array_degradation,5,ml_power_ratio,0.03938518441063694
7,solar_array_degradation,1,solar_relative_residual,0.1751241232898075
7,solar_array_degradation,2,rule_pred_solar_array_degradation,0.09217317403939165
7,solar_array_degradation,3,physics_pred_solar_array_degradation,0.09157464587589141
7,solar_array_degradation,4,rule_confidence,0.04219391064784488
7,solar_array_degradation,5,rule_pred_battery_voltage_sensor_drift,0.032762045103337405
8,solar_array_degradation,1,solar_relative_residual,0.18434970097168782
8,solar_array_degradation,2,rule_pred_solar_array_degradation,0.0830392336032298
8,solar_array_degradation,3,rule_confidence,0.040023031579501274
8,solar_array_degradation,4,rule_pred_battery_voltage_sensor_drift,0.03743470928041361
8,solar_array_degradation,5,battery_temp_measured,0.03551066072199044
9,solar_array_degradation,1,solar_relative_residual,0.1939082854766701
9,solar_array_degradation,2,physics_pred_solar_array_degradation,0.08124235556817867
9,solar_array_degradation,3,battery_temp_measured,0.0664214431287742
9,solar_array_degradation,4,battery_current_measured,0.045167320374782625
9,solar_array_degradation,5,ml_power_ratio,0.04015922438175543
10,solar_array_degradation,1,solar_relative_residual,0.19200364708523673
10,solar_array_degradation,2,physics_pred_solar_array_degradation,0.08021310135077848
10,solar_array_degradation,3,battery_temp_measured,0.07420973213498545
10,solar_array_degradation,4,battery_current_measured,0.04557268009720663
10,solar_array_degradation,5,ml_power_ratio,0.039709578277728474
11,solar_array_degradation,1,solar_relative_residual,0.1605686845824381
11,solar_array_degradation,2,rule_pred_solar_array_degradation,0.08176116807616328
11,solar_array_degradation,3,rule_confidence,0.036590357144259074
11,solar_array_degradation,4,rule_pred_battery_voltage_sensor_drift,0.03471701401698808
11,solar_array_degradation,5,battery_current_measured,0.03299800742597576
12,solar_array_degradation,1,solar_relative_residual,0.1621130509086859
12,solar_array_degradation,2,rule_pred_solar_array_degradation,0.0873654988177322
12,solar_array_degradation,3,physics_pred_solar_array_degradation,0.08280280345379444
12,solar_array_degradation,4,rule_confidence,0.03894523645303375
12,solar_array_degradation,5,rule_detected,0.033378309986422224
13,solar_array_degradation,1,solar_relative_residual,0.16108614447075092
13,solar_array_degradation,2,rule_pred_solar_array_degradation,0.08741464204915315
13,solar_array_degradation,3,physics_pred_solar_array_degradation,0.08477265849146269
13,solar_array_degradation,4,rule_confidence,0.03925057756774334
13,solar_array_degradation,5,rule_detected,0.035602813382575225
14,solar_array_degradation,1,solar_relative_residual,0.19413185468321012
14,solar_array_degradation,2,physics_pred_solar_array_degradation,0.08178407573273654
14,solar_array_degradation,3,battery_temp_measured,0.0583163579236848
14,solar_array_degradation,4,battery_current_measured,0.04539709955885833
14,solar_array_degradation,5,ml_power_ratio,0.04019412687994126
15,solar_array_degradation,1,solar_relative_residual,0.16101420770289118
15,solar_array_degradation,2,rule_pred_solar_array_degradation,0.08700522046265698
15,solar_array_degradation,3,physics_pred_solar_array_degradation,0.08493977745020588
15,solar_array_degradation,4,rule_confidence,0.04187498376777772
15,solar_array_degradation,5,rule_pred_battery_voltage_sensor_drift,0.03614739473616196
16,solar_array_degradation,1,solar_relative_residual,0.19045624846487877
16,solar_array_degradation,2,physics_pred_solar_array_degradation,0.08285872767875666
16,solar_array_degradation,3,battery_temp_measured,0.0734764277599561
16,solar_array_degradation,4,battery_current_measured,0.04476411428728363
16,solar_array_degradation,5,ml_power_ratio,0.03725522005100529
17,solar_array_degradation,1,solar_relative_residual,0.16857644275098788
17,solar_array_degradation,2,rule_pred_solar_array_degradation,0.08364895107628728
17,solar_array_degradation,3,physics_pred_solar_array_degradation,0.08284306659133145
17,solar_array_degradation,4,rule_confidence,0.04057480152393
17,solar_array_degradation,5,battery_temp_measured,0.03705323384963035
18,solar_array_degradation,1,solar_relative_residual,0.1840410059414449
18,solar_array_degradation,2,physics_pred_solar_array_degradation,0.08542159917821003
18,solar_array_degradation,3,battery_current_measured,0.03933025194571941
18,solar_array_degradation,4,ml_power_ratio,0.028516698675113628
18,solar_array_degradation,5,rule_pred_battery_voltage_sensor_drift,0.02657119346998895
19,solar_array_degradation,1,solar_relative_residual,0.17690740896469018
19,solar_array_degradation,2,rule_pred_solar_array_degradation,0.09074873717644102
19,solar_array_degradation,3,rule_confidence,0.037088063978393745
19,solar_array_degradation,4,rule_pred_battery_voltage_sensor_drift,0.034110429842666115
19,solar_array_degradation,5,battery_current_measured,0.033187051058533514
20,solar_array_degradation,1,solar_relative_residual,0.18403135111178182
20,solar_array_degradation,2,physics_pred_solar_array_degradation,0.07873390510262915
20,solar_array_degradation,3,battery_temp_measured,0.06365111075286933
20,solar_array_degradation,4,battery_current_measured,0.03849493346854872
20,solar_array_degradation,5,ml_power_ratio,0.03389136490816398
21,battery_degradation,1,physics_confidence,0.07057403328115007
21,battery_degradation,2,physics_pred_battery_degradation,0.058569237476713595
21,battery_degradation,3,physics_pred_reaction_wheel_degradation,0.05374970408648981
21,battery_degradation,4,rule_pred_battery_voltage_sensor_drift,0.04062172281776301
21,battery_degradation,5,battery_temp_measured,0.04026162589910639
22,battery_degradation,1,rule_pred_battery_voltage_sensor_drift,0.07235374329871548
22,battery_degradation,2,battery_soc_measured,0.07042748705238713
22,battery_degradation,3,battery_voltage_measured,0.06950715562515135
22,battery_degradation,4,battery_temp_measured,0.0682871059273314
22,battery_degradation,5,rule_confidence,0.044827825954770875
23,battery_degradation,1,physics_confidence,0.10237812729651707
23,battery_degradation,2,physics_pred_battery_degradation,0.07349518757527873
23,battery_degradation,3,battery_innovation_v,0.06572972967983025
23,battery_degradation,4,physics_pred_reaction_wheel_degradation,0.05189500845436686
23,battery_degradation,5,rule_pred_battery_voltage_sensor_drift,0.03447132024106449
24,battery_degradation,1,physics_confidence,0.12374369776863223
24,battery_degradation,2,physics_pred_battery_degradation,0.07350699969539021
24,battery_degradation,3,battery_temp_measured,0.06370295078814957
24,battery_degradation,4,battery_innovation_v,0.06273217388012986
24,battery_degradation,5,physics_pred_reaction_wheel_degradation,0.05427976811362256
25,battery_degradation,1,physics_confidence,0.08676854972606794
25,battery_degradation,2,battery_innovation_v,0.06280110015785866
25,battery_degradation,3,physics_pred_battery_degradation,0.062014125931404394
25,battery_degradation,4,physics_pred_reaction_wheel_degradation,0.05056116127853317
25,battery_degradation,5,rule_pred_battery_voltage_sensor_drift,0.037243137562489995
26,battery_degradation,1,physics_confidence,0.08678617217917904
26,battery_degradation,2,battery_temp_measured,0.06081546954106103
26,battery_degradation,3,battery_innovation_v,0.059888061021544474
26,battery_degradation,4,physics_pred_battery_degradation,0.05733948634970949
26,battery_degradation,5,physics_pred_reaction_wheel_degradation,0.05060097864114598
27,battery_degradation,1,physics_confidence,0.08198532980945619
27,battery_degradation,2,physics_pred_reaction_wheel_degradation,0.06104361485613459
27,battery_degradation,3,physics_pred_battery_degradation,0.0608955567284451
27,battery_degradation,4,battery_temp_measured,0.05128229624902325
27,battery_degradation,5,rule_pred_battery_voltage_sensor_drift,0.037776141998389454
28,battery_degradation,1,battery_soc_measured,0.07413580292723074
28,battery_degradation,2,rule_pred_battery_voltage_sensor_drift,0.07346891991912739
28,battery_degradation,3,battery_voltage_measured,0.07143068701580514
28,battery_degradation,4,battery_temp_measured,0.06886848029596615
28,battery_degradation,5,rule_confidence,0.047955898551732455
29,battery_degradation,1,physics_confidence,0.12219789213794895
29,battery_degradation,2,physics_pred_battery_degradation,0.08417464621296115
29,battery_degradation,3,battery_innovation_v,0.06634984037026026
29,battery_degradation,4,physics_pred_reaction_wheel_degradation,0.0541594179112777
29,battery_degradation,5,physics_detected,0.043557701538756044
30,battery_degradation,1,physics_confidence,0.10839574251994372
30,battery_degradation,2,battery_innovation_v,0.07196253325166152
30,battery_degradation,3,physics_pred_battery_degradation,0.07088072843099923
30,battery_degradation,4,physics_pred_reaction_wheel_degradation,0.05191793191660324
30,battery_degradation,5,rule_pred_battery_voltage_sensor_drift,0.03665257317921046
31,battery_degradation,1,physics_confidence,0.09153635029543124
31,battery_degradation,2,battery_innovation_v,0.06783889898651159
31,battery_degradation,3,physics_pred_battery_degradation,0.06531081300849904
31,battery_degradation,4,physics_pred_reaction_wheel_degradation,0.05148227817943812
31,battery_degradation,5,rule_pred_battery_voltage_sensor_drift,0.037278429168221626
32,battery_degradation,1,physics_confidence,0.08575835342421007
32,battery_degradation,2,physics_pred_battery_degradation,0.06775110645550748
32,battery_degradation,3,battery_innovation_v,0.06144580633994497
32,battery_degradation,4,physics_pred_reaction_wheel_degradation,0.060136247697018114
32,battery_degradation,5,battery_temp_measured,0.044595245543978985
33,battery_degradation,1,physics_confidence,0.11546070579645279
33,battery_degradation,2,physics_pred_battery_degradation,0.07812602159790182
33,battery_degradation,3,battery_temp_measured,0.06558138901769242
33,battery_degradation,4,physics_pred_reaction_wheel_degradation,0.056560800627936336
33,battery_degradation,5,rule_pred_battery_voltage_sensor_drift,0.037515097528144
34,battery_degradation,1,physics_confidence,0.073465380399049
34,battery_degradation,2,physics_pred_battery_degradation,0.0644125523357445
34,battery_degradation,3,physics_pred_reaction_wheel_degradation,0.06069971013144097
34,battery_degradation,4,battery_temp_measured,0.05873798990512895
34,battery_degradation,5,battery_innovation_v,0.04883005250842449
35,battery_degradation,1,rule_pred_battery_voltage_sensor_drift,0.07169351344569759
35,battery_degradation,2,battery_soc_measured,0.069272408243242
35,battery_degradation,3,battery_temp_measured,0.06807926927141056
35,battery_degradation,4,battery_voltage_measured,0.06774182305230726
35,battery_degradation,5,rule_confidence,0.05480375881308316
36,battery_degradation,1,physics_confidence,0.060371788424225206
36,battery_degradation,2,physics_pred_reaction_wheel_degradation,0.05215416154364595
36,battery_degradation,3,physics_pred_battery_degradation,0.05175368378095784
36,battery_degradation,4,rule_pred_battery_voltage_sensor_drift,0.040371054817356776
36,battery_degradation,5,ml_battery_ratio,0.03354442664518658
37,battery_degradation,1,rule_pred_battery_voltage_sensor_drift,0.07379202414696634
37,battery_degradation,2,battery_soc_measured,0.07306734509471716
37,battery_degradation,3,battery_temp_measured,0.07253211262737923
37,battery_degradation,4,battery_voltage_measured,0.07133944015746614
37,battery_degradation,5,ml_battery_ratio,0.04977595091376773
38,battery_degradation,1,rule_pred_battery_voltage_sensor_drift,0.0653669187834133
38,battery_degradation,2,battery_soc_measured,0.06454172808390603
38,battery_degradation,3,battery_voltage_measured,0.06029918688844932
38,battery_degradation,4,rule_confidence,0.05461325092030522
38,battery_degradation,5,battery_temp_measured,0.05102916115246041
39,battery_degradation,1,physics_confidence,0.09629072213719518
39,battery_degradation,2,battery_innovation_v,0.07314469994330507
39,battery_degradation,3,physics_pred_battery_degradation,0.06584291667180563
39,battery_degradation,4,physics_pred_reaction_wheel_degradation,0.04819650329233293
39,battery_degradation,5,rule_pred_battery_voltage_sensor_drift,0.03617851389727658
40,battery_degradation,1,physics_confidence,0.060111027974571976
40,battery_degradation,2,battery_temp_measured,0.055994633309527246
40,battery_degradation,3,physics_pred_reaction_wheel_degradation,0.055462415367631614
40,battery_degradation,4,physics_pred_battery_degradation,0.05421862720839338
40,battery_degradation,5,rule_pred_battery_voltage_sensor_drift,0.041778854136393005
41,thermal_anomaly,1,electronics_temp_residual_c,0.19043030886699688
41,thermal_anomaly,2,battery_temp_residual_c,0.15084661094880733
41,thermal_anomaly,3,physics_pred_thermal_anomaly,0.1279734569200978
41,thermal_anomaly,4,electronics_temp_measured,0.0964103054798903
41,thermal_anomaly,5,battery_temp_measured,0.07086165268333153
42,thermal_anomaly,1,electronics_temp_residual_c,0.20867247364850602
42,thermal_anomaly,2,battery_temp_residual_c,0.15936802820836027
42,thermal_anomaly,3,physics_pred_thermal_anomaly,0.13628050442013276
42,thermal_anomaly,4,physics_confidence,0.022322560683223715
42,thermal_anomaly,5,rule_pred_battery_voltage_sensor_drift,0.02220180492148389
43,thermal_anomaly,1,electronics_temp_residual_c,0.19084000504472157
43,thermal_anomaly,2,battery_temp_residual_c,0.15280406006789757
43,thermal_anomaly,3,physics_pred_thermal_anomaly,0.12461510133313693
43,thermal_anomaly,4,electronics_temp_measured,0.09441226235035846
43,thermal_anomaly,5,battery_temp_measured,0.0728034311486889
44,thermal_anomaly,1,electronics_temp_residual_c,0.207596412745402
44,thermal_anomaly,2,battery_temp_residual_c,0.1614999667707429
44,thermal_anomaly,3,physics_pred_thermal_anomaly,0.13249653960658994
44,thermal_anomaly,4,rule_pred_battery_voltage_sensor_drift,0.02224512736803385
44,thermal_anomaly,5,physics_confidence,0.021437657128986255
45,thermal_anomaly,1,electronics_temp_residual_c,0.20668293058866313
45,thermal_anomaly,2,battery_temp_residual_c,0.15157407874571616
45,thermal_anomaly,3,physics_pred_thermal_anomaly,0.12893684241137401
45,thermal_anomaly,4,electronics_temp_measured,0.09866117872530605
45,thermal_anomaly,5,rule_pred_battery_voltage_sensor_drift,0.023831804671642733
46,thermal_anomaly,1,electronics_temp_residual_c,0.2093251345114752
46,thermal_anomaly,2,battery_temp_residual_c,0.157959745330331
46,thermal_anomaly,3,physics_pred_thermal_anomaly,0.1324551447269962
46,thermal_anomaly,4,rule_pred_battery_voltage_sensor_drift,0.020534278387197888
46,thermal_anomaly,5,physics_detected,0.02016068725557825
47,thermal_anomaly,1,electronics_temp_residual_c,0.20377513214570497
47,thermal_anomaly,2,battery_temp_residual_c,0.16368265313534439
47,thermal_anomaly,3,physics_pred_thermal_anomaly,0.1392536992965694
47,thermal_anomaly,4,physics_confidence,0.020399341451941343
47,thermal_anomaly,5,rule_pred_battery_voltage_sensor_drift,0.020134248929670605
48,thermal_anomaly,1,electronics_temp_residual_c,0.2159477190323979
48,thermal_anomaly,2,battery_temp_residual_c,0.1640986480483904
48,thermal_anomaly,3,physics_pred_thermal_anomaly,0.12686748945056206
48,thermal_anomaly,4,rule_pred_battery_voltage_sensor_drift,0.024726391825137122
48,thermal_anomaly,5,physics_pred_reaction_wheel_degradation,0.021982602199473573
49,thermal_anomaly,1,electronics_temp_residual_c,0.21221046121547166
49,thermal_anomaly,2,physics_pred_thermal_anomaly,0.11788146329235573
49,thermal_anomaly,3,rule_pred_battery_voltage_sensor_drift,0.024746252930691083
49,thermal_anomaly,4,wheel_temp_measured,0.021448387853241484
49,thermal_anomaly,5,physics_pred_reaction_wheel_degradation,0.019331748718147527
50,thermal_anomaly,1,electronics_temp_residual_c,0.18737923644167767
50,thermal_anomaly,2,battery_temp_residual_c,0.14995704432981152
50,thermal_anomaly,3,physics_pred_thermal_anomaly,0.1295032044099923
50,thermal_anomaly,4,electronics_temp_measured,0.09607766747502572
50,thermal_anomaly,5,battery_temp_measured,0.08140697184164566
51,thermal_anomaly,1,electronics_temp_residual_c,0.2002269625881783
51,thermal_anomaly,2,battery_temp_residual_c,0.16090447664832463
51,thermal_anomaly,3,physics_pred_thermal_anomaly,0.13002018042771735
51,thermal_anomaly,4,physics_confidence,0.020367428394139103
51,thermal_anomaly,5,rule_pred_battery_voltage_sensor_drift,0.02033980463434581
52,thermal_anomaly,1,electronics_temp_residual_c,0.20498795359923236
52,thermal_anomaly,2,battery_temp_residual_c,0.16370635153670454
52,thermal_anomaly,3,physics_pred_thermal_anomaly,0.12633652254554278
52,thermal_anomaly,4,rule_pred_battery_voltage_sensor_drift,0.023889105837522958
52,thermal_anomaly,5,physics_confidence,0.021486435116541525
53,thermal_anomaly,1,electronics_temp_residual_c,0.20584545282879105
53,thermal_anomaly,2,battery_temp_residual_c,0.16266636904626078
53,thermal_anomaly,3,physics_pred_thermal_anomaly,0.1317086639871471
53,thermal_anomaly,4,electronics_temp_measured,0.10195269898761994
53,thermal_anomaly,5,rule_pred_battery_voltage_sensor_drift,0.02359147604524119
54,thermal_anomaly,1,electronics_temp_residual_c,0.20450188200540753
54,thermal_anomaly,2,battery_temp_residual_c,0.16009741364780658
54,thermal_anomaly,3,physics_pred_thermal_anomaly,0.13091152859949431
54,thermal_anomaly,4,rule_pred_battery_voltage_sensor_drift,0.02061977606443976
54,thermal_anomaly,5,physics_confidence,0.020043494934462055
55,thermal_anomaly,1,electronics_temp_residual_c,0.2061711062174139
55,thermal_anomaly,2,battery_temp_residual_c,0.1502134303220162
55,thermal_anomaly,3,physics_pred_thermal_anomaly,0.13685949197795502
55,thermal_anomaly,4,physics_detected,0.024312065559816246
55,thermal_anomaly,5,physics_confidence,0.023727357041433726
56,thermal_anomaly,1,electronics_temp_residual_c,0.1942094219624226
56,thermal_anomaly,2,battery_temp_residual_c,0.15239455225862159
56,thermal_anomaly,3,physics_pred_thermal_anomaly,0.1263970892950929
56,thermal_anomaly,4,electronics_temp_measured,0.09642931758661206
56,thermal_anomaly,5,battery_temp_measured,0.04591616726787006
57,thermal_anomaly,1,electronics_temp_residual_c,0.20669918061564274
57,thermal_anomaly,2,battery_temp_residual_c,0.15443533840424736
57,thermal_anomaly,3,physics_pred_thermal_anomaly,0.135753262957315
57,thermal_anomaly,4,electronics_temp_measured,0.10323902163767881
57,thermal_anomaly,5,rule_pred_battery_voltage_sensor_drift,0.02275825000547386
58,thermal_anomaly,1,electronics_temp_residual_c,0.21041741248257542
58,thermal_anomaly,2,battery_temp_residual_c,0.16722052101147378
58,thermal_anomaly,3,physics_pred_thermal_anomaly,0.13846998845719752
58,thermal_anomaly,4,physics_confidence,0.023870498276978507
58,thermal_anomaly,5,rule_pred_battery_voltage_sensor_drift,0.02226750040513275
59,thermal_anomaly,1,electronics_temp_residual_c,0.20590022159917162
59,thermal_anomaly,2,battery_temp_residual_c,0.16382928192278468
59,thermal_anomaly,3,physics_pred_thermal_anomaly,0.13287335776969586
59,thermal_anomaly,4,physics_confidence,0.021767438751818503
59,thermal_anomaly,5,rule_pred_battery_voltage_sensor_drift,0.021122526304472772
60,thermal_anomaly,1,electronics_temp_residual_c,0.21183417631846863
60,thermal_anomaly,2,battery_temp_residual_c,0.16544298715373398
60,thermal_anomaly,3,physics_pred_thermal_anomaly,0.12538017883759248
60,thermal_anomaly,4,physics_confidence,0.025111504688774648
60,thermal_anomaly,5,rule_pred_battery_voltage_sensor_drift,0.023920565469195576
61,reaction_wheel_degradation,1,physics_pred_reaction_wheel_degradation,0.2415121911424481
61,reaction_wheel_degradation,2,physics_confidence,0.12015795002875324
61,reaction_wheel_degradation,3,wheel_current_residual_a,0.10279650901125471
61,reaction_wheel_degradation,4,physics_detected,0.02946541461525644
61,reaction_wheel_degradation,5,rule_pred_battery_voltage_sensor_drift,0.02572996122171292
62,reaction_wheel_degradation,1,physics_pred_reaction_wheel_degradation,0.22613446728874073
62,reaction_wheel_degradation,2,physics_confidence,0.1087495796555503
62,reaction_wheel_degradation,3,wheel_current_residual_a,0.08205176799662692
62,reaction_wheel_degradation,4,rule_pred_battery_voltage_sensor_drift,0.03615741911980912
62,reaction_wheel_degradation,5,wheel_current_measured,0.027641042260776415
63,reaction_wheel_degradation,1,physics_pred_reaction_wheel_degradation,0.28295066378911693
63,reaction_wheel_degradation,2,physics_confidence,0.1309388144606553
63,reaction_wheel_degradation,3,physics_detected,0.03713030751680662
63,reaction_wheel_degradation,4,rule_pred_battery_voltage_sensor_drift,0.025114096431789006
63,reaction_wheel_degradation,5,wheel_current_residual_a,0.02207267015486867
64,reaction_wheel_degradation,1,physics_pred_reaction_wheel_degradation,0.24790429045248283
64,reaction_wheel_degradation,2,physics_confidence,0.12007606811412935
64,reaction_wheel_degradation,3,wheel_current_residual_a,0.08865376967666148
64,reaction_wheel_degradation,4,rule_pred_battery_voltage_sensor_drift,0.03734176586951258
64,reaction_wheel_degradation,5,physics_detected,0.03205108061009443
65,reaction_wheel_degradation,1,physics_pred_reaction_wheel_degradation,0.2600832978411652
65,reaction_wheel_degradation,2,wheel_current_residual_a,0.1152787089616963
65,reaction_wheel_degradation,3,physics_confidence,0.11216926160841502
65,reaction_wheel_degradation,4,rule_pred_battery_voltage_sensor_drift,0.02499158199133256
65,reaction_wheel_degradation,5,physics_detected,0.024528423680431722
66,reaction_wheel_degradation,1,physics_pred_reaction_wheel_degradation,0.28580699016868905
66,reaction_wheel_degradation,2,physics_confidence,0.13742463321456358
66,reaction_wheel_degradation,3,physics_detected,0.03988568153817168
66,reaction_wheel_degradation,4,rule_pred_battery_voltage_sensor_drift,0.02197744167818452
66,reaction_wheel_degradation,5,ml_wheel_ratio,0.017051141102197794
67,reaction_wheel_degradation,1,physics_pred_reaction_wheel_degradation,0.22963707055425664
67,reaction_wheel_degradation,2,physics_confidence,0.10426505565159949
67,reaction_wheel_degradation,3,wheel_current_residual_a,0.08476175306585997
67,reaction_wheel_degradation,4,rule_pred_battery_voltage_sensor_drift,0.03246389587209985
67,reaction_wheel_degradation,5,wheel_current_measured,0.02974692713331894
68,reaction_wheel_degradation,1,physics_pred_reaction_wheel_degradation,0.25480671760784923
68,reaction_wheel_degradation,2,physics_confidence,0.12415209320930327
68,reaction_wheel_degradation,3,wheel_current_residual_a,0.10606331782033496
68,reaction_wheel_degradation,4,physics_detected,0.029187333543720363
68,reaction_wheel_degradation,5,rule_pred_battery_voltage_sensor_drift,0.022639682795690553
69,reaction_wheel_degradation,1,physics_pred_reaction_wheel_degradation,0.2861098594197254
69,reaction_wheel_degradation,2,physics_confidence,0.140585950696421
69,reaction_wheel_degradation,3,physics_detected,0.04610420684244599
69,reaction_wheel_degradation,4,rule_pred_battery_voltage_sensor_drift,0.024823617708208193
69,reaction_wheel_degradation,5,wheel_current_residual_a,0.018778134788604427
70,reaction_wheel_degradation,1,physics_pred_reaction_wheel_degradation,0.29426821580071993
70,reaction_wheel_degradation,2,physics_confidence,0.14320917763097898
70,reaction_wheel_degradation,3,physics_detected,0.045739296020713145
70,reaction_wheel_degradation,4,rule_pred_battery_voltage_sensor_drift,0.024044516345888608
70,reaction_wheel_degradation,5,electronics_temp_residual_c,0.013929318694392586
71,reaction_wheel_degradation,1,physics_pred_reaction_wheel_degradation,0.2933438099412841
71,reaction_wheel_degradation,2,physics_confidence,0.14354163116547605
71,reaction_wheel_degradation,3,physics_detected,0.04298216652553742
71,reaction_wheel_degradation,4,rule_pred_battery_voltage_sensor_drift,0.024636801701456112
71,reaction_wheel_degradation,5,wheel_current_residual_a,0.015052257707148527
72,reaction_wheel_degradation,1,physics_pred_reaction_wheel_degradation,0.2873566608771326
72,reaction_wheel_degradation,2,physics_confidence,0.1382294633999064
72,reaction_wheel_degradation,3,physics_detected,0.039187603403282645
72,reaction_wheel_degradation,4,rule_pred_battery_voltage_sensor_drift,0.0243581401436498
72,reaction_wheel_degradation,5,ml_wheel_ratio,0.021107867205595952
73,reaction_wheel_degradation,1,physics_pred_reaction_wheel_degradation,0.22781153624858858
73,reaction_wheel_degradation,2,physics_confidence,0.10295203559060763
73,reaction_wheel_degradation,3,wheel_current_residual_a,0.09409705170334848
73,reaction_wheel_degradation,4,wheel_temp_residual_c,0.06287539883423862
73,reaction_wheel_degradation,5,rule_pred_battery_voltage_sensor_drift,0.03284013767857051
74,reaction_wheel_degradation,1,physics_pred_reaction_wheel_degradation,0.2282869011580338
74,reaction_wheel_degradation,2,wheel_current_residual_a,0.10763664551358497
74,reaction_wheel_degradation,3,physics_confidence,0.10562559357423039
74,reaction_wheel_degradation,4,rule_pred_battery_voltage_sensor_drift,0.03688013859569016
74,reaction_wheel_degradation,5,wheel_current_measured,0.030249707526299907
75,reaction_wheel_degradation,1,physics_pred_reaction_wheel_degradation,0.2828850772246626
75,reaction_wheel_degradation,2,physics_confidence,0.13227081761565804
75,reaction_wheel_degradation,3,physics_detected,0.035044505413858354
75,reaction_wheel_degradation,4,wheel_current_residual_a,0.03073745541744828
75,reaction_wheel_degradation,5,rule_pred_battery_voltage_sensor_drift,0.025201542890767824
76,reaction_wheel_degradation,1,physics_pred_reaction_wheel_degradation,0.26221411351464363
76,reaction_wheel_degradation,2,physics_confidence,0.13112983741973683
76,reaction_wheel_degradation,3,wheel_current_residual_a,0.11664486548156733
76,reaction_wheel_degradation,4,physics_detected,0.03399568748926659
76,reaction_wheel_degradation,5,rule_pred_battery_voltage_sensor_drift,0.02750375176878592
77,reaction_wheel_degradation,1,physics_pred_reaction_wheel_degradation,0.24939140829757145
77,reaction_wheel_degradation,2,wheel_current_residual_a,0.12001493791541464
77,reaction_wheel_degradation,3,physics_confidence,0.11789917997880497
77,reaction_wheel_degradation,4,rule_pred_battery_voltage_sensor_drift,0.03981614455493225
77,reaction_wheel_degradation,5,wheel_current_measured,0.03198750186328951
78,reaction_wheel_degradation,1,physics_pred_reaction_wheel_degradation,0.2842796103692118
78,reaction_wheel_degradation,2,physics_confidence,0.1440697494641717
78,reaction_wheel_degradation,3,physics_detected,0.05122455269202213
78,reaction_wheel_degradation,4,wheel_temp_residual_c,0.04613134917948386
78,reaction_wheel_degradation,5,rule_pred_battery_voltage_sensor_drift,0.02674484743815475
79,reaction_wheel_degradation,1,physics_pred_reaction_wheel_degradation,0.24596787615628676
79,reaction_wheel_degradation,2,physics_confidence,0.12016285339954529
79,reaction_wheel_degradation,3,wheel_current_residual_a,0.11334973972116065
79,reaction_wheel_degradation,4,physics_detected,0.030047636542222752
79,reaction_wheel_degradation,5,rule_pred_battery_voltage_sensor_drift,0.027675185309466867
80,reaction_wheel_degradation,1,physics_pred_reaction_wheel_degradation,0.2629815938447031
80,reaction_wheel_degradation,2,wheel_current_residual_a,0.11343957351759609
80,reaction_wheel_degradation,3,physics_confidence,0.11113162742868393
80,reaction_wheel_degradation,4,rule_pred_battery_voltage_sensor_drift,0.025396283945885806
80,reaction_wheel_degradation,5,physics_detected,0.02415792118553615
81,battery_voltage_sensor_drift,1,rule_pred_battery_voltage_sensor_drift,0.3287910214851764
81,battery_voltage_sensor_drift,2,rule_confidence,0.13644950165644415
81,battery_voltage_sensor_drift,3,rule_detected,0.09297271681629268
81,battery_voltage_sensor_drift,4,physics_pred_reaction_wheel_degradation,0.021450128379734687
81,battery_voltage_sensor_drift,5,battery_temp_measured,0.019347428812056103
82,battery_voltage_sensor_drift,1,rule_pred_battery_voltage_sensor_drift,0.31154364067382495
82,battery_voltage_sensor_drift,2,rule_confidence,0.1251923288562124
82,battery_voltage_sensor_drift,3,rule_detected,0.08725294040917457
82,battery_voltage_sensor_drift,4,physics_pred_reaction_wheel_degradation,0.02151590015771299
82,battery_voltage_sensor_drift,5,electronics_temp_residual_c,0.014707298376447324
83,battery_voltage_sensor_drift,1,rule_pred_battery_voltage_sensor_drift,0.29571675281222365
83,battery_voltage_sensor_drift,2,rule_confidence,0.11152106121757281
83,battery_voltage_sensor_drift,3,rule_detected,0.07061876399772991
83,battery_voltage_sensor_drift,4,battery_innovation_v,0.02172864469408631
83,battery_voltage_sensor_drift,5,physics_pred_reaction_wheel_degradation,0.017154293400934023
84,battery_voltage_sensor_drift,1,rule_pred_battery_voltage_sensor_drift,0.2986731651390845
84,battery_voltage_sensor_drift,2,rule_confidence,0.11729006474296765
84,battery_voltage_sensor_drift,3,rule_detected,0.08414754777402578
84,battery_voltage_sensor_drift,4,physics_pred_reaction_wheel_degradation,0.020163952847975293
84,battery_voltage_sensor_drift,5,battery_temp_measured,0.018785050584140074
85,battery_voltage_sensor_drift,1,rule_pred_battery_voltage_sensor_drift,0.2964324358603063
85,battery_voltage_sensor_drift,2,rule_confidence,0.11380444033886541
85,battery_voltage_sensor_drift,3,rule_detected,0.07765123545185482
85,battery_voltage_sensor_drift,4,battery_innovation_v,0.024978038882440504
85,battery_voltage_sensor_drift,5,physics_pred_reaction_wheel_degradation,0.02061732515257426
86,battery_voltage_sensor_drift,1,rule_pred_battery_voltage_sensor_drift,0.30779598335004954
86,battery_voltage_sensor_drift,2,rule_confidence,0.12424333744481196
86,battery_voltage_sensor_drift,3,rule_detected,0.08343961646626144
86,battery_voltage_sensor_drift,4,physics_pred_reaction_wheel_degradation,0.02062724160769703
86,battery_voltage_sensor_drift,5,battery_innovation_v,0.016751557009024365
87,battery_voltage_sensor_drift,1,rule_pred_battery_voltage_sensor_drift,0.2977012606342757
87,battery_voltage_sensor_drift,2,rule_confidence,0.11196783862092669
87,battery_voltage_sensor_drift,3,rule_detected,0.07554500025592772
87,battery_voltage_sensor_drift,4,battery_innovation_v,0.019667581402507867
87,battery_voltage_sensor_drift,5,physics_pred_reaction_wheel_degradation,0.01795704233215202
88,battery_voltage_sensor_drift,1,rule_pred_battery_voltage_sensor_drift,0.3215588733861876
88,battery_voltage_sensor_drift,2,rule_confidence,0.12642099117802488
88,battery_voltage_sensor_drift,3,rule_detected,0.08880819097822293
88,battery_voltage_sensor_drift,4,physics_pred_reaction_wheel_degradation,0.020701734122553637
88,battery_voltage_sensor_drift,5,battery_temp_measured,0.01774001168148509
89,battery_voltage_sensor_drift,1,rule_pred_battery_voltage_sensor_drift,0.33121323546758696
89,battery_voltage_sensor_drift,2,rule_confidence,0.13415992986241956
89,battery_voltage_sensor_drift,3,rule_detected,0.09783075074193574
89,battery_voltage_sensor_drift,4,physics_pred_reaction_wheel_degradation,0.02115536792186712
89,battery_voltage_sensor_drift,5,electronics_temp_residual_c,0.015627868155019233
90,battery_voltage_sensor_drift,1,rule_pred_battery_voltage_sensor_drift,0.32444575973929146
90,battery_voltage_sensor_drift,2,rule_confidence,0.13084194401308336
90,battery_voltage_sensor_drift,3,rule_detected,0.09536841702171643
90,battery_voltage_sensor_drift,4,physics_pred_reaction_wheel_degradation,0.022055384800128686
90,battery_voltage_sensor_drift,5,battery_temp_measured,0.015845327046309646
91,battery_voltage_sensor_drift,1,rule_pred_battery_voltage_sensor_drift,0.304781185316489
91,battery_voltage_sensor_drift,2,rule_confidence,0.12223649561717188
91,battery_voltage_sensor_drift,3,rule_detected,0.08625788476586352
91,battery_voltage_sensor_drift,4,physics_pred_reaction_wheel_degradation,0.02064263122844029
91,battery_voltage_sensor_drift,5,battery_innovation_v,0.018964792380138262
92,battery_voltage_sensor_drift,1,rule_pred_battery_voltage_sensor_drift,0.31412137286332453
92,battery_voltage_sensor_drift,2,rule_confidence,0.12628108498745255
92,battery_voltage_sensor_drift,3,rule_detected,0.08841593493592632
92,battery_voltage_sensor_drift,4,physics_pred_reaction_wheel_degradation,0.02169565591860588
92,battery_voltage_sensor_drift,5,battery_temp_measured,0.015589405513115346
93,battery_voltage_sensor_drift,1,rule_pred_battery_voltage_sensor_drift,0.29761434012437976
93,battery_voltage_sensor_drift,2,rule_confidence,0.11607699568390192
93,battery_voltage_sensor_drift,3,rule_detected,0.08160318324522858
93,battery_voltage_sensor_drift,4,physics_pred_reaction_wheel_degradation,0.022266665902125008
93,battery_voltage_sensor_drift,5,battery_innovation_v,0.018963134177895576
94,battery_voltage_sensor_drift,1,rule_pred_battery_voltage_sensor_drift,0.29064765829589095
94,battery_voltage_sensor_drift,2,rule_confidence,0.11320476563919434
94,battery_voltage_sensor_drift,3,rule_detected,0.0738365671344455
94,battery_voltage_sensor_drift,4,battery_voltage_measured,0.037327570394145616
94,battery_voltage_sensor_drift,5,battery_innovation_v,0.022617830186021443
95,battery_voltage_sensor_drift,1,rule_pred_battery_voltage_sensor_drift,0.2929936779313529
95,battery_voltage_sensor_drift,2,rule_confidence,0.1118617033885116
95,battery_voltage_sensor_drift,3,rule_detected,0.07844812728816078
95,battery_voltage_sensor_drift,4,battery_innovation_v,0.019987853644456755
95,battery_voltage_sensor_drift,5,physics_pred_reaction_wheel_degradation,0.018471564885962223
96,battery_voltage_sensor_drift,1,rule_pred_battery_voltage_sensor_drift,0.32094561949644884
96,battery_voltage_sensor_drift,2,rule_confidence,0.12874608778689986
96,battery_voltage_sensor_drift,3,rule_detected,0.097299834367067
96,battery_voltage_sensor_drift,4,physics_pred_reaction_wheel_degradation,0.022079681275970837
96,battery_voltage_sensor_drift,5,battery_temp_measured,0.016859310341508595
97,battery_voltage_sensor_drift,1,rule_pred_battery_voltage_sensor_drift,0.2779730721349862
97,battery_voltage_sensor_drift,2,rule_confidence,0.10638010328528796
97,battery_voltage_sensor_drift,3,rule_detected,0.06998720495734728
97,battery_voltage_sensor_drift,4,battery_voltage_measured,0.04056590736584612
97,battery_voltage_sensor_drift,5,battery_innovation_v,0.0272503655485619
98,battery_voltage_sensor_drift,1,rule_pred_battery_voltage_sensor_drift,0.29993976158454383
98,battery_voltage_sensor_drift,2,rule_confidence,0.11845991088149659
98,battery_voltage_sensor_drift,3,rule_detected,0.08456867737749092
98,battery_voltage_sensor_drift,4,physics_pred_reaction_wheel_degradation,0.021337908172218666
98,battery_voltage_sensor_drift,5,battery_innovation_v,0.01550927304103774
99,battery_voltage_sensor_drift,1,rule_pred_battery_voltage_sensor_drift,0.32294757155703785
99,battery_voltage_sensor_drift,2,rule_confidence,0.13326377871890968
99,battery_voltage_sensor_drift,3,rule_detected,0.09052948513537974
99,battery_voltage_sensor_drift,4,physics_pred_reaction_wheel_degradation,0.021645960326007373
99,battery_voltage_sensor_drift,5,battery_temp_measured,0.01919103635537916
100,battery_voltage_sensor_drift,1,rule_pred_battery_voltage_sensor_drift,0.3150207283987127
100,battery_voltage_sensor_drift,2,rule_confidence,0.12390612242197291
100,battery_voltage_sensor_drift,3,rule_detected,0.08506918075005858
100,battery_voltage_sensor_drift,4,battery_voltage_measured,0.03959305122501179
100,battery_voltage_sensor_drift,5,physics_pred_reaction_wheel_degradation,0.022046010371326124
101,telemetry_dropout,1,physics_pred_telemetry_dropout,0.07645737383544271
101,telemetry_dropout,2,ml_thermal_ratio,0.07073681278553086
101,telemetry_dropout,3,missing_battery_current_measured,0.05902808811291335
101,telemetry_dropout,4,missing_battery_voltage_measured,0.057879626008288235
101,telemetry_dropout,5,missing_electronics_temp_measured,0.05712184861305745
102,telemetry_dropout,1,physics_pred_telemetry_dropout,0.0764573738354427
102,telemetry_dropout,2,ml_thermal_ratio,0.07073681278553086
102,telemetry_dropout,3,missing_battery_current_measured,0.059788102896606944
102,telemetry_dropout,4,missing_battery_voltage_measured,0.057879626008288255
102,telemetry_dropout,5,missing_electronics_temp_measured,0.05712184861305745
103,telemetry_dropout,1,physics_pred_telemetry_dropout,0.07645737383544271
103,telemetry_dropout,2,ml_thermal_ratio,0.07073681278553087
103,telemetry_dropout,3,missing_battery_current_measured,0.05978810289660696
103,telemetry_dropout,4,missing_battery_voltage_measured,0.05787962600828825
103,telemetry_dropout,5,missing_electronics_temp_measured,0.05712184861305745
104,telemetry_dropout,1,physics_pred_telemetry_dropout,0.07645737383544271
104,telemetry_dropout,2,ml_thermal_ratio,0.07073681278553087
104,telemetry_dropout,3,missing_battery_current_measured,0.05978810289660696
104,telemetry_dropout,4,missing_battery_voltage_measured,0.05787962600828825
104,telemetry_dropout,5,missing_electronics_temp_measured,0.05712184861305745
105,telemetry_dropout,1,physics_pred_telemetry_dropout,0.07645737383544271
105,telemetry_dropout,2,ml_thermal_ratio,0.07073681278553087
105,telemetry_dropout,3,missing_battery_current_measured,0.05978810289660696
105,telemetry_dropout,4,missing_battery_voltage_measured,0.05787962600828825
105,telemetry_dropout,5,missing_electronics_temp_measured,0.05712184861305745
106,telemetry_dropout,1,physics_pred_telemetry_dropout,0.07645737383544271
106,telemetry_dropout,2,ml_thermal_ratio,0.07073681278553087
106,telemetry_dropout,3,missing_battery_current_measured,0.05978810289660696
106,telemetry_dropout,4,missing_battery_voltage_measured,0.05787962600828825
106,telemetry_dropout,5,missing_electronics_temp_measured,0.05712184861305745
107,telemetry_dropout,1,physics_pred_telemetry_dropout,0.07645737383544271
107,telemetry_dropout,2,ml_thermal_ratio,0.07073681278553086
107,telemetry_dropout,3,missing_battery_current_measured,0.05902808811291335
107,telemetry_dropout,4,missing_battery_voltage_measured,0.057879626008288235
107,telemetry_dropout,5,missing_electronics_temp_measured,0.05712184861305745
108,telemetry_dropout,1,physics_pred_telemetry_dropout,0.07645737383544271
108,telemetry_dropout,2,ml_thermal_ratio,0.07073681278553086
108,telemetry_dropout,3,missing_battery_current_measured,0.05902808811291335
108,telemetry_dropout,4,missing_battery_voltage_measured,0.057879626008288235
108,telemetry_dropout,5,missing_electronics_temp_measured,0.05712184861305745
109,telemetry_dropout,1,physics_pred_telemetry_dropout,0.07645737383544271
109,telemetry_dropout,2,ml_thermal_ratio,0.07073681278553086
109,telemetry_dropout,3,missing_battery_current_measured,0.05902808811291335
109,telemetry_dropout,4,missing_battery_voltage_measured,0.057879626008288235
109,telemetry_dropout,5,missing_electronics_temp_measured,0.05712184861305745
110,telemetry_dropout,1,physics_pred_telemetry_dropout,0.07645737383544271
110,telemetry_dropout,2,ml_thermal_ratio,0.07073681278553086
110,telemetry_dropout,3,missing_battery_current_measured,0.05902808811291335
110,telemetry_dropout,4,missing_battery_voltage_measured,0.057879626008288235
110,telemetry_dropout,5,missing_electronics_temp_measured,0.05712184861305745
111,telemetry_dropout,1,physics_pred_telemetry_dropout,0.07645737383544271
111,telemetry_dropout,2,ml_thermal_ratio,0.07073681278553086
111,telemetry_dropout,3,missing_battery_current_measured,0.05902808811291335
111,telemetry_dropout,4,missing_battery_voltage_measured,0.057879626008288235
111,telemetry_dropout,5,missing_electronics_temp_measured,0.05712184861305745
112,telemetry_dropout,1,physics_pred_telemetry_dropout,0.07645737383544271
112,telemetry_dropout,2,ml_thermal_ratio,0.07073681278553086
112,telemetry_dropout,3,missing_battery_current_measured,0.05902808811291335
112,telemetry_dropout,4,missing_battery_voltage_measured,0.057879626008288235
112,telemetry_dropout,5,missing_electronics_temp_measured,0.05712184861305745
113,telemetry_dropout,1,physics_pred_telemetry_dropout,0.07645737383544271
113,telemetry_dropout,2,ml_thermal_ratio,0.07073681278553086
113,telemetry_dropout,3,missing_battery_current_measured,0.05902808811291334
113,telemetry_dropout,4,missing_battery_voltage_measured,0.05787962600828825
113,telemetry_dropout,5,missing_electronics_temp_measured,0.05712184861305745
114,telemetry_dropout,1,physics_pred_telemetry_dropout,0.07645737383544271
114,telemetry_dropout,2,ml_thermal_ratio,0.07073681278553086
114,telemetry_dropout,3,missing_battery_current_measured,0.05902808811291335
114,telemetry_dropout,4,missing_battery_voltage_measured,0.057879626008288235
114,telemetry_dropout,5,missing_electronics_temp_measured,0.05712184861305745
115,telemetry_dropout,1,physics_pred_telemetry_dropout,0.07645737383544271
115,telemetry_dropout,2,ml_thermal_ratio,0.07073681278553087
115,telemetry_dropout,3,missing_battery_current_measured,0.05978810289660696
115,telemetry_dropout,4,missing_battery_voltage_measured,0.05787962600828825
115,telemetry_dropout,5,missing_electronics_temp_measured,0.05712184861305745
116,telemetry_dropout,1,physics_pred_telemetry_dropout,0.07645737383544271
116,telemetry_dropout,2,ml_thermal_ratio,0.07073681278553087
116,telemetry_dropout,3,missing_battery_current_measured,0.05978810289660696
116,telemetry_dropout,4,missing_battery_voltage_measured,0.05787962600828825
116,telemetry_dropout,5,missing_electronics_temp_measured,0.05712184861305745
117,telemetry_dropout,1,physics_pred_telemetry_dropout,0.07645737383544271
117,telemetry_dropout,2,ml_thermal_ratio,0.07073681278553087
117,telemetry_dropout,3,missing_battery_current_measured,0.05978810289660696
117,telemetry_dropout,4,missing_battery_voltage_measured,0.05787962600828825
117,telemetry_dropout,5,missing_electronics_temp_measured,0.05712184861305745
118,telemetry_dropout,1,physics_pred_telemetry_dropout,0.07645737383544271
118,telemetry_dropout,2,ml_thermal_ratio,0.07073681278553087
118,telemetry_dropout,3,missing_battery_current_measured,0.05978810289660696
118,telemetry_dropout,4,missing_battery_voltage_measured,0.05787962600828825
118,telemetry_dropout,5,missing_electronics_temp_measured,0.05712184861305745
119,telemetry_dropout,1,physics_pred_telemetry_dropout,0.07645737383544271
119,telemetry_dropout,2,ml_thermal_ratio,0.07073681278553087
119,telemetry_dropout,3,missing_battery_current_measured,0.05978810289660696
119,telemetry_dropout,4,missing_battery_voltage_measured,0.05787962600828825
119,telemetry_dropout,5,missing_electronics_temp_measured,0.05712184861305745
120,telemetry_dropout,1,physics_pred_telemetry_dropout,0.07645737383544271
120,telemetry_dropout,2,ml_thermal_ratio,0.07073681278553087
120,telemetry_dropout,3,missing_battery_current_measured,0.05978810289660696
120,telemetry_dropout,4,missing_battery_voltage_measured,0.05787962600828825
120,telemetry_dropout,5,missing_electronics_temp_measured,0.05712184861305745
