true_label,predicted_label,baseline_probability,top5_ablated_probability,random5_ablated_probability,top5_probability_drop,random5_probability_drop,top5_larger_drop,top5_prediction_flip,random5_prediction_flip
nominal,nominal,0.7095265411497785,0.6116330873946652,0.7048022694990305,0.09789345375511338,0.004724271650748069,True,False,False
nominal,nominal,0.7379254838507763,0.6481414939351642,0.7345893305573807,0.0897839899156121,0.0033361532933955385,True,False,False
nominal,nominal,0.7271373702773577,0.7208234456938499,0.6934179620467327,0.006313924583507768,0.033719408230625025,False,False,False
nominal,nominal,0.7409598261050708,0.7237700910901667,0.7511374224002509,0.017189735014904173,-0.010177596295180114,True,False,False
solar_array_degradation,solar_array_degradation,0.9966785449293702,0.31263272878338516,0.9713712300015117,0.684045816145985,0.025307314927858537,True,True,False
solar_array_degradation,solar_array_degradation,0.9911639751552795,0.3252268342999808,0.9923030547844766,0.6659371408552988,-0.0011390796291970151,True,True,False
solar_array_degradation,solar_array_degradation,0.9995813953488372,0.34186362869975756,0.9985696306429549,0.6577177666490797,0.0010117647058822676,True,True,False
solar_array_degradation,solar_array_degradation,0.9889169820063326,0.3191599997477003,0.9887464134444597,0.6697569822586322,0.00017056856187291913,True,True,False
solar_array_degradation,solar_array_degradation,0.9293645396487622,0.2765967039940548,0.9267137365761299,0.6527678356547074,0.002650803072632324,True,True,False
solar_array_degradation,solar_array_degradation,0.9907935194492128,0.32428608637845874,0.9658965118277442,0.6665074330707541,0.024897007621468625,True,True,False
solar_array_degradation,solar_array_degradation,0.7120037206485396,0.21903545871306557,0.7130716218831076,0.492968261935474,-0.0010679012345680139,True,True,False
solar_array_degradation,solar_array_degradation,0.9924278846153847,0.32932096787650816,0.9638392268922075,0.6631069167388766,0.028588657723177202,True,True,False
solar_array_degradation,solar_array_degradation,0.9849948235659879,0.2737844383538297,0.9929948235659879,0.7112103852121582,-0.008000000000000007,True,True,False
solar_array_degradation,solar_array_degradation,0.9911383801383802,0.30369160109129895,0.9032254881523173,0.6874467790470813,0.08791289198606289,True,True,False
solar_array_degradation,solar_array_degradation,0.9964478940893914,0.3289315274010096,0.9192272308400251,0.6675163666883818,0.07722066324936627,True,True,False
solar_array_degradation,solar_array_degradation,0.9986755710196982,0.27972368388285246,0.9320491559253585,0.7189518871368457,0.06662641509433964,True,True,False
solar_array_degradation,solar_array_degradation,0.989414382215642,0.32684761830743814,0.8986962663942203,0.6625667639082039,0.09071811582142175,True,True,False
solar_array_degradation,solar_array_degradation,0.9832823028982317,0.32601816390721416,0.9812823028982317,0.6572641389910175,0.0020000000000000018,True,True,False
solar_array_degradation,solar_array_degradation,0.9960203344029896,0.3252827675719295,0.9693373206389013,0.6707375668310602,0.026683013764088326,True,True,False
solar_array_degradation,solar_array_degradation,0.9995202312138729,0.29659337669432345,0.8612620134290783,0.7029268545195495,0.13825821778479463,True,True,False
solar_array_degradation,solar_array_degradation,0.8856062775206052,0.27948165780499135,0.837080974213622,0.6061246197156138,0.048525303306983125,True,True,False
solar_array_degradation,solar_array_degradation,0.989680036835652,0.28523935649610926,0.977680036835652,0.7044406803395427,0.01200000000000001,True,True,False
solar_array_degradation,solar_array_degradation,0.9942702746764157,0.31063941409238577,0.9942702746764157,0.68363086058403,0.0,True,True,False
solar_array_degradation,solar_array_degradation,0.8859498641236915,0.30255222484427996,0.8213316500557377,0.5833976392794116,0.06461821406795376,True,True,False
solar_array_degradation,solar_array_degradation,0.998,0.30664780037027467,0.988,0.6913521996297254,0.010000000000000009,True,True,False
solar_array_degradation,solar_array_degradation,1.0,0.30666184581979755,1.0,0.6933381541802024,0.0,True,True,False
solar_array_degradation,solar_array_degradation,0.8550477582366273,0.26125211811747673,0.888,0.5937956401191505,-0.03295224176337275,True,True,False
solar_array_degradation,solar_array_degradation,0.8738142244307103,0.23699252428271478,0.8550545113817596,0.6368217001479956,0.018759713048950744,True,True,False
solar_array_degradation,solar_array_degradation,0.8758151091044626,0.24817495697938738,0.8758151091044626,0.6276401521250752,0.0,True,True,False
solar_array_degradation,solar_array_degradation,0.886127788747439,0.2707936206160166,0.886127788747439,0.6153341681314224,0.0,True,True,False
solar_array_degradation,solar_array_degradation,0.8702164731431007,0.29003919759222274,0.8069836997772971,0.580177275550878,0.06323277336580357,True,True,False
solar_array_degradation,solar_array_degradation,0.8872536817316252,0.2906814360921804,0.8320778457242717,0.5965722456394449,0.05517583600735354,True,True,False
solar_array_degradation,solar_array_degradation,0.8750598394471143,0.2383923841687818,0.8730598394471143,0.6366674552783325,0.0020000000000000018,True,True,False
solar_array_degradation,solar_array_degradation,0.9641572237540538,0.31681408506444797,0.9041997213574626,0.6473431386896058,0.059957502396591145,True,True,False
solar_array_degradation,solar_array_degradation,0.986063188575691,0.2618328296218942,0.8997549577894556,0.7242303589537968,0.0863082307862354,True,True,False
solar_array_degradation,solar_array_degradation,0.8814782608695653,0.28549490169146147,0.8674313723231035,0.5959833591781039,0.014046888546461744,True,True,False
solar_array_degradation,solar_array_degradation,0.8827687046195939,0.27145847011168334,0.8213735849056605,0.6113102345079106,0.06139511971393341,True,True,False
solar_array_degradation,solar_array_degradation,0.9900233949945594,0.31743728763620577,0.9900233949945594,0.6725861073583537,0.0,True,True,False
solar_array_degradation,solar_array_degradation,0.8424471789584412,0.2598243808105572,0.8424471789584411,0.582622798147884,1.1102230246251565e-16,True,True,False
solar_array_degradation,solar_array_degradation,0.8790432432432433,0.276672327969813,0.8779640643576128,0.6023709152734303,0.0010791788856305828,True,True,False
solar_array_degradation,solar_array_degradation,0.879271756665305,0.272117559920706,0.9902418165455446,0.607154196744599,-0.11097005988023956,True,True,False
solar_array_degradation,solar_array_degradation,0.7449529420092023,0.11757097877189616,0.7541856796401643,0.6273819632373061,-0.009232737630961996,True,True,False
solar_array_degradation,solar_array_degradation,0.7887753283684424,0.14110696768675215,0.7258313285622882,0.6476683606816903,0.06294399980615428,True,True,False
solar_array_degradation,solar_array_degradation,0.868483032093895,0.07959336659202926,0.7563963746439413,0.7888896655018658,0.11208665744995372,True,True,False
solar_array_degradation,solar_array_degradation,0.8825748060850784,0.10039883453593414,0.8857686549453486,0.7821759715491443,-0.0031938488602701876,True,True,False
solar_array_degradation,solar_array_degradation,0.7461915350109635,0.12460373762117505,0.6489722109776855,0.6215877973897884,0.09721932403327793,True,True,False
solar_array_degradation,solar_array_degradation,0.7597970270480856,0.1276144723203778,0.7193404911001209,0.6321825547277078,0.04045653594796472,True,True,False
solar_array_degradation,solar_array_degradation,0.8637359690561665,0.14867892522304077,0.8619586469231971,0.7150570438331256,0.0017773221329693278,True,True,False
solar_array_degradation,solar_array_degradation,0.7679286361438301,0.13142899493576318,0.720396072328596,0.6364996412080669,0.047532563815234075,True,True,False
solar_array_degradation,solar_array_degradation,0.8809705472262577,0.1336045409490789,0.8781070657298898,0.7473660062771788,0.0028634814963678368,True,True,False
solar_array_degradation,solar_array_degradation,0.725663711585826,0.11052767420361473,0.7133222181283598,0.6151360373822112,0.012341493457466157,True,True,False
solar_array_degradation,solar_array_degradation,0.7456287285193789,0.11293608445104282,0.6820302857835636,0.632692644068336,0.06359844273581527,True,True,False
solar_array_degradation,solar_array_degradation,0.8272136664084795,0.13329846292236194,0.7702259101746408,0.6939152034861176,0.05698775623383867,True,True,False
solar_array_degradation,solar_array_degradation,0.8866991716033559,0.13782149050940107,0.822800980873062,0.7488776810939548,0.0638981907302939,True,True,False
solar_array_degradation,solar_array_degradation,0.8246980875339489,0.13592350239788112,0.651897006570903,0.6887745851360678,0.17280108096304592,True,True,False
solar_array_degradation,solar_array_degradation,0.7159602925313711,0.11050708717043944,0.7267011243320319,0.6054532053609316,-0.010740831800660877,True,True,False
solar_array_degradation,solar_array_degradation,0.8603511221389868,0.13991446377174468,0.8586298407419701,0.7204366583672421,0.0017212813970166607,True,True,False
solar_array_degradation,solar_array_degradation,0.7473600722888523,0.1205069842684408,0.711022491321609,0.6268530880204115,0.036337580967243266,True,True,False
solar_array_degradation,solar_array_degradation,0.766502178100838,0.12842996410930693,0.7433464089894588,0.638072213991531,0.023155769111379176,True,True,False
solar_array_degradation,solar_array_degradation,0.7689696972249442,0.10794333324323309,0.7082556630060566,0.6610263639817111,0.06071403421888766,True,True,False
solar_array_degradation,solar_array_degradation,0.9093116742648801,0.1344677883677096,0.8513984889659578,0.7748438858971706,0.05791318529892231,True,True,False
solar_array_degradation,solar_array_degradation,0.8626307891976462,0.08640634337326804,0.8832554625972383,0.7762244458243782,-0.020624673399592064,True,True,False
solar_array_degradation,solar_array_degradation,0.893578482328684,0.13652026450989505,0.8576433173404493,0.7570582178187889,0.03593516498823468,True,True,False
solar_array_degradation,solar_array_degradation,0.8239365995720457,0.08038525821314157,0.8191583209732695,0.7435513413589041,0.00477827859877622,True,True,False
solar_array_degradation,solar_array_degradation,0.7658795020493919,0.1396249782928665,0.765740508502366,0.6262545237565255,0.00013899354702595623,True,True,False
solar_array_degradation,solar_array_degradation,0.8768527929282733,0.14644426145710032,0.8828115059107043,0.730408531471173,-0.0059587129824310026,True,True,False
solar_array_degradation,solar_array_degradation,0.8193153253549794,0.07387443139748566,0.8235118499975215,0.7454408939574938,-0.004196524642542054,True,True,False
solar_array_degradation,solar_array_degradation,0.7395107827710675,0.16884480252326795,0.7200164367712091,0.5706659802477996,0.019494345999858442,True,True,False
solar_array_degradation,solar_array_degradation,0.7262705259285851,0.10556470388060187,0.7289477939525879,0.6207058220479832,-0.00267726802400281,True,True,False
solar_array_degradation,solar_array_degradation,0.7591342288609999,0.12034875588729942,0.6091898683644442,0.6387854729737005,0.14994436049655568,True,True,False
solar_array_degradation,solar_array_degradation,0.8595711877719193,0.3788517511814007,0.8601678980256593,0.48071943659051863,-0.0005967102537399738,True,True,False
battery_degradation,battery_degradation,0.795508695827328,0.44301130438058095,0.795508695827328,0.352497391446747,0.0,True,True,False
battery_degradation,battery_degradation,0.7278711705197631,0.35825826652743115,0.7255267320983992,0.369612903992332,0.0023444384213638925,True,True,False
battery_degradation,battery_degradation,0.7492267294296858,0.33562739388189566,0.6994112736843687,0.41359933554779016,0.049815455745317094,True,True,False
battery_degradation,battery_degradation,0.7517011736745279,0.35626331858746624,0.7517011736745279,0.3954378550870617,0.0,True,True,False
battery_degradation,battery_degradation,0.7468411785469222,0.3929244233494603,0.737112001283948,0.3539167551974619,0.009729177262974176,True,False,False
battery_degradation,battery_degradation,0.9237824859938003,0.37436034565076587,0.9330411037164184,0.5494221403430344,-0.009258617722618045,True,False,False
battery_degradation,battery_degradation,0.8106010064686897,0.3852693525118831,0.7561057396004869,0.4253316539568066,0.05449526686820283,True,False,False
battery_degradation,battery_degradation,0.7125406289708323,0.3496191848959495,0.8035656595618752,0.36292144407488275,-0.09102503059104294,True,False,False
battery_degradation,battery_degradation,0.7519383246442655,0.40936092025488136,0.6955313524548393,0.3425774043893841,0.05640697218942614,True,False,False
battery_degradation,battery_degradation,0.7751097170122541,0.331757540269263,0.7602662198080934,0.44335217674299104,0.014843497204160672,True,True,False
battery_degradation,battery_degradation,0.8156299980530725,0.3619088381579538,0.8103361097015664,0.45372115989511863,0.005293888351506015,True,True,False
battery_degradation,battery_degradation,0.7841828684638527,0.3169292280243342,0.7681325334114852,0.46725364043951845,0.016050335052367415,True,True,False
battery_degradation,battery_degradation,0.7698539212583889,0.38487007019205166,0.7717903723648614,0.38498385106633726,-0.0019364511064724477,True,True,False
battery_degradation,battery_degradation,0.709110878016996,0.2408802642208912,0.6961422787484866,0.4682306137961048,0.012968599268509462,True,True,False
battery_degradation,battery_degradation,0.7197000836984784,0.48717778304871334,0.6943178756869006,0.23252230064976503,0.025382208011577756,True,False,False
battery_degradation,battery_degradation,0.7191507859377219,0.37691717721206774,0.7248841066281885,0.3422336087256541,-0.0057333206904666145,True,False,False
battery_degradation,battery_degradation,0.7203550903807702,0.30942449097060026,0.7246836181306567,0.4109305994101699,-0.004328527749886568,True,True,False
battery_degradation,battery_degradation,0.7831893776075026,0.35160684800930403,0.7870367581041053,0.4315825295981986,-0.0038473804966027148,True,False,False
thermal_anomaly,thermal_anomaly,1.0,0.07198786410925381,1.0,0.9280121358907462,0.0,True,True,False
thermal_anomaly,thermal_anomaly,0.996662930843582,0.06712456365056055,0.9960808872276714,0.9295383671930215,0.0005820436159106324,True,True,False
thermal_anomaly,thermal_anomaly,1.0,0.07936195155086417,1.0,0.9206380484491359,0.0,True,True,False
thermal_anomaly,thermal_anomaly,0.9951090289120704,0.07233047592912938,0.9806618422939422,0.9227785529829411,0.014447186618128272,True,True,False
thermal_anomaly,thermal_anomaly,1.0,0.08052953131627225,0.998,0.9194704686837277,0.0020000000000000018,True,True,False
thermal_anomaly,thermal_anomaly,0.9990252100840336,0.07597691617966446,0.9967119570719855,0.9230482939043692,0.0023132530120481,True,True,False
thermal_anomaly,thermal_anomaly,0.9907618617239828,0.07436398853620865,0.99056023242069,0.9163978731877742,0.00020162930329281625,True,True,False
thermal_anomaly,thermal_anomaly,1.0,0.07886632012884144,0.9809640718562874,0.9211336798711586,0.019035928143712577,True,True,False
thermal_anomaly,thermal_anomaly,0.997094674556213,0.07904138364168867,0.998,0.9180532909145244,-0.000905325443786964,True,True,False
thermal_anomaly,thermal_anomaly,0.9996867469879518,0.08345250878503793,0.9996867469879518,0.9162342382029138,0.0,True,True,False
thermal_anomaly,thermal_anomaly,1.0,0.07983226440128725,0.9844657752489332,0.9201677355987128,0.015534224751066805,True,True,False
thermal_anomaly,thermal_anomaly,0.998,0.0762692680267505,0.9809640718562874,0.9217307319732495,0.017035928143712575,True,True,False
thermal_anomaly,thermal_anomaly,0.998,0.07875892960323537,0.996,0.9192410703967646,0.0020000000000000018,True,True,False
thermal_anomaly,thermal_anomaly,0.998,0.0821102446723554,0.9644074828879681,0.9158897553276446,0.03359251711203193,True,True,False
thermal_anomaly,thermal_anomaly,1.0,0.07678030891924821,1.0,0.9232196910807517,0.0,True,True,False
thermal_anomaly,thermal_anomaly,1.0,0.07662087251379715,0.9809640718562874,0.9233791274862029,0.019035928143712577,True,True,False
thermal_anomaly,thermal_anomaly,1.0,0.07761962770515694,1.0,0.922380372294843,0.0,True,True,False
thermal_anomaly,thermal_anomaly,1.0,0.07173094353177766,1.0,0.9282690564682223,0.0,True,True,False
thermal_anomaly,thermal_anomaly,1.0,0.07875443316413176,1.0,0.9212455668358682,0.0,True,True,False
thermal_anomaly,thermal_anomaly,0.9986918714555766,0.08027755956685868,0.9959107108041866,0.9184143118887179,0.0027811606513900022,True,True,False
thermal_anomaly,thermal_anomaly,1.0,0.07697994157511368,0.988,0.9230200584248863,0.01200000000000001,True,True,False
thermal_anomaly,thermal_anomaly,0.9990252100840336,0.08049897050114481,0.992,0.9185262395828887,0.007025210084033562,True,True,False
thermal_anomaly,thermal_anomaly,0.9798695588212532,0.07495990569683506,0.9798695588212532,0.9049096531244181,0.0,True,True,False
thermal_anomaly,thermal_anomaly,0.9958491488290933,0.07743407386741577,0.9958491488290933,0.9184150749616775,0.0,True,True,False
thermal_anomaly,thermal_anomaly,0.999120253164557,0.06653892926176645,0.9800843250208444,0.9325813239027906,0.019035928143712577,True,True,False
thermal_anomaly,thermal_anomaly,1.0,0.06808496801449586,1.0,0.9319150319855042,0.0,True,True,False
thermal_anomaly,thermal_anomaly,0.977,0.07413335734683371,0.9763135435992578,0.9028666426531663,0.0006864564007421636,True,True,False
thermal_anomaly,thermal_anomaly,0.9986918714555766,0.0759165889842556,0.9986918714555766,0.922775282471321,0.0,True,True,False
thermal_anomaly,thermal_anomaly,0.998,0.08252618365206646,1.0,0.9154738163479336,-0.0020000000000000018,True,True,False
thermal_anomaly,thermal_anomaly,1.0,0.0812820999331607,1.0,0.9187179000668393,0.0,True,True,False
thermal_anomaly,thermal_anomaly,0.9958491488290933,0.07875339866700483,0.9688132206853807,0.9170957501620884,0.027035928143712584,True,True,False
thermal_anomaly,thermal_anomaly,1.0,0.07990645669812838,1.0,0.9200935433018717,0.0,True,True,False
thermal_anomaly,thermal_anomaly,0.9967481849955592,0.0857201946889955,0.9987481849955592,0.9110279903065637,-0.0020000000000000018,True,True,False
thermal_anomaly,thermal_anomaly,1.0,0.07936904518399554,0.9789640718562874,0.9206309548160044,0.02103592814371258,True,True,False
thermal_anomaly,thermal_anomaly,0.9798695588212532,0.07234197185646102,0.9798695588212532,0.9075275869647921,0.0,True,True,False
thermal_anomaly,thermal_anomaly,0.9990252100840336,0.0798187691323638,0.9990252100840337,0.9192064409516698,-1.1102230246251565e-16,True,True,False
thermal_anomaly,thermal_anomaly,0.993918617192671,0.07676952342960659,0.9850428548604021,0.9171490937630644,0.008875762332268944,True,True,False
thermal_anomaly,thermal_anomaly,0.9946564482243133,0.08905430605664623,0.9986310160427807,0.9056021421676671,-0.003974567818467389,True,True,False
thermal_anomaly,thermal_anomaly,0.9967514910536779,0.08247514349686594,0.9987514910536779,0.914276347556812,-0.0020000000000000018,True,True,False
thermal_anomaly,thermal_anomaly,0.9992913385826772,0.0890537276552576,0.9992913385826772,0.9102376109274195,0.0,True,True,False
thermal_anomaly,thermal_anomaly,1.0,0.08803757263590907,0.9749640718562874,0.9119624273640909,0.025035928143712582,True,True,False
thermal_anomaly,thermal_anomaly,0.998,0.08405889968580431,0.996,0.9139411003141957,0.0020000000000000018,True,True,False
thermal_anomaly,thermal_anomaly,0.9933675889328063,0.07599802245650063,0.9723316607890937,0.9173695664763056,0.02103592814371258,True,True,False
thermal_anomaly,thermal_anomaly,0.9982483568112251,0.07940827961999199,0.9982483568112251,0.9188400771912332,0.0,True,True,False
thermal_anomaly,thermal_anomaly,1.0,0.08155234214208835,0.9884657752489331,0.9184476578579116,0.011534224751066913,True,True,False
thermal_anomaly,thermal_anomaly,1.0,0.07785000680383777,1.0,0.9221499931961622,0.0,True,True,False
thermal_anomaly,thermal_anomaly,1.0,0.07857986077511961,0.9991908045977012,0.9214201392248804,0.0008091954022988457,True,True,False
thermal_anomaly,thermal_anomaly,0.998,0.07010833695131082,0.998,0.9278916630486892,0.0,True,True,False
thermal_anomaly,thermal_anomaly,1.0,0.07483583058760294,0.9890594594594595,0.9251641694123971,0.0109405405405405,True,True,False
thermal_anomaly,thermal_anomaly,1.0,0.07545295513465264,0.9809640718562874,0.9245470448653473,0.019035928143712577,True,True,False
thermal_anomaly,thermal_anomaly,0.9956831233321525,0.07134063538066085,0.9963412853612663,0.9243424879514917,-0.0006581620291138401,True,True,False
thermal_anomaly,thermal_anomaly,0.99839279901684,0.06373345918235153,0.9982739928736929,0.9346593398344885,0.0001188061431470766,True,True,False
thermal_anomaly,thermal_anomaly,1.0,0.074258223478649,1.0,0.925741776521351,0.0,True,True,False
thermal_anomaly,thermal_anomaly,0.986165095285308,0.07110328220688993,0.9862215338594154,0.9150618130784182,-5.6438574107309236e-05,True,True,False
thermal_anomaly,thermal_anomaly,0.9981017963225561,0.07554856146631866,0.982810999964487,0.9225532348562375,0.01529079635806918,True,True,False
thermal_anomaly,thermal_anomaly,0.9963175910956349,0.07698851232146033,0.9803175910956349,0.9193290787741746,0.016000000000000014,True,True,False
thermal_anomaly,thermal_anomaly,0.9986918714555766,0.06578533395196749,1.0,0.9329065375036091,-0.0013081285444234148,True,True,False
thermal_anomaly,thermal_anomaly,0.9538953041512322,0.06549331889552887,0.9308316098837163,0.8884019852557034,0.023063694267515977,True,True,False
thermal_anomaly,thermal_anomaly,1.0,0.07636611564323169,0.998,0.9236338843567683,0.0020000000000000018,True,True,False
thermal_anomaly,thermal_anomaly,1.0,0.07538325850037456,0.9887223382045929,0.9246167414996255,0.011277661795407123,True,True,False
thermal_anomaly,thermal_anomaly,1.0,0.07338325850037455,0.998,0.9266167414996255,0.0020000000000000018,True,True,False
thermal_anomaly,thermal_anomaly,1.0,0.07580536797968028,1.0,0.9241946320203197,0.0,True,True,False
thermal_anomaly,thermal_anomaly,0.9990252100840336,0.07690808883153522,0.9990252100840337,0.9221171212524983,-1.1102230246251565e-16,True,True,False
thermal_anomaly,thermal_anomaly,0.998,0.07598307882982785,0.9604074828879681,0.9220169211701721,0.03759251711203193,True,True,False
thermal_anomaly,thermal_anomaly,1.0,0.08068976703309154,1.0,0.9193102329669085,0.0,True,True,False
thermal_anomaly,thermal_anomaly,0.9987514910536779,0.07924898990506443,0.992,0.9195025011486134,0.006751491053677894,True,True,False
thermal_anomaly,thermal_anomaly,0.9968466003726784,0.07945470901825638,0.9948466003726784,0.917391891354422,0.0020000000000000018,True,True,False
thermal_anomaly,thermal_anomaly,1.0,0.07256074766355142,1.0,0.9274392523364485,0.0,True,True,False
thermal_anomaly,thermal_anomaly,0.9514680381319615,0.06786342513781872,0.9488316098837163,0.8836046129941427,0.0026364282482451706,True,True,False
thermal_anomaly,thermal_anomaly,0.9964157822555946,0.07296756323669323,0.997723910800018,0.9234482190189013,-0.0013081285444234148,True,True,False
thermal_anomaly,thermal_anomaly,0.9866014523221813,0.07457206688569207,0.985584503169639,0.9120293854364893,0.0010169491525423568,True,True,False
thermal_anomaly,thermal_anomaly,0.9950365246973326,0.06932271532243289,0.9932386590350603,0.9257138093748998,0.0017978656622723577,True,True,False
reaction_wheel_degradation,reaction_wheel_degradation,0.992294661478684,0.16038252606151726,0.9925945255866021,0.8319121354171667,-0.00029986410791815743,True,True,False
reaction_wheel_degradation,reaction_wheel_degradation,0.9976061681425502,0.18928494582117938,0.9976061681425502,0.8083212223213708,0.0,True,True,False
reaction_wheel_degradation,reaction_wheel_degradation,0.9736458131320171,0.10873326305398143,0.9730348074394175,0.8649125500780357,0.0006110056925996421,True,True,False
reaction_wheel_degradation,reaction_wheel_degradation,0.8708800966503025,0.057126174743266846,0.8778368445429726,0.8137539219070357,-0.00695674789267009,True,True,False
reaction_wheel_degradation,reaction_wheel_degradation,0.9165508443473551,0.08595607816596217,0.9910878750020248,0.8305947661813929,-0.07453703065466966,True,True,False
reaction_wheel_degradation,reaction_wheel_degradation,0.9937027450705037,0.10103689863095974,0.9937027450705037,0.8926658464395439,0.0,True,True,False
reaction_wheel_degradation,reaction_wheel_degradation,0.7396250898607273,0.06124393140508573,0.7406575382383084,0.6783811584556415,-0.0010324483775810966,True,True,False
reaction_wheel_degradation,reaction_wheel_degradation,0.9370184061086779,0.06971861713083262,0.9350184061086779,0.8672997889778453,0.0020000000000000018,True,True,False
reaction_wheel_degradation,reaction_wheel_degradation,0.9901566446541672,0.101509288219992,0.9888122488333292,0.8886473564341753,0.001344395820838007,True,True,False
reaction_wheel_degradation,reaction_wheel_degradation,0.928229711611601,0.12641829364958002,0.928229711611601,0.8018114179620209,0.0,True,True,False
reaction_wheel_degradation,reaction_wheel_degradation,0.9957943098324579,0.245268071879122,0.9577943098324578,0.7505262379533358,0.038000000000000034,True,True,False
reaction_wheel_degradation,reaction_wheel_degradation,0.9946558207528181,0.2514620270454259,0.9946558207528181,0.7431937937073922,0.0,True,True,False
reaction_wheel_degradation,reaction_wheel_degradation,0.9052005148328122,0.24660190713569655,0.9052005148328122,0.6585986076971156,0.0,True,False,False
reaction_wheel_degradation,reaction_wheel_degradation,1.0,0.24199526077138775,0.962,0.7580047392286122,0.038000000000000034,True,True,False
reaction_wheel_degradation,reaction_wheel_degradation,0.9970211515296564,0.2514634443265314,0.9970211515296564,0.745557707203125,0.0,True,True,False
reaction_wheel_degradation,reaction_wheel_degradation,0.9982471640949764,0.2634221855223123,0.9982471640949764,0.7348249785726642,0.0,True,True,False
reaction_wheel_degradation,reaction_wheel_degradation,0.8162229867429245,0.200097258799693,0.8162229867429245,0.6161257279432315,0.0,True,True,False
reaction_wheel_degradation,reaction_wheel_degradation,0.9904705433164679,0.24365671214177612,1.0,0.7468138311746918,-0.009529456683532112,True,True,False
reaction_wheel_degradation,reaction_wheel_degradation,0.994963049722551,0.23646634076467962,0.994171187437731,0.7584967089578714,0.0007918622848199774,True,True,False
reaction_wheel_degradation,reaction_wheel_degradation,0.7873610610804246,0.07760358975055436,0.7873610610804246,0.7097574713298702,0.0,True,True,False
reaction_wheel_degradation,reaction_wheel_degradation,0.9813258952348243,0.0972691588263434,0.9863883801864216,0.8840567364084808,-0.005062484951597335,True,True,False
reaction_wheel_degradation,reaction_wheel_degradation,0.991716082832521,0.11382227232702281,0.9934108590849725,0.8778938105054982,-0.001694776252451513,True,True,False
reaction_wheel_degradation,reaction_wheel_degradation,0.8891759677693395,0.10436644736086347,0.8931759677693395,0.7848095204084761,-0.0040000000000000036,True,True,False
reaction_wheel_degradation,reaction_wheel_degradation,0.7821790801963419,0.07852837948253373,0.753816341912195,0.7036507007138081,0.028362738284146816,True,True,False
reaction_wheel_degradation,reaction_wheel_degradation,0.7925979241258959,0.08854721213972143,0.7839935722364384,0.7040507119861745,0.008604351889457518,True,True,False
reaction_wheel_degradation,reaction_wheel_degradation,0.8670677534072478,0.15611356821651629,0.9695203552739163,0.7109541851907315,-0.10245260186666849,True,True,False
reaction_wheel_degradation,reaction_wheel_degradation,0.842701383783504,0.13220859307671498,0.8555263287217755,0.7104927907067891,-0.012824944938271465,True,True,False
reaction_wheel_degradation,reaction_wheel_degradation,0.7974195118531545,0.16009774168539181,0.7791609439485815,0.6373217701677627,0.01825856790457303,True,True,False
reaction_wheel_degradation,reaction_wheel_degradation,0.7884577632192747,0.14476147166422457,0.7884577632192747,0.6436962915550501,0.0,True,True,False
reaction_wheel_degradation,reaction_wheel_degradation,0.8848178893638916,0.18480275985497352,0.87850944780545,0.7000151295089181,0.006308441558441569,True,True,False
reaction_wheel_degradation,reaction_wheel_degradation,0.9800755017230199,0.20921743975519155,0.9594007553624959,0.7708580619678284,0.02067474636052402,True,True,False
reaction_wheel_degradation,reaction_wheel_degradation,0.7673332898498697,0.1333354082930661,0.7593332898498697,0.6339978815568036,0.008000000000000007,True,True,False
reaction_wheel_degradation,reaction_wheel_degradation,0.7354228391639557,0.05114954272675256,0.7381739786297415,0.6842732964372031,-0.002751139465785868,True,True,False
reaction_wheel_degradation,reaction_wheel_degradation,0.8809623270102176,0.08723071438810732,0.8809623270102177,0.7937316126221102,-1.1102230246251565e-16,True,True,False
reaction_wheel_degradation,reaction_wheel_degradation,0.7915768785337632,0.09329833184340303,0.7915768785337632,0.6982785466903603,0.0,True,True,False
reaction_wheel_degradation,reaction_wheel_degradation,0.8904850696191097,0.09449480932145177,0.8929979636019177,0.7959902602976578,-0.002512893982808073,True,True,False
reaction_wheel_degradation,reaction_wheel_degradation,0.8197860257674141,0.08858695793020828,0.8839295204377179,0.7311990678372058,-0.06414349467030378,True,True,False
reaction_wheel_degradation,reaction_wheel_degradation,0.8248905645728198,0.04769960757245442,0.8167160803147001,0.7771909570003654,0.00817448425811973,True,True,False
reaction_wheel_degradation,reaction_wheel_degradation,0.8992635056431714,0.21889559329429764,0.872419931065673,0.6803679123488737,0.02684357457749842,True,True,False
reaction_wheel_degradation,reaction_wheel_degradation,0.9034678398319367,0.21632832749601036,0.9962951161896391,0.6871395123359263,-0.09282727635770238,True,True,False
reaction_wheel_degradation,reaction_wheel_degradation,0.8973074818533368,0.21037704523798068,0.8766286694347238,0.6869304366153561,0.020678812418612913,True,True,False
reaction_wheel_degradation,reaction_wheel_degradation,0.9021035169366717,0.2045269266201482,0.902672,0.6975765903165234,-0.0005684830633283511,True,True,False
reaction_wheel_degradation,reaction_wheel_degradation,0.8943835373128827,0.20387579444294227,0.8943835373128827,0.6905077428699404,0.0,True,True,False
reaction_wheel_degradation,reaction_wheel_degradation,0.8701567723774226,0.1933477915883996,0.8767769274161823,0.676808980789023,-0.006620155038759679,True,True,False
reaction_wheel_degradation,reaction_wheel_degradation,0.9578771858911136,0.2512817123216991,0.9198771858911136,0.7065954735694144,0.038000000000000034,True,False,False
reaction_wheel_degradation,reaction_wheel_degradation,0.8139290281197386,0.1967292675837205,0.7879290281197385,0.617199760536018,0.026000000000000023,True,True,False
reaction_wheel_degradation,reaction_wheel_degradation,0.9942233792214915,0.23432162741627946,0.9697368009945024,0.759901751805212,0.024486578226989075,True,True,False
reaction_wheel_degradation,reaction_wheel_degradation,0.9924589089731757,0.23934016137254835,0.995027392036504,0.7531187476006274,-0.002568483063328353,True,True,False
reaction_wheel_degradation,reaction_wheel_degradation,0.899002849002849,0.21453426075570142,0.8974315169366717,0.6844685882471475,0.0015713320661773222,True,True,False
reaction_wheel_degradation,reaction_wheel_degradation,0.9811871383711024,0.10603610582093755,0.9790880353817815,0.8751510325501648,0.0020991029893209223,True,True,False
reaction_wheel_degradation,reaction_wheel_degradation,0.881814425980345,0.07913751224645664,0.8825071852758442,0.8026769137338884,-0.0006927592954991679,True,True,False
reaction_wheel_degradation,reaction_wheel_degradation,0.8901180351422939,0.08176344332818641,0.8836283956880419,0.8083545918141075,0.006489639454252072,True,True,False
reaction_wheel_degradation,reaction_wheel_degradation,0.8611345874082962,0.05661728265845705,0.8611345874082962,0.8045173047498392,0.0,True,True,False
reaction_wheel_degradation,reaction_wheel_degradation,0.7787828930708885,0.04731856044619399,0.8581124733686419,0.7314643326246946,-0.07932958029775339,True,True,False
reaction_wheel_degradation,reaction_wheel_degradation,0.8321241905795722,0.04501852030891924,0.8290321270875087,0.7871056702706529,0.0030920634920634793,True,True,False
reaction_wheel_degradation,reaction_wheel_degradation,0.950739447330253,0.11536501058929881,0.9578015942229083,0.8353744367409541,-0.007062146892655385,True,True,False
reaction_wheel_degradation,reaction_wheel_degradation,0.8769557928440271,0.13930841148007472,0.8786534530158983,0.7376473813639524,-0.0016976601718711182,True,True,False
reaction_wheel_degradation,reaction_wheel_degradation,0.8895784352918793,0.15641346635160058,0.9651176989740622,0.7331649689402787,-0.07553926368218289,True,True,False
reaction_wheel_degradation,reaction_wheel_degradation,0.8553894852590457,0.15770742138818986,0.8553894852590457,0.6976820638708559,0.0,True,True,False
reaction_wheel_degradation,reaction_wheel_degradation,0.8869400176404502,0.14023268167594163,0.8869400176404503,0.7467073359645086,-1.1102230246251565e-16,True,True,False
reaction_wheel_degradation,reaction_wheel_degradation,0.8579878548639575,0.12958545217046327,0.8599878548639575,0.7284024026934942,-0.0020000000000000018,True,True,False
reaction_wheel_degradation,reaction_wheel_degradation,0.8943729989080976,0.11900435202853621,0.8943729989080977,0.7753686468795614,-1.1102230246251565e-16,True,True,False
reaction_wheel_degradation,reaction_wheel_degradation,0.8340015887444859,0.077277777677718,0.8420015887444858,0.7567238110667679,-0.007999999999999896,True,True,False
reaction_wheel_degradation,reaction_wheel_degradation,0.8395528611377124,0.0856534768800147,0.838740923719223,0.7538993842576978,0.0008119374184893946,True,True,False
reaction_wheel_degradation,reaction_wheel_degradation,0.8924866317716972,0.12846209454677796,0.8924866317716973,0.7640245372249193,-1.1102230246251565e-16,True,True,False
reaction_wheel_degradation,reaction_wheel_degradation,0.8889008955750898,0.11594876569593061,0.8873399220373078,0.7729521298791592,0.0015609735377819511,True,True,False
reaction_wheel_degradation,reaction_wheel_degradation,0.8847184305104492,0.08422731967439846,0.8847184305104493,0.8004911108360507,-1.1102230246251565e-16,True,True,False
reaction_wheel_degradation,reaction_wheel_degradation,0.891017457471532,0.10797986216721567,0.891017457471532,0.7830375953043164,0.0,True,True,False
reaction_wheel_degradation,reaction_wheel_degradation,0.9382256995886077,0.12222041531780667,0.9382256995886076,0.816005284270801,1.1102230246251565e-16,True,True,False
reaction_wheel_degradation,reaction_wheel_degradation,0.8949055250396495,0.1979398288646784,0.8949055250396495,0.6969656961749711,0.0,True,True,False
reaction_wheel_degradation,reaction_wheel_degradation,0.9537283479672886,0.22690206717289804,0.9290646604614116,0.7268262807943905,0.024663687505876997,True,True,False
reaction_wheel_degradation,reaction_wheel_degradation,0.8842645538066363,0.19964541800767158,0.8823012721978989,0.6846191357989647,0.0019632816087373772,True,True,False
battery_voltage_sensor_drift,battery_voltage_sensor_drift,0.9891400952011479,0.017614969176020574,0.9891400952011479,0.9715251260251273,0.0,True,True,False
battery_voltage_sensor_drift,battery_voltage_sensor_drift,0.9944302325581396,0.035279029914050665,0.9944302325581396,0.9591512026440889,0.0,True,True,False
battery_voltage_sensor_drift,battery_voltage_sensor_drift,0.9908813008130081,0.01948089274846876,0.9908813008130081,0.9714004080645393,0.0,True,True,False
battery_voltage_sensor_drift,battery_voltage_sensor_drift,0.930200695916,0.026249490162500593,0.9352430119376332,0.9039512057534994,-0.005042316021633186,True,True,False
battery_voltage_sensor_drift,battery_voltage_sensor_drift,0.9183978483365182,0.010263875114646168,0.9183978483365182,0.908133973221872,0.0,True,True,False
battery_voltage_sensor_drift,battery_voltage_sensor_drift,0.9904566989149867,0.014859919996490447,0.9904566989149867,0.9755967789184962,0.0,True,True,False
battery_voltage_sensor_drift,battery_voltage_sensor_drift,0.7066952263175372,0.008668779514382757,0.7086952263175372,0.6980264468031545,-0.0020000000000000018,True,True,False
battery_voltage_sensor_drift,battery_voltage_sensor_drift,0.966956521262985,0.027035123584415812,0.9798111734861232,0.9399213976785692,-0.012854652223138197,True,True,False
battery_voltage_sensor_drift,battery_voltage_sensor_drift,0.9789802610700801,0.01724627637891779,0.9722605249823411,0.9617339846911623,0.006719736087739014,True,True,False
battery_voltage_sensor_drift,battery_voltage_sensor_drift,0.9091109980860185,0.034066267037984925,0.8670396840201999,0.8750447310480336,0.042071314065818544,True,True,False
battery_voltage_sensor_drift,battery_voltage_sensor_drift,0.9902570811577561,0.024907618370243745,0.9946800737388972,0.9653494627875123,-0.004422992581141094,True,True,False
battery_voltage_sensor_drift,battery_voltage_sensor_drift,0.9795434235302497,0.03571932758037379,0.9795434235302496,0.9438240959498759,1.1102230246251565e-16,True,True,False
battery_voltage_sensor_drift,battery_voltage_sensor_drift,0.8749623174925943,0.0510078504877943,0.870939721511814,0.8239544670048,0.0040225959807803635,True,True,False
battery_voltage_sensor_drift,battery_voltage_sensor_drift,0.9798944188404762,0.044288794179787906,0.979509057530143,0.9356056246606883,0.0003853613103332876,True,True,False
battery_voltage_sensor_drift,battery_voltage_sensor_drift,0.9791250155171735,0.06804983471155598,0.9460766067797676,0.9110751808056174,0.03304840873740589,True,True,False
battery_voltage_sensor_drift,battery_voltage_sensor_drift,0.9811438110166617,0.061274337819185495,0.9811438110166617,0.9198694731974763,0.0,True,True,False
battery_voltage_sensor_drift,battery_voltage_sensor_drift,0.7254407211082917,0.038223936577666956,0.8083711525922729,0.6872167845306247,-0.08293043148398116,True,True,False
battery_voltage_sensor_drift,battery_voltage_sensor_drift,0.8833662374064728,0.08199924189635419,0.8838217801072151,0.8013669955101186,-0.0004555427007423285,True,True,False
battery_voltage_sensor_drift,battery_voltage_sensor_drift,0.9849882337387625,0.05303998418203748,0.98905,0.9319482495567251,-0.004061766261237443,True,True,False
battery_voltage_sensor_drift,battery_voltage_sensor_drift,0.7860891299545808,0.06042126127079835,0.8977410525539311,0.7256678686837824,-0.1116519225993503,True,True,False
battery_voltage_sensor_drift,battery_voltage_sensor_drift,0.9670456513708282,0.06784567693762014,0.9670456513708282,0.8991999744332081,0.0,True,True,False
battery_voltage_sensor_drift,battery_voltage_sensor_drift,0.9729208287358102,0.06426721832305336,0.9729208287358102,0.9086536104127568,0.0,True,True,False
battery_voltage_sensor_drift,battery_voltage_sensor_drift,0.8482272637186373,0.057397712604840306,0.8482272637186373,0.790829551113797,0.0,True,True,False
battery_voltage_sensor_drift,battery_voltage_sensor_drift,0.7767405327909371,0.053044064679884276,0.7788137938015662,0.7236964681110528,-0.0020732610106291016,True,True,False
battery_voltage_sensor_drift,battery_voltage_sensor_drift,0.7984454205141561,0.04804626374134102,0.8107709989436613,0.7503991567728151,-0.012325578429505213,True,True,False
battery_voltage_sensor_drift,battery_voltage_sensor_drift,0.8884834242979552,0.05993497302467003,0.8938116998762663,0.8285484512732852,-0.005328275578311059,True,True,False
battery_voltage_sensor_drift,battery_voltage_sensor_drift,0.8959117717271355,0.06088385970905929,0.8939117717271355,0.8350279120180762,0.0020000000000000018,True,True,False
battery_voltage_sensor_drift,battery_voltage_sensor_drift,0.7941177676635567,0.06209269096815416,0.7890677676635567,0.7320250766954025,0.005049999999999999,True,True,False
battery_voltage_sensor_drift,battery_voltage_sensor_drift,0.7862102025282435,0.062185125832841,0.7862102025282435,0.7240250766954025,0.0,True,True,False
battery_voltage_sensor_drift,battery_voltage_sensor_drift,0.8846404703968664,0.07486603199242084,0.8786404703968664,0.8097744384044456,0.006000000000000005,True,True,False
battery_voltage_sensor_drift,battery_voltage_sensor_drift,0.9907481697169535,0.07156443484550641,0.9887481697169535,0.919183734871447,0.0020000000000000018,True,True,False
battery_voltage_sensor_drift,battery_voltage_sensor_drift,0.779618303109335,0.06405390244346643,0.884223050335947,0.7155644006658686,-0.10460474722661195,True,True,False
battery_voltage_sensor_drift,battery_voltage_sensor_drift,0.7724814057639593,0.059476618923629335,0.7724814057639593,0.71300478684033,0.0,True,True,False
battery_voltage_sensor_drift,battery_voltage_sensor_drift,0.8857197603878266,0.07591535960260064,0.8866697603878267,0.809804400785226,-0.0009500000000001174,True,True,False
battery_voltage_sensor_drift,battery_voltage_sensor_drift,0.7420758441117885,0.0608134145930697,0.7427211346929508,0.6812624295187188,-0.00064529058116225,True,True,False
battery_voltage_sensor_drift,battery_voltage_sensor_drift,0.8915575598058139,0.05804177420936626,0.8915575598058139,0.8335157855964476,0.0,True,True,False
battery_voltage_sensor_drift,battery_voltage_sensor_drift,0.8091769203306965,0.05765277573810131,0.8872629929983386,0.7515241445925952,-0.078086072667642,True,True,False
battery_voltage_sensor_drift,battery_voltage_sensor_drift,0.879097795000694,0.06809029017750211,0.8830977950006941,0.8110075048231918,-0.004000000000000115,True,True,False
battery_voltage_sensor_drift,battery_voltage_sensor_drift,0.8836062901001562,0.07794598452293622,0.8781279039330092,0.80566030557722,0.00547838616714702,True,True,False
battery_voltage_sensor_drift,battery_voltage_sensor_drift,0.8825671161469074,0.07642757125334944,0.8816493946279201,0.806139544893558,0.00091772151898728,True,True,False
battery_voltage_sensor_drift,battery_voltage_sensor_drift,0.8763236893983137,0.07300913200641254,0.8763236893983137,0.8033145573919012,0.0,True,True,False
battery_voltage_sensor_drift,battery_voltage_sensor_drift,0.890296852652473,0.0687338081876394,0.886296852652473,0.8215630444648336,0.0040000000000000036,True,True,False
battery_voltage_sensor_drift,battery_voltage_sensor_drift,0.8933399704441161,0.07086725663716814,0.8933399704441161,0.8224727138069479,0.0,True,True,False
battery_voltage_sensor_drift,battery_voltage_sensor_drift,0.883238142639459,0.0822835404905989,0.886463346840159,0.80095460214886,-0.003225204200700049,True,True,False
battery_voltage_sensor_drift,battery_voltage_sensor_drift,0.94055610065067,0.08022605475462433,0.9396316820460189,0.8603300458960457,0.0009244186046510894,True,True,False
battery_voltage_sensor_drift,battery_voltage_sensor_drift,0.7904667765876414,0.0633340332248096,0.8964079110012362,0.7271327433628318,-0.10594113441359476,True,True,False
battery_voltage_sensor_drift,battery_voltage_sensor_drift,0.977369545632618,0.12062587529556186,0.991157790084013,0.8567436703370561,-0.013788244451394926,True,True,False
battery_voltage_sensor_drift,battery_voltage_sensor_drift,0.9742449362195861,0.05851912128203867,0.9712691786438283,0.9157258149375475,0.0029757575757577426,True,True,False
battery_voltage_sensor_drift,battery_voltage_sensor_drift,0.888746515608227,0.07024695447226002,0.8872616235218961,0.818499561135967,0.0014848920863309578,True,True,False
battery_voltage_sensor_drift,battery_voltage_sensor_drift,0.9813101189954628,0.081196512925344,0.9813101189954628,0.9001136060701188,0.0,True,True,False
battery_voltage_sensor_drift,battery_voltage_sensor_drift,0.874998604046619,0.06209692385760103,0.9830457794193574,0.812901680189018,-0.10804717537273845,True,True,False
battery_voltage_sensor_drift,battery_voltage_sensor_drift,0.8893031621705377,0.09330924197755236,0.8773031621705378,0.7959939201929853,0.0119999999999999,True,True,False
battery_voltage_sensor_drift,battery_voltage_sensor_drift,0.8730113617523315,0.044242231371266316,0.8719357803569826,0.8287691303810651,0.0010755813953489124,True,True,False
battery_voltage_sensor_drift,battery_voltage_sensor_drift,0.8562090112735232,0.061902303795063895,0.8622090112735232,0.7943067074784593,-0.006000000000000005,True,True,False
battery_voltage_sensor_drift,battery_voltage_sensor_drift,0.8813343703990955,0.08544582563190106,0.8813343703990956,0.7958885447671944,-1.1102230246251565e-16,True,True,False
battery_voltage_sensor_drift,battery_voltage_sensor_drift,0.9387131740672876,0.020298604853054097,0.9387131740672876,0.9184145692142335,0.0,True,True,False
battery_voltage_sensor_drift,battery_voltage_sensor_drift,0.8621961487121356,0.019614354084081367,0.8651332892526152,0.8425817946280542,-0.0029371405404796658,True,True,False
battery_voltage_sensor_drift,battery_voltage_sensor_drift,0.7549280832771275,0.02644592898834049,0.7254935016209275,0.7284821542887869,0.029434581656199943,True,True,False
battery_voltage_sensor_drift,battery_voltage_sensor_drift,0.8489102698285712,0.024970243137495466,0.8509102698285712,0.8239400266910757,-0.0020000000000000018,True,True,False
battery_voltage_sensor_drift,battery_voltage_sensor_drift,0.8749509319359136,0.028872632688761918,0.8709509319359134,0.8460782992471516,0.004000000000000115,True,True,False
battery_voltage_sensor_drift,battery_voltage_sensor_drift,0.8801936224855373,0.03258698573389131,0.8832150292133661,0.847606636751646,-0.0030214067278288015,True,True,False
battery_voltage_sensor_drift,battery_voltage_sensor_drift,0.9508999700529113,0.035247904052322886,0.9495611270777047,0.9156520660005883,0.001338842975206589,True,True,False
battery_voltage_sensor_drift,battery_voltage_sensor_drift,0.8762044890289129,0.028402336668695807,0.8762044890289129,0.847802152360217,0.0,True,True,False
battery_voltage_sensor_drift,battery_voltage_sensor_drift,0.8727758905252743,0.03014497256093972,0.8727758905252743,0.8426309179643345,0.0,True,True,False
battery_voltage_sensor_drift,battery_voltage_sensor_drift,0.8801188484389668,0.03314405852300044,0.8801188484389668,0.8469747899159664,0.0,True,True,False
battery_voltage_sensor_drift,battery_voltage_sensor_drift,0.8840182829731869,0.026440073380755238,0.8820182829731869,0.8575782095924316,0.0020000000000000018,True,True,False
battery_voltage_sensor_drift,battery_voltage_sensor_drift,0.8812044890289129,0.030141832467015132,0.8805557366296807,0.8510626565618977,0.000648752399232233,True,True,False
battery_voltage_sensor_drift,battery_voltage_sensor_drift,0.8793098511195628,0.03406900333536247,0.8796431844528961,0.8452408477842004,-0.0003333333333332966,True,True,False
battery_voltage_sensor_drift,battery_voltage_sensor_drift,0.8148150032260053,0.024147873486550127,0.8139966012889592,0.7906671297394552,0.000818401937046076,True,True,False
battery_voltage_sensor_drift,battery_voltage_sensor_drift,0.8506363414491177,0.018016323050196584,0.8405887460164628,0.8326200183989211,0.010047595432654877,True,True,False
battery_voltage_sensor_drift,battery_voltage_sensor_drift,0.8956745987423225,0.011795397160639346,0.8903593278063618,0.8838792015816831,0.005315270935960625,True,True,False
battery_voltage_sensor_drift,battery_voltage_sensor_drift,0.8219377359984003,0.02574615692008958,0.8212618283747354,0.7961915790783107,0.0006759076236648731,True,True,False
telemetry_dropout,telemetry_dropout,0.9999766050054406,0.6219766050054406,0.9379766050054407,0.378,0.061999999999999944,True,False,False
telemetry_dropout,telemetry_dropout,0.9999766050054406,0.6219766050054406,0.8159766050054407,0.378,0.18399999999999994,True,False,False
telemetry_dropout,telemetry_dropout,0.9999766050054406,0.6219766050054406,0.9459766050054407,0.378,0.05399999999999994,True,False,False
telemetry_dropout,telemetry_dropout,0.9999766050054406,0.6219766050054406,0.9479766050054407,0.378,0.051999999999999935,True,False,False
telemetry_dropout,telemetry_dropout,0.9999766050054406,0.6219766050054406,0.8219766050054407,0.378,0.17799999999999994,True,False,False
telemetry_dropout,telemetry_dropout,0.9999766050054406,0.6219766050054406,0.9459766050054407,0.378,0.05399999999999994,True,False,False
telemetry_dropout,telemetry_dropout,0.9999766050054406,0.6219766050054406,0.9379766050054407,0.378,0.061999999999999944,True,False,False
telemetry_dropout,telemetry_dropout,0.9999766050054406,0.6219766050054406,0.9999766050054406,0.378,0.0,True,False,False
telemetry_dropout,telemetry_dropout,0.9999766050054406,0.6219766050054406,0.8859766050054406,0.378,0.11399999999999999,True,False,False
telemetry_dropout,telemetry_dropout,0.9999766050054406,0.6219766050054406,0.8739766050054406,0.378,0.126,True,False,False
telemetry_dropout,telemetry_dropout,0.9999766050054406,0.6219766050054406,0.8139766050054407,0.378,0.18599999999999994,True,False,False
telemetry_dropout,telemetry_dropout,0.9999766050054406,0.6219766050054406,0.9519766050054407,0.378,0.04799999999999993,True,False,False
telemetry_dropout,telemetry_dropout,0.9999766050054406,0.6219766050054406,0.9999766050054406,0.378,0.0,True,False,False
telemetry_dropout,telemetry_dropout,0.9999766050054406,0.6219766050054406,0.9999766050054406,0.378,0.0,True,False,False
telemetry_dropout,telemetry_dropout,0.9999766050054406,0.6219766050054406,0.9399766050054407,0.378,0.05999999999999994,True,False,False
telemetry_dropout,telemetry_dropout,0.9999766050054406,0.6219766050054406,0.9999766050054406,0.378,0.0,True,False,False
telemetry_dropout,telemetry_dropout,0.9999766050054406,0.6219766050054406,0.9319766050054407,0.378,0.06799999999999995,True,False,False
telemetry_dropout,telemetry_dropout,0.9999766050054406,0.6219766050054406,0.9459766050054407,0.378,0.05399999999999994,True,False,False
telemetry_dropout,telemetry_dropout,0.9999766050054406,0.6219766050054406,0.9965382768592786,0.378,0.003438328146161962,True,False,False
telemetry_dropout,telemetry_dropout,0.9999766050054406,0.6219766050054406,0.8799766050054406,0.378,0.12,True,False,False
telemetry_dropout,telemetry_dropout,0.9999766050054406,0.6219766050054406,0.9519766050054407,0.378,0.04799999999999993,True,False,False
telemetry_dropout,telemetry_dropout,0.9999766050054406,0.6219766050054406,0.8839766050054406,0.378,0.11599999999999999,True,False,False
telemetry_dropout,telemetry_dropout,0.9999766050054406,0.6219766050054406,0.9999766050054406,0.378,0.0,True,False,False
telemetry_dropout,telemetry_dropout,0.9999766050054406,0.6219766050054406,0.8839766050054406,0.378,0.11599999999999999,True,False,False
telemetry_dropout,telemetry_dropout,0.9999766050054406,0.6219766050054406,0.9319766050054407,0.378,0.06799999999999995,True,False,False
telemetry_dropout,telemetry_dropout,0.9999766050054406,0.6219766050054406,0.8799766050054406,0.378,0.12,True,False,False
telemetry_dropout,telemetry_dropout,0.9999766050054406,0.6219766050054406,0.9379766050054407,0.378,0.061999999999999944,True,False,False
telemetry_dropout,telemetry_dropout,0.9999766050054406,0.6219766050054406,0.9519766050054407,0.378,0.04799999999999993,True,False,False
telemetry_dropout,telemetry_dropout,0.9999766050054406,0.6219766050054406,0.9519766050054407,0.378,0.04799999999999993,True,False,False
telemetry_dropout,telemetry_dropout,0.9999766050054406,0.6219766050054406,0.9339766050054407,0.378,0.06599999999999995,True,False,False
telemetry_dropout,telemetry_dropout,0.9999766050054406,0.6219766050054406,0.9979766050054406,0.378,0.0020000000000000018,True,False,False
telemetry_dropout,telemetry_dropout,0.9999766050054406,0.6219766050054406,0.9999766050054406,0.378,0.0,True,False,False
telemetry_dropout,telemetry_dropout,0.9999766050054406,0.6219766050054406,0.9319766050054407,0.378,0.06799999999999995,True,False,False
telemetry_dropout,telemetry_dropout,0.9999766050054406,0.6219766050054406,0.9931073825503356,0.378,0.006869222455105017,True,False,False
telemetry_dropout,telemetry_dropout,0.9999766050054406,0.6219766050054406,0.9999766050054406,0.378,0.0,True,False,False
telemetry_dropout,telemetry_dropout,0.9999766050054406,0.6219766050054406,0.9999766050054406,0.378,0.0,True,False,False
telemetry_dropout,telemetry_dropout,0.9999766050054406,0.6219766050054406,0.9999766050054406,0.378,0.0,True,False,False
telemetry_dropout,telemetry_dropout,0.9999766050054406,0.6219766050054406,0.8759766050054406,0.378,0.124,True,False,False
telemetry_dropout,telemetry_dropout,0.9999766050054406,0.6219766050054406,0.9999766050054406,0.378,0.0,True,False,False
telemetry_dropout,telemetry_dropout,0.9999766050054406,0.6219766050054406,0.9999766050054406,0.378,0.0,True,False,False
telemetry_dropout,telemetry_dropout,0.9999766050054406,0.6219766050054406,0.93,0.378,0.06997660500544056,True,False,False
telemetry_dropout,telemetry_dropout,0.9999766050054406,0.6219766050054406,0.9999766050054406,0.378,0.0,True,False,False
telemetry_dropout,telemetry_dropout,0.9999766050054406,0.6219766050054406,0.8159766050054407,0.378,0.18399999999999994,True,False,False
telemetry_dropout,telemetry_dropout,0.9999766050054406,0.6219766050054406,0.9999766050054406,0.378,0.0,True,False,False
telemetry_dropout,telemetry_dropout,0.9999766050054406,0.6219766050054406,0.9479766050054407,0.378,0.051999999999999935,True,False,False
telemetry_dropout,telemetry_dropout,0.9999766050054406,0.6219766050054406,0.9999766050054406,0.378,0.0,True,False,False
telemetry_dropout,telemetry_dropout,0.9999766050054406,0.6219766050054406,0.8799766050054406,0.378,0.12,True,False,False
telemetry_dropout,telemetry_dropout,0.9999766050054406,0.6219766050054406,0.9319766050054407,0.378,0.06799999999999995,True,False,False
telemetry_dropout,telemetry_dropout,0.9999766050054406,0.6219766050054406,0.9479766050054407,0.378,0.051999999999999935,True,False,False
telemetry_dropout,telemetry_dropout,0.9999766050054406,0.6219766050054406,0.9379766050054407,0.378,0.061999999999999944,True,False,False
telemetry_dropout,telemetry_dropout,0.9999766050054406,0.6219766050054406,0.9419766050054407,0.378,0.05799999999999994,True,False,False
telemetry_dropout,telemetry_dropout,0.9999766050054406,0.6219766050054406,0.8279766050054407,0.378,0.17199999999999993,True,False,False
telemetry_dropout,telemetry_dropout,0.9999766050054406,0.6219766050054406,0.9419766050054407,0.378,0.05799999999999994,True,False,False
telemetry_dropout,telemetry_dropout,0.9999766050054406,0.6219766050054406,0.9479766050054407,0.378,0.051999999999999935,True,False,False
telemetry_dropout,telemetry_dropout,0.9999766050054406,0.6219766050054406,0.8999766050054406,0.378,0.09999999999999998,True,False,False
