source_dataset,time_h,true_label,raw_prediction,confidence,accepted,final_diagnosis,raw_correct
nominal,4.2,nominal,nominal,0.6571196474431394,False,uncertain,True
nominal,4.216666666666667,nominal,nominal,0.5315746337999742,False,uncertain,True
nominal,4.233333333333333,nominal,nominal,0.5747415526212266,False,uncertain,True
nominal,4.25,nominal,nominal,0.6334036743726212,False,uncertain,True
nominal,4.266666666666667,nominal,nominal,0.5687866243590939,False,uncertain,True
nominal,4.283333333333333,nominal,nominal,0.5241799453693202,False,uncertain,True
nominal,4.3,nominal,nominal,0.5847015481224177,False,uncertain,True
nominal,4.316666666666666,nominal,nominal,0.4899013785716765,False,uncertain,True
nominal,4.333333333333333,nominal,nominal,0.48295071064928397,False,uncertain,True
nominal,4.35,nominal,nominal,0.5376385850844214,False,uncertain,True
nominal,4.366666666666666,nominal,nominal,0.42832496151475397,False,uncertain,True
nominal,4.383333333333334,nominal,nominal,0.4563496210430526,False,uncertain,True
nominal,4.4,nominal,nominal,0.5161780369430303,False,uncertain,True
nominal,4.416666666666667,nominal,nominal,0.4287096496182271,False,uncertain,True
nominal,4.433333333333334,nominal,nominal,0.45588204414181827,False,uncertain,True
nominal,4.45,nominal,nominal,0.3791109251595395,False,uncertain,True
nominal,4.466666666666667,nominal,battery_degradation,0.4637754916900721,False,uncertain,False
nominal,4.483333333333333,nominal,battery_degradation,0.48917048423840537,False,uncertain,False
nominal,4.5,nominal,battery_degradation,0.5570652410127822,False,uncertain,False
nominal,4.516666666666667,nominal,nominal,0.5540704134590384,False,uncertain,True
nominal,4.533333333333333,nominal,nominal,0.4996169601728217,False,uncertain,True
nominal,4.55,nominal,nominal,0.5283819905878612,False,uncertain,True
nominal,4.566666666666666,nominal,nominal,0.7095265411497786,True,nominal,True
nominal,4.583333333333333,nominal,nominal,0.6934999518957459,False,uncertain,True
nominal,4.6,nominal,nominal,0.6092475053321493,False,uncertain,True
nominal,4.616666666666666,nominal,nominal,0.7379254838507763,True,nominal,True
nominal,4.633333333333334,nominal,nominal,0.6662184047459119,False,uncertain,True
nominal,4.65,nominal,nominal,0.555615271525491,False,uncertain,True
nominal,4.666666666666667,nominal,battery_degradation,0.46827820958167626,False,uncertain,False
nominal,4.683333333333334,nominal,nominal,0.5998366997836667,False,uncertain,True
nominal,4.7,nominal,nominal,0.6984563166461688,False,uncertain,True
nominal,4.716666666666667,nominal,nominal,0.6249553403463661,False,uncertain,True
nominal,4.733333333333333,nominal,nominal,0.6805210783052004,False,uncertain,True
nominal,4.75,nominal,nominal,0.47377337398062835,False,uncertain,True
nominal,4.766666666666667,nominal,nominal,0.5349945034713205,False,uncertain,True
nominal,4.783333333333333,nominal,nominal,0.5715843063251077,False,uncertain,True
nominal,4.8,nominal,nominal,0.5320165051459402,False,uncertain,True
nominal,4.816666666666666,nominal,nominal,0.5744664731691522,False,uncertain,True
nominal,4.833333333333333,nominal,nominal,0.4819805196880937,False,uncertain,True
nominal,4.85,nominal,nominal,0.5553931535035288,False,uncertain,True
nominal,4.866666666666666,nominal,battery_degradation,0.486765641334435,False,uncertain,False
nominal,4.883333333333334,nominal,nominal,0.46400557297116735,False,uncertain,True
nominal,4.9,nominal,nominal,0.5873213976245442,False,uncertain,True
nominal,4.916666666666667,nominal,thermal_anomaly,0.47615666294361,False,uncertain,False
nominal,4.933333333333334,nominal,nominal,0.5036807612129875,False,uncertain,True
nominal,4.95,nominal,nominal,0.6007373740916104,False,uncertain,True
nominal,4.966666666666667,nominal,nominal,0.5031055816996463,False,uncertain,True
nominal,4.983333333333333,nominal,nominal,0.5858231668753544,False,uncertain,True
nominal,5.0,nominal,nominal,0.49389711898602506,False,uncertain,True
nominal,5.016666666666667,nominal,nominal,0.512306570602005,False,uncertain,True
nominal,5.033333333333333,nominal,nominal,0.5736187366446515,False,uncertain,True
nominal,5.05,nominal,nominal,0.5170880604351703,False,uncertain,True
nominal,5.066666666666666,nominal,nominal,0.6706708718645887,False,uncertain,True
nominal,5.083333333333333,nominal,nominal,0.4446014244907995,False,uncertain,True
nominal,5.1,nominal,nominal,0.6482113177378301,False,uncertain,True
nominal,5.116666666666666,nominal,nominal,0.7271373702773579,True,nominal,True
nominal,5.133333333333334,nominal,nominal,0.4677783871043917,False,uncertain,True
nominal,5.15,nominal,nominal,0.6228357678800971,False,uncertain,True
nominal,5.166666666666667,nominal,nominal,0.6115550618366605,False,uncertain,True
nominal,5.183333333333334,nominal,nominal,0.5017058263726223,False,uncertain,True
nominal,5.2,nominal,nominal,0.41355269795126215,False,uncertain,True
nominal,5.216666666666667,nominal,battery_degradation,0.41227311906766057,False,uncertain,False
nominal,5.233333333333333,nominal,nominal,0.4482935587156329,False,uncertain,True
nominal,5.25,nominal,battery_degradation,0.4446002366475429,False,uncertain,False
nominal,5.266666666666667,nominal,nominal,0.39230463365303936,False,uncertain,True
nominal,5.283333333333333,nominal,nominal,0.3272597590247078,False,uncertain,True
nominal,5.3,nominal,battery_degradation,0.3989858414458897,False,uncertain,False
nominal,5.316666666666666,nominal,nominal,0.46869115113441845,False,uncertain,True
nominal,5.333333333333333,nominal,nominal,0.37516148831737384,False,uncertain,True
nominal,5.35,nominal,battery_degradation,0.3412701060569563,False,uncertain,False
nominal,5.366666666666666,nominal,nominal,0.3961661977766193,False,uncertain,True
nominal,5.383333333333334,nominal,thermal_anomaly,0.3239955686144524,False,uncertain,False
nominal,5.4,nominal,battery_degradation,0.4311745149917533,False,uncertain,False
nominal,5.416666666666667,nominal,battery_degradation,0.4372047798836529,False,uncertain,False
nominal,5.433333333333334,nominal,battery_degradation,0.39276190904962327,False,uncertain,False
nominal,5.45,nominal,nominal,0.36178958971459807,False,uncertain,True
nominal,5.466666666666667,nominal,nominal,0.4509724594415288,False,uncertain,True
nominal,5.483333333333333,nominal,nominal,0.449656460535944,False,uncertain,True
nominal,5.5,nominal,nominal,0.47757062388398386,False,uncertain,True
nominal,5.516666666666667,nominal,battery_degradation,0.3931352834398531,False,uncertain,False
nominal,5.533333333333333,nominal,nominal,0.3848350220238837,False,uncertain,True
nominal,5.55,nominal,nominal,0.545584861248193,False,uncertain,True
nominal,5.566666666666666,nominal,nominal,0.48270009053076046,False,uncertain,True
nominal,5.583333333333333,nominal,nominal,0.6309497718827566,False,uncertain,True
nominal,5.6,nominal,nominal,0.5201636381484855,False,uncertain,True
nominal,5.616666666666666,nominal,nominal,0.6086764794271117,False,uncertain,True
nominal,5.633333333333334,nominal,nominal,0.7409598261050708,True,nominal,True
nominal,5.65,nominal,nominal,0.5679924917587952,False,uncertain,True
nominal,5.666666666666667,nominal,nominal,0.5585740121007375,False,uncertain,True
nominal,5.683333333333334,nominal,nominal,0.4340176791950767,False,uncertain,True
nominal,5.7,nominal,battery_degradation,0.37726823924695413,False,uncertain,False
nominal,5.716666666666667,nominal,nominal,0.49403778076923327,False,uncertain,True
nominal,5.733333333333333,nominal,battery_degradation,0.4802796092348023,False,uncertain,False
nominal,5.75,nominal,nominal,0.3749349025205237,False,uncertain,True
nominal,5.766666666666667,nominal,nominal,0.3654631811168445,False,uncertain,True
nominal,5.783333333333333,nominal,nominal,0.4120022861255273,False,uncertain,True
nominal,5.8,nominal,nominal,0.4629221470386867,False,uncertain,True
nominal,5.816666666666666,nominal,nominal,0.44070283030548313,False,uncertain,True
nominal,5.833333333333333,nominal,nominal,0.4849557104633583,False,uncertain,True
nominal,5.85,nominal,battery_degradation,0.3570552366358187,False,uncertain,False
nominal,5.866666666666666,nominal,nominal,0.3304216097966448,False,uncertain,True
nominal,5.883333333333334,nominal,nominal,0.3841414920735572,False,uncertain,True
nominal,5.9,nominal,nominal,0.39566230925807283,False,uncertain,True
nominal,5.916666666666667,nominal,nominal,0.3723374488378222,False,uncertain,True
nominal,5.933333333333334,nominal,nominal,0.3939215689906839,False,uncertain,True
nominal,5.95,nominal,nominal,0.3106592560261551,False,uncertain,True
nominal,5.966666666666667,nominal,battery_degradation,0.3437952103415114,False,uncertain,False
nominal,5.983333333333333,nominal,battery_degradation,0.4638522547713654,False,uncertain,False
nominal,6.0,nominal,battery_degradation,0.6391882990307487,False,uncertain,False
solar_array_degradation,4.816666666666666,solar_array_degradation,solar_array_degradation,0.9966785449293702,True,solar_array_degradation,True
solar_array_degradation,4.833333333333333,solar_array_degradation,solar_array_degradation,0.9911639751552795,True,solar_array_degradation,True
solar_array_degradation,4.85,solar_array_degradation,solar_array_degradation,0.9995813953488372,True,solar_array_degradation,True
solar_array_degradation,4.866666666666666,solar_array_degradation,solar_array_degradation,0.9889169820063326,True,solar_array_degradation,True
solar_array_degradation,4.883333333333334,solar_array_degradation,solar_array_degradation,0.9293645396487622,True,solar_array_degradation,True
solar_array_degradation,4.9,solar_array_degradation,solar_array_degradation,0.9907935194492128,True,solar_array_degradation,True
solar_array_degradation,4.916666666666667,solar_array_degradation,solar_array_degradation,0.7120037206485396,True,solar_array_degradation,True
solar_array_degradation,4.933333333333334,solar_array_degradation,solar_array_degradation,0.9924278846153847,True,solar_array_degradation,True
solar_array_degradation,4.95,solar_array_degradation,solar_array_degradation,0.9849948235659879,True,solar_array_degradation,True
solar_array_degradation,4.966666666666667,solar_array_degradation,solar_array_degradation,0.9911383801383802,True,solar_array_degradation,True
solar_array_degradation,4.983333333333333,solar_array_degradation,solar_array_degradation,0.9964478940893914,True,solar_array_degradation,True
solar_array_degradation,5.0,solar_array_degradation,solar_array_degradation,0.9986755710196982,True,solar_array_degradation,True
solar_array_degradation,5.016666666666667,solar_array_degradation,solar_array_degradation,0.989414382215642,True,solar_array_degradation,True
solar_array_degradation,5.033333333333333,solar_array_degradation,solar_array_degradation,0.9832823028982317,True,solar_array_degradation,True
solar_array_degradation,5.05,solar_array_degradation,solar_array_degradation,0.9960203344029896,True,solar_array_degradation,True
solar_array_degradation,5.066666666666666,solar_array_degradation,solar_array_degradation,0.9995202312138729,True,solar_array_degradation,True
solar_array_degradation,5.083333333333333,solar_array_degradation,solar_array_degradation,0.8856062775206052,True,solar_array_degradation,True
solar_array_degradation,5.1,solar_array_degradation,solar_array_degradation,0.989680036835652,True,solar_array_degradation,True
solar_array_degradation,5.116666666666666,solar_array_degradation,solar_array_degradation,0.9942702746764157,True,solar_array_degradation,True
solar_array_degradation,5.133333333333334,solar_array_degradation,solar_array_degradation,0.8859498641236915,True,solar_array_degradation,True
solar_array_degradation,5.15,solar_array_degradation,solar_array_degradation,0.998,True,solar_array_degradation,True
solar_array_degradation,5.166666666666667,solar_array_degradation,solar_array_degradation,1.0,True,solar_array_degradation,True
solar_array_degradation,5.183333333333334,solar_array_degradation,solar_array_degradation,0.8550477582366273,True,solar_array_degradation,True
solar_array_degradation,5.2,solar_array_degradation,solar_array_degradation,0.8738142244307103,True,solar_array_degradation,True
solar_array_degradation,5.216666666666667,solar_array_degradation,solar_array_degradation,0.8758151091044626,True,solar_array_degradation,True
solar_array_degradation,5.233333333333333,solar_array_degradation,solar_array_degradation,0.886127788747439,True,solar_array_degradation,True
solar_array_degradation,5.25,solar_array_degradation,solar_array_degradation,0.8702164731431007,True,solar_array_degradation,True
solar_array_degradation,5.266666666666667,solar_array_degradation,solar_array_degradation,0.8872536817316251,True,solar_array_degradation,True
solar_array_degradation,5.283333333333333,solar_array_degradation,solar_array_degradation,0.8750598394471143,True,solar_array_degradation,True
solar_array_degradation,5.3,solar_array_degradation,solar_array_degradation,0.9641572237540538,True,solar_array_degradation,True
solar_array_degradation,5.316666666666666,solar_array_degradation,solar_array_degradation,0.986063188575691,True,solar_array_degradation,True
solar_array_degradation,5.333333333333333,solar_array_degradation,solar_array_degradation,0.8814782608695653,True,solar_array_degradation,True
solar_array_degradation,5.35,solar_array_degradation,solar_array_degradation,0.8827687046195939,True,solar_array_degradation,True
solar_array_degradation,5.366666666666666,solar_array_degradation,solar_array_degradation,0.9900233949945594,True,solar_array_degradation,True
solar_array_degradation,5.383333333333334,solar_array_degradation,solar_array_degradation,0.8424471789584411,True,solar_array_degradation,True
solar_array_degradation,5.4,solar_array_degradation,solar_array_degradation,0.8790432432432433,True,solar_array_degradation,True
solar_array_degradation,5.416666666666667,solar_array_degradation,solar_array_degradation,0.879271756665305,True,solar_array_degradation,True
solar_array_degradation,5.433333333333334,solar_array_degradation,solar_array_degradation,0.7449529420092023,True,solar_array_degradation,True
solar_array_degradation,5.45,solar_array_degradation,solar_array_degradation,0.7887753283684424,True,solar_array_degradation,True
solar_array_degradation,5.466666666666667,solar_array_degradation,solar_array_degradation,0.868483032093895,True,solar_array_degradation,True
solar_array_degradation,5.483333333333333,solar_array_degradation,solar_array_degradation,0.8825748060850784,True,solar_array_degradation,True
solar_array_degradation,5.5,solar_array_degradation,solar_array_degradation,0.7461915350109635,True,solar_array_degradation,True
solar_array_degradation,5.516666666666667,solar_array_degradation,solar_array_degradation,0.6186442720275039,False,uncertain,True
solar_array_degradation,5.533333333333333,solar_array_degradation,solar_array_degradation,0.7597970270480855,True,solar_array_degradation,True
solar_array_degradation,5.55,solar_array_degradation,solar_array_degradation,0.8637359690561663,True,solar_array_degradation,True
solar_array_degradation,5.566666666666666,solar_array_degradation,solar_array_degradation,0.7679286361438301,True,solar_array_degradation,True
solar_array_degradation,5.583333333333333,solar_array_degradation,solar_array_degradation,0.8809705472262577,True,solar_array_degradation,True
solar_array_degradation,5.6,solar_array_degradation,solar_array_degradation,0.725663711585826,True,solar_array_degradation,True
solar_array_degradation,5.616666666666666,solar_array_degradation,solar_array_degradation,0.7456287285193789,True,solar_array_degradation,True
solar_array_degradation,5.633333333333334,solar_array_degradation,solar_array_degradation,0.8272136664084795,True,solar_array_degradation,True
solar_array_degradation,5.65,solar_array_degradation,solar_array_degradation,0.886699171603356,True,solar_array_degradation,True
solar_array_degradation,5.666666666666667,solar_array_degradation,solar_array_degradation,0.8246980875339489,True,solar_array_degradation,True
solar_array_degradation,5.683333333333334,solar_array_degradation,solar_array_degradation,0.715960292531371,True,solar_array_degradation,True
solar_array_degradation,5.7,solar_array_degradation,solar_array_degradation,0.6862015228589555,False,uncertain,True
solar_array_degradation,5.716666666666667,solar_array_degradation,solar_array_degradation,0.8603511221389868,True,solar_array_degradation,True
solar_array_degradation,5.733333333333333,solar_array_degradation,solar_array_degradation,0.7473600722888523,True,solar_array_degradation,True
solar_array_degradation,5.75,solar_array_degradation,solar_array_degradation,0.7665021781008378,True,solar_array_degradation,True
solar_array_degradation,5.766666666666667,solar_array_degradation,solar_array_degradation,0.6740906121813434,False,uncertain,True
solar_array_degradation,5.783333333333333,solar_array_degradation,solar_array_degradation,0.7689696972249442,True,solar_array_degradation,True
solar_array_degradation,5.8,solar_array_degradation,solar_array_degradation,0.9093116742648802,True,solar_array_degradation,True
solar_array_degradation,5.816666666666666,solar_array_degradation,solar_array_degradation,0.8626307891976462,True,solar_array_degradation,True
solar_array_degradation,5.833333333333333,solar_array_degradation,solar_array_degradation,0.893578482328684,True,solar_array_degradation,True
solar_array_degradation,5.85,solar_array_degradation,solar_array_degradation,0.8239365995720457,True,solar_array_degradation,True
solar_array_degradation,5.866666666666666,solar_array_degradation,solar_array_degradation,0.7658795020493918,True,solar_array_degradation,True
solar_array_degradation,5.883333333333334,solar_array_degradation,solar_array_degradation,0.6225506447379987,False,uncertain,True
solar_array_degradation,5.9,solar_array_degradation,solar_array_degradation,0.8768527929282733,True,solar_array_degradation,True
solar_array_degradation,5.916666666666667,solar_array_degradation,solar_array_degradation,0.8193153253549794,True,solar_array_degradation,True
solar_array_degradation,5.933333333333334,solar_array_degradation,solar_array_degradation,0.7395107827710675,True,solar_array_degradation,True
solar_array_degradation,5.95,solar_array_degradation,solar_array_degradation,0.7262705259285851,True,solar_array_degradation,True
solar_array_degradation,5.966666666666667,solar_array_degradation,solar_array_degradation,0.6285564417587243,False,uncertain,True
solar_array_degradation,5.983333333333333,solar_array_degradation,solar_array_degradation,0.7591342288609999,True,solar_array_degradation,True
solar_array_degradation,6.0,solar_array_degradation,solar_array_degradation,0.8595711877719192,True,solar_array_degradation,True
battery_degradation,4.816666666666666,battery_degradation,battery_degradation,0.7955086958273279,True,battery_degradation,True
battery_degradation,4.833333333333333,battery_degradation,battery_degradation,0.6513348933328604,False,uncertain,True
battery_degradation,4.85,battery_degradation,battery_degradation,0.727871170519763,True,battery_degradation,True
battery_degradation,4.866666666666666,battery_degradation,battery_degradation,0.6963682467863688,False,uncertain,True
battery_degradation,4.883333333333334,battery_degradation,battery_degradation,0.5071633492867134,False,uncertain,True
battery_degradation,4.9,battery_degradation,battery_degradation,0.7492267294296858,True,battery_degradation,True
battery_degradation,4.916666666666667,battery_degradation,thermal_anomaly,0.4840526684280355,False,uncertain,False
battery_degradation,4.933333333333334,battery_degradation,battery_degradation,0.6325629739148898,False,uncertain,True
battery_degradation,4.95,battery_degradation,battery_degradation,0.6863993408937964,False,uncertain,True
battery_degradation,4.966666666666667,battery_degradation,battery_degradation,0.4948050867746092,False,uncertain,True
battery_degradation,4.983333333333333,battery_degradation,battery_degradation,0.6567084693512664,False,uncertain,True
battery_degradation,5.0,battery_degradation,battery_degradation,0.7517011736745278,True,battery_degradation,True
battery_degradation,5.016666666666667,battery_degradation,battery_degradation,0.38403144691910773,False,uncertain,True
battery_degradation,5.033333333333333,battery_degradation,battery_degradation,0.5869592134521842,False,uncertain,True
battery_degradation,5.05,battery_degradation,battery_degradation,0.5813939726802726,False,uncertain,True
battery_degradation,5.066666666666666,battery_degradation,battery_degradation,0.5051487782113889,False,uncertain,True
battery_degradation,5.083333333333333,battery_degradation,battery_degradation,0.3670647951745002,False,uncertain,True
battery_degradation,5.1,battery_degradation,battery_degradation,0.5465425710966989,False,uncertain,True
battery_degradation,5.116666666666666,battery_degradation,nominal,0.5701661485888687,False,uncertain,False
battery_degradation,5.133333333333334,battery_degradation,nominal,0.4373288175088788,False,uncertain,False
battery_degradation,5.15,battery_degradation,battery_degradation,0.46223265744693476,False,uncertain,True
battery_degradation,5.166666666666667,battery_degradation,nominal,0.4555266960968602,False,uncertain,False
battery_degradation,5.183333333333334,battery_degradation,battery_degradation,0.3779340143793909,False,uncertain,True
battery_degradation,5.2,battery_degradation,nominal,0.4612162149246101,False,uncertain,False
battery_degradation,5.216666666666667,battery_degradation,battery_degradation,0.4840365454656054,False,uncertain,True
battery_degradation,5.233333333333333,battery_degradation,battery_degradation,0.46753832813352914,False,uncertain,True
battery_degradation,5.25,battery_degradation,battery_degradation,0.49046930077653117,False,uncertain,True
battery_degradation,5.266666666666667,battery_degradation,nominal,0.3490398778030147,False,uncertain,False
battery_degradation,5.283333333333333,battery_degradation,nominal,0.32899009327992507,False,uncertain,False
battery_degradation,5.3,battery_degradation,battery_degradation,0.405313661212717,False,uncertain,True
battery_degradation,5.316666666666666,battery_degradation,nominal,0.45469536723438003,False,uncertain,False
battery_degradation,5.333333333333333,battery_degradation,nominal,0.37202832119196183,False,uncertain,False
battery_degradation,5.35,battery_degradation,battery_degradation,0.3412701060569563,False,uncertain,True
battery_degradation,5.366666666666666,battery_degradation,battery_degradation,0.398535094065487,False,uncertain,True
battery_degradation,5.383333333333334,battery_degradation,thermal_anomaly,0.32512528946831115,False,uncertain,False
battery_degradation,5.4,battery_degradation,battery_degradation,0.4283881330666527,False,uncertain,True
battery_degradation,5.416666666666667,battery_degradation,battery_degradation,0.4173210353175437,False,uncertain,True
battery_degradation,5.433333333333334,battery_degradation,battery_degradation,0.47401126306997315,False,uncertain,True
battery_degradation,5.45,battery_degradation,battery_degradation,0.4303586170829121,False,uncertain,True
battery_degradation,5.466666666666667,battery_degradation,battery_degradation,0.4637179302689597,False,uncertain,True
battery_degradation,5.483333333333333,battery_degradation,nominal,0.4117738976163152,False,uncertain,False
battery_degradation,5.5,battery_degradation,nominal,0.40791241747806534,False,uncertain,False
battery_degradation,5.516666666666667,battery_degradation,battery_degradation,0.38761779168292837,False,uncertain,True
battery_degradation,5.533333333333333,battery_degradation,battery_degradation,0.578407422242834,False,uncertain,True
battery_degradation,5.55,battery_degradation,battery_degradation,0.5184391166892186,False,uncertain,True
battery_degradation,5.566666666666666,battery_degradation,nominal,0.3608685623424591,False,uncertain,False
battery_degradation,5.583333333333333,battery_degradation,battery_degradation,0.39249845596381416,False,uncertain,True
battery_degradation,5.6,battery_degradation,battery_degradation,0.5967983818474945,False,uncertain,True
battery_degradation,5.616666666666666,battery_degradation,battery_degradation,0.7468411785469222,True,battery_degradation,True
battery_degradation,5.633333333333334,battery_degradation,battery_degradation,0.9237824859938003,True,battery_degradation,True
battery_degradation,5.65,battery_degradation,battery_degradation,0.8106010064686897,True,battery_degradation,True
battery_degradation,5.666666666666667,battery_degradation,battery_degradation,0.7125406289708321,True,battery_degradation,True
battery_degradation,5.683333333333334,battery_degradation,battery_degradation,0.4872801426389969,False,uncertain,True
battery_degradation,5.7,battery_degradation,battery_degradation,0.5820326345082496,False,uncertain,True
battery_degradation,5.716666666666667,battery_degradation,nominal,0.4053127226429113,False,uncertain,False
battery_degradation,5.733333333333333,battery_degradation,battery_degradation,0.7519383246442655,True,battery_degradation,True
battery_degradation,5.75,battery_degradation,battery_degradation,0.6573997567708023,False,uncertain,True
battery_degradation,5.766666666666667,battery_degradation,battery_degradation,0.4555034132410737,False,uncertain,True
battery_degradation,5.783333333333333,battery_degradation,battery_degradation,0.6789460588737587,False,uncertain,True
battery_degradation,5.8,battery_degradation,battery_degradation,0.7751097170122538,True,battery_degradation,True
battery_degradation,5.816666666666666,battery_degradation,battery_degradation,0.8156299980530723,True,battery_degradation,True
battery_degradation,5.833333333333333,battery_degradation,battery_degradation,0.6982674062820865,False,uncertain,True
battery_degradation,5.85,battery_degradation,battery_degradation,0.7841828684638527,True,battery_degradation,True
battery_degradation,5.866666666666666,battery_degradation,battery_degradation,0.769853921258389,True,battery_degradation,True
battery_degradation,5.883333333333334,battery_degradation,battery_degradation,0.709110878016996,True,battery_degradation,True
battery_degradation,5.9,battery_degradation,battery_degradation,0.6842110689666885,False,uncertain,True
battery_degradation,5.916666666666667,battery_degradation,battery_degradation,0.7197000836984786,True,battery_degradation,True
battery_degradation,5.933333333333334,battery_degradation,battery_degradation,0.6179563117884036,False,uncertain,True
battery_degradation,5.95,battery_degradation,battery_degradation,0.5541673086666966,False,uncertain,True
battery_degradation,5.966666666666667,battery_degradation,battery_degradation,0.7191507859377219,True,battery_degradation,True
battery_degradation,5.983333333333333,battery_degradation,battery_degradation,0.7203550903807702,True,battery_degradation,True
battery_degradation,6.0,battery_degradation,battery_degradation,0.7831893776075026,True,battery_degradation,True
thermal_anomaly,4.816666666666666,thermal_anomaly,thermal_anomaly,1.0,True,thermal_anomaly,True
thermal_anomaly,4.833333333333333,thermal_anomaly,thermal_anomaly,0.996662930843582,True,thermal_anomaly,True
thermal_anomaly,4.85,thermal_anomaly,thermal_anomaly,1.0,True,thermal_anomaly,True
thermal_anomaly,4.866666666666666,thermal_anomaly,thermal_anomaly,0.9951090289120704,True,thermal_anomaly,True
thermal_anomaly,4.883333333333334,thermal_anomaly,thermal_anomaly,1.0,True,thermal_anomaly,True
thermal_anomaly,4.9,thermal_anomaly,thermal_anomaly,0.9990252100840337,True,thermal_anomaly,True
thermal_anomaly,4.916666666666667,thermal_anomaly,thermal_anomaly,0.9907618617239828,True,thermal_anomaly,True
thermal_anomaly,4.933333333333334,thermal_anomaly,thermal_anomaly,1.0,True,thermal_anomaly,True
thermal_anomaly,4.95,thermal_anomaly,thermal_anomaly,0.997094674556213,True,thermal_anomaly,True
thermal_anomaly,4.966666666666667,thermal_anomaly,thermal_anomaly,0.9996867469879518,True,thermal_anomaly,True
thermal_anomaly,4.983333333333333,thermal_anomaly,thermal_anomaly,1.0,True,thermal_anomaly,True
thermal_anomaly,5.0,thermal_anomaly,thermal_anomaly,0.998,True,thermal_anomaly,True
thermal_anomaly,5.016666666666667,thermal_anomaly,thermal_anomaly,0.998,True,thermal_anomaly,True
thermal_anomaly,5.033333333333333,thermal_anomaly,thermal_anomaly,0.998,True,thermal_anomaly,True
thermal_anomaly,5.05,thermal_anomaly,thermal_anomaly,1.0,True,thermal_anomaly,True
thermal_anomaly,5.066666666666666,thermal_anomaly,thermal_anomaly,1.0,True,thermal_anomaly,True
thermal_anomaly,5.083333333333333,thermal_anomaly,thermal_anomaly,1.0,True,thermal_anomaly,True
thermal_anomaly,5.1,thermal_anomaly,thermal_anomaly,1.0,True,thermal_anomaly,True
thermal_anomaly,5.116666666666666,thermal_anomaly,thermal_anomaly,1.0,True,thermal_anomaly,True
thermal_anomaly,5.133333333333334,thermal_anomaly,thermal_anomaly,0.9986918714555766,True,thermal_anomaly,True
thermal_anomaly,5.15,thermal_anomaly,thermal_anomaly,1.0,True,thermal_anomaly,True
thermal_anomaly,5.166666666666667,thermal_anomaly,thermal_anomaly,0.9990252100840337,True,thermal_anomaly,True
thermal_anomaly,5.183333333333334,thermal_anomaly,thermal_anomaly,0.9798695588212532,True,thermal_anomaly,True
thermal_anomaly,5.2,thermal_anomaly,thermal_anomaly,0.9958491488290933,True,thermal_anomaly,True
thermal_anomaly,5.216666666666667,thermal_anomaly,thermal_anomaly,0.999120253164557,True,thermal_anomaly,True
thermal_anomaly,5.233333333333333,thermal_anomaly,thermal_anomaly,1.0,True,thermal_anomaly,True
thermal_anomaly,5.25,thermal_anomaly,thermal_anomaly,0.977,True,thermal_anomaly,True
thermal_anomaly,5.266666666666667,thermal_anomaly,thermal_anomaly,0.9986918714555766,True,thermal_anomaly,True
thermal_anomaly,5.283333333333333,thermal_anomaly,thermal_anomaly,0.998,True,thermal_anomaly,True
thermal_anomaly,5.3,thermal_anomaly,thermal_anomaly,1.0,True,thermal_anomaly,True
thermal_anomaly,5.316666666666666,thermal_anomaly,thermal_anomaly,0.9958491488290933,True,thermal_anomaly,True
thermal_anomaly,5.333333333333333,thermal_anomaly,thermal_anomaly,1.0,True,thermal_anomaly,True
thermal_anomaly,5.35,thermal_anomaly,thermal_anomaly,0.9967481849955592,True,thermal_anomaly,True
thermal_anomaly,5.366666666666666,thermal_anomaly,thermal_anomaly,1.0,True,thermal_anomaly,True
thermal_anomaly,5.383333333333334,thermal_anomaly,thermal_anomaly,0.9798695588212532,True,thermal_anomaly,True
thermal_anomaly,5.4,thermal_anomaly,thermal_anomaly,0.9990252100840337,True,thermal_anomaly,True
thermal_anomaly,5.416666666666667,thermal_anomaly,thermal_anomaly,0.993918617192671,True,thermal_anomaly,True
thermal_anomaly,5.433333333333334,thermal_anomaly,thermal_anomaly,0.9946564482243133,True,thermal_anomaly,True
thermal_anomaly,5.45,thermal_anomaly,thermal_anomaly,0.9967514910536779,True,thermal_anomaly,True
thermal_anomaly,5.466666666666667,thermal_anomaly,thermal_anomaly,0.9992913385826772,True,thermal_anomaly,True
thermal_anomaly,5.483333333333333,thermal_anomaly,thermal_anomaly,1.0,True,thermal_anomaly,True
thermal_anomaly,5.5,thermal_anomaly,thermal_anomaly,0.998,True,thermal_anomaly,True
thermal_anomaly,5.516666666666667,thermal_anomaly,thermal_anomaly,0.9933675889328063,True,thermal_anomaly,True
thermal_anomaly,5.533333333333333,thermal_anomaly,thermal_anomaly,0.9982483568112251,True,thermal_anomaly,True
thermal_anomaly,5.55,thermal_anomaly,thermal_anomaly,1.0,True,thermal_anomaly,True
thermal_anomaly,5.566666666666666,thermal_anomaly,thermal_anomaly,1.0,True,thermal_anomaly,True
thermal_anomaly,5.583333333333333,thermal_anomaly,thermal_anomaly,1.0,True,thermal_anomaly,True
thermal_anomaly,5.6,thermal_anomaly,thermal_anomaly,0.998,True,thermal_anomaly,True
thermal_anomaly,5.616666666666666,thermal_anomaly,thermal_anomaly,1.0,True,thermal_anomaly,True
thermal_anomaly,5.633333333333334,thermal_anomaly,thermal_anomaly,1.0,True,thermal_anomaly,True
thermal_anomaly,5.65,thermal_anomaly,thermal_anomaly,0.9956831233321525,True,thermal_anomaly,True
thermal_anomaly,5.666666666666667,thermal_anomaly,thermal_anomaly,0.99839279901684,True,thermal_anomaly,True
thermal_anomaly,5.683333333333334,thermal_anomaly,thermal_anomaly,1.0,True,thermal_anomaly,True
thermal_anomaly,5.7,thermal_anomaly,thermal_anomaly,0.986165095285308,True,thermal_anomaly,True
thermal_anomaly,5.716666666666667,thermal_anomaly,thermal_anomaly,0.9981017963225561,True,thermal_anomaly,True
thermal_anomaly,5.733333333333333,thermal_anomaly,thermal_anomaly,0.9963175910956349,True,thermal_anomaly,True
thermal_anomaly,5.75,thermal_anomaly,thermal_anomaly,0.9986918714555766,True,thermal_anomaly,True
thermal_anomaly,5.766666666666667,thermal_anomaly,thermal_anomaly,0.9538953041512321,True,thermal_anomaly,True
thermal_anomaly,5.783333333333333,thermal_anomaly,thermal_anomaly,1.0,True,thermal_anomaly,True
thermal_anomaly,5.8,thermal_anomaly,thermal_anomaly,1.0,True,thermal_anomaly,True
thermal_anomaly,5.816666666666666,thermal_anomaly,thermal_anomaly,1.0,True,thermal_anomaly,True
thermal_anomaly,5.833333333333333,thermal_anomaly,thermal_anomaly,1.0,True,thermal_anomaly,True
thermal_anomaly,5.85,thermal_anomaly,thermal_anomaly,0.9990252100840337,True,thermal_anomaly,True
thermal_anomaly,5.866666666666666,thermal_anomaly,thermal_anomaly,0.998,True,thermal_anomaly,True
thermal_anomaly,5.883333333333334,thermal_anomaly,thermal_anomaly,1.0,True,thermal_anomaly,True
thermal_anomaly,5.9,thermal_anomaly,thermal_anomaly,0.9987514910536779,True,thermal_anomaly,True
thermal_anomaly,5.916666666666667,thermal_anomaly,thermal_anomaly,0.9968466003726784,True,thermal_anomaly,True
thermal_anomaly,5.933333333333334,thermal_anomaly,thermal_anomaly,1.0,True,thermal_anomaly,True
thermal_anomaly,5.95,thermal_anomaly,thermal_anomaly,0.9514680381319615,True,thermal_anomaly,True
thermal_anomaly,5.966666666666667,thermal_anomaly,thermal_anomaly,0.9964157822555946,True,thermal_anomaly,True
thermal_anomaly,5.983333333333333,thermal_anomaly,thermal_anomaly,0.9866014523221813,True,thermal_anomaly,True
thermal_anomaly,6.0,thermal_anomaly,thermal_anomaly,0.9950365246973326,True,thermal_anomaly,True
reaction_wheel_degradation,4.816666666666666,reaction_wheel_degradation,reaction_wheel_degradation,0.992294661478684,True,reaction_wheel_degradation,True
reaction_wheel_degradation,4.833333333333333,reaction_wheel_degradation,reaction_wheel_degradation,0.9976061681425502,True,reaction_wheel_degradation,True
reaction_wheel_degradation,4.85,reaction_wheel_degradation,reaction_wheel_degradation,0.9736458131320171,True,reaction_wheel_degradation,True
reaction_wheel_degradation,4.866666666666666,reaction_wheel_degradation,reaction_wheel_degradation,0.8708800966503025,True,reaction_wheel_degradation,True
reaction_wheel_degradation,4.883333333333334,reaction_wheel_degradation,reaction_wheel_degradation,0.9165508443473551,True,reaction_wheel_degradation,True
reaction_wheel_degradation,4.9,reaction_wheel_degradation,reaction_wheel_degradation,0.9937027450705037,True,reaction_wheel_degradation,True
reaction_wheel_degradation,4.916666666666667,reaction_wheel_degradation,reaction_wheel_degradation,0.7396250898607274,True,reaction_wheel_degradation,True
reaction_wheel_degradation,4.933333333333334,reaction_wheel_degradation,reaction_wheel_degradation,0.9370184061086779,True,reaction_wheel_degradation,True
reaction_wheel_degradation,4.95,reaction_wheel_degradation,reaction_wheel_degradation,0.9901566446541672,True,reaction_wheel_degradation,True
reaction_wheel_degradation,4.966666666666667,reaction_wheel_degradation,reaction_wheel_degradation,0.928229711611601,True,reaction_wheel_degradation,True
reaction_wheel_degradation,4.983333333333333,reaction_wheel_degradation,reaction_wheel_degradation,0.9957943098324579,True,reaction_wheel_degradation,True
reaction_wheel_degradation,5.0,reaction_wheel_degradation,reaction_wheel_degradation,0.9946558207528181,True,reaction_wheel_degradation,True
reaction_wheel_degradation,5.016666666666667,reaction_wheel_degradation,reaction_wheel_degradation,0.9052005148328122,True,reaction_wheel_degradation,True
reaction_wheel_degradation,5.033333333333333,reaction_wheel_degradation,reaction_wheel_degradation,1.0,True,reaction_wheel_degradation,True
reaction_wheel_degradation,5.05,reaction_wheel_degradation,reaction_wheel_degradation,0.9970211515296564,True,reaction_wheel_degradation,True
reaction_wheel_degradation,5.066666666666666,reaction_wheel_degradation,reaction_wheel_degradation,0.9982471640949764,True,reaction_wheel_degradation,True
reaction_wheel_degradation,5.083333333333333,reaction_wheel_degradation,reaction_wheel_degradation,0.8162229867429245,True,reaction_wheel_degradation,True
reaction_wheel_degradation,5.1,reaction_wheel_degradation,reaction_wheel_degradation,0.9904705433164679,True,reaction_wheel_degradation,True
reaction_wheel_degradation,5.116666666666666,reaction_wheel_degradation,reaction_wheel_degradation,0.9949630497225511,True,reaction_wheel_degradation,True
reaction_wheel_degradation,5.133333333333334,reaction_wheel_degradation,reaction_wheel_degradation,0.7873610610804246,True,reaction_wheel_degradation,True
reaction_wheel_degradation,5.15,reaction_wheel_degradation,reaction_wheel_degradation,0.9813258952348243,True,reaction_wheel_degradation,True
reaction_wheel_degradation,5.166666666666667,reaction_wheel_degradation,reaction_wheel_degradation,0.991716082832521,True,reaction_wheel_degradation,True
reaction_wheel_degradation,5.183333333333334,reaction_wheel_degradation,reaction_wheel_degradation,0.8891759677693395,True,reaction_wheel_degradation,True
reaction_wheel_degradation,5.2,reaction_wheel_degradation,reaction_wheel_degradation,0.7821790801963419,True,reaction_wheel_degradation,True
reaction_wheel_degradation,5.216666666666667,reaction_wheel_degradation,reaction_wheel_degradation,0.792597924125896,True,reaction_wheel_degradation,True
reaction_wheel_degradation,5.233333333333333,reaction_wheel_degradation,reaction_wheel_degradation,0.8670677534072478,True,reaction_wheel_degradation,True
reaction_wheel_degradation,5.25,reaction_wheel_degradation,reaction_wheel_degradation,0.842701383783504,True,reaction_wheel_degradation,True
reaction_wheel_degradation,5.266666666666667,reaction_wheel_degradation,reaction_wheel_degradation,0.7974195118531545,True,reaction_wheel_degradation,True
reaction_wheel_degradation,5.283333333333333,reaction_wheel_degradation,reaction_wheel_degradation,0.7884577632192747,True,reaction_wheel_degradation,True
reaction_wheel_degradation,5.3,reaction_wheel_degradation,reaction_wheel_degradation,0.8848178893638916,True,reaction_wheel_degradation,True
reaction_wheel_degradation,5.316666666666666,reaction_wheel_degradation,reaction_wheel_degradation,0.9800755017230199,True,reaction_wheel_degradation,True
reaction_wheel_degradation,5.333333333333333,reaction_wheel_degradation,reaction_wheel_degradation,0.7673332898498697,True,reaction_wheel_degradation,True
reaction_wheel_degradation,5.35,reaction_wheel_degradation,reaction_wheel_degradation,0.7354228391639557,True,reaction_wheel_degradation,True
reaction_wheel_degradation,5.366666666666666,reaction_wheel_degradation,reaction_wheel_degradation,0.8809623270102177,True,reaction_wheel_degradation,True
reaction_wheel_degradation,5.383333333333334,reaction_wheel_degradation,reaction_wheel_degradation,0.7915768785337632,True,reaction_wheel_degradation,True
reaction_wheel_degradation,5.4,reaction_wheel_degradation,reaction_wheel_degradation,0.8904850696191097,True,reaction_wheel_degradation,True
reaction_wheel_degradation,5.416666666666667,reaction_wheel_degradation,reaction_wheel_degradation,0.8197860257674142,True,reaction_wheel_degradation,True
reaction_wheel_degradation,5.433333333333334,reaction_wheel_degradation,reaction_wheel_degradation,0.8248905645728198,True,reaction_wheel_degradation,True
reaction_wheel_degradation,5.45,reaction_wheel_degradation,reaction_wheel_degradation,0.8992635056431714,True,reaction_wheel_degradation,True
reaction_wheel_degradation,5.466666666666667,reaction_wheel_degradation,reaction_wheel_degradation,0.9034678398319367,True,reaction_wheel_degradation,True
reaction_wheel_degradation,5.483333333333333,reaction_wheel_degradation,reaction_wheel_degradation,0.8973074818533368,True,reaction_wheel_degradation,True
reaction_wheel_degradation,5.5,reaction_wheel_degradation,reaction_wheel_degradation,0.9021035169366717,True,reaction_wheel_degradation,True
reaction_wheel_degradation,5.516666666666667,reaction_wheel_degradation,reaction_wheel_degradation,0.8943835373128827,True,reaction_wheel_degradation,True
reaction_wheel_degradation,5.533333333333333,reaction_wheel_degradation,reaction_wheel_degradation,0.8701567723774226,True,reaction_wheel_degradation,True
reaction_wheel_degradation,5.55,reaction_wheel_degradation,reaction_wheel_degradation,0.9578771858911136,True,reaction_wheel_degradation,True
reaction_wheel_degradation,5.566666666666666,reaction_wheel_degradation,reaction_wheel_degradation,0.8139290281197386,True,reaction_wheel_degradation,True
reaction_wheel_degradation,5.583333333333333,reaction_wheel_degradation,reaction_wheel_degradation,0.9942233792214915,True,reaction_wheel_degradation,True
reaction_wheel_degradation,5.6,reaction_wheel_degradation,reaction_wheel_degradation,0.9924589089731757,True,reaction_wheel_degradation,True
reaction_wheel_degradation,5.616666666666666,reaction_wheel_degradation,reaction_wheel_degradation,0.899002849002849,True,reaction_wheel_degradation,True
reaction_wheel_degradation,5.633333333333334,reaction_wheel_degradation,reaction_wheel_degradation,0.9811871383711024,True,reaction_wheel_degradation,True
reaction_wheel_degradation,5.65,reaction_wheel_degradation,reaction_wheel_degradation,0.881814425980345,True,reaction_wheel_degradation,True
reaction_wheel_degradation,5.666666666666667,reaction_wheel_degradation,reaction_wheel_degradation,0.8901180351422939,True,reaction_wheel_degradation,True
reaction_wheel_degradation,5.683333333333334,reaction_wheel_degradation,reaction_wheel_degradation,0.8611345874082962,True,reaction_wheel_degradation,True
reaction_wheel_degradation,5.7,reaction_wheel_degradation,reaction_wheel_degradation,0.7787828930708885,True,reaction_wheel_degradation,True
reaction_wheel_degradation,5.716666666666667,reaction_wheel_degradation,reaction_wheel_degradation,0.8321241905795722,True,reaction_wheel_degradation,True
reaction_wheel_degradation,5.733333333333333,reaction_wheel_degradation,reaction_wheel_degradation,0.950739447330253,True,reaction_wheel_degradation,True
reaction_wheel_degradation,5.75,reaction_wheel_degradation,reaction_wheel_degradation,0.8769557928440271,True,reaction_wheel_degradation,True
reaction_wheel_degradation,5.766666666666667,reaction_wheel_degradation,reaction_wheel_degradation,0.8895784352918794,True,reaction_wheel_degradation,True
reaction_wheel_degradation,5.783333333333333,reaction_wheel_degradation,reaction_wheel_degradation,0.8553894852590457,True,reaction_wheel_degradation,True
reaction_wheel_degradation,5.8,reaction_wheel_degradation,reaction_wheel_degradation,0.8869400176404502,True,reaction_wheel_degradation,True
reaction_wheel_degradation,5.816666666666666,reaction_wheel_degradation,reaction_wheel_degradation,0.8579878548639575,True,reaction_wheel_degradation,True
reaction_wheel_degradation,5.833333333333333,reaction_wheel_degradation,reaction_wheel_degradation,0.8943729989080977,True,reaction_wheel_degradation,True
reaction_wheel_degradation,5.85,reaction_wheel_degradation,reaction_wheel_degradation,0.8340015887444858,True,reaction_wheel_degradation,True
reaction_wheel_degradation,5.866666666666666,reaction_wheel_degradation,reaction_wheel_degradation,0.8395528611377124,True,reaction_wheel_degradation,True
reaction_wheel_degradation,5.883333333333334,reaction_wheel_degradation,reaction_wheel_degradation,0.8924866317716973,True,reaction_wheel_degradation,True
reaction_wheel_degradation,5.9,reaction_wheel_degradation,reaction_wheel_degradation,0.8889008955750898,True,reaction_wheel_degradation,True
reaction_wheel_degradation,5.916666666666667,reaction_wheel_degradation,reaction_wheel_degradation,0.8847184305104492,True,reaction_wheel_degradation,True
reaction_wheel_degradation,5.933333333333334,reaction_wheel_degradation,reaction_wheel_degradation,0.891017457471532,True,reaction_wheel_degradation,True
reaction_wheel_degradation,5.95,reaction_wheel_degradation,reaction_wheel_degradation,0.9382256995886076,True,reaction_wheel_degradation,True
reaction_wheel_degradation,5.966666666666667,reaction_wheel_degradation,reaction_wheel_degradation,0.8949055250396495,True,reaction_wheel_degradation,True
reaction_wheel_degradation,5.983333333333333,reaction_wheel_degradation,reaction_wheel_degradation,0.9537283479672886,True,reaction_wheel_degradation,True
reaction_wheel_degradation,6.0,reaction_wheel_degradation,reaction_wheel_degradation,0.8842645538066363,True,reaction_wheel_degradation,True
battery_voltage_sensor_drift,4.816666666666666,battery_voltage_sensor_drift,battery_voltage_sensor_drift,0.9891400952011479,True,battery_voltage_sensor_drift,True
battery_voltage_sensor_drift,4.833333333333333,battery_voltage_sensor_drift,battery_voltage_sensor_drift,0.9944302325581396,True,battery_voltage_sensor_drift,True
battery_voltage_sensor_drift,4.85,battery_voltage_sensor_drift,battery_voltage_sensor_drift,0.9908813008130081,True,battery_voltage_sensor_drift,True
battery_voltage_sensor_drift,4.866666666666666,battery_voltage_sensor_drift,battery_voltage_sensor_drift,0.930200695916,True,battery_voltage_sensor_drift,True
battery_voltage_sensor_drift,4.883333333333334,battery_voltage_sensor_drift,battery_voltage_sensor_drift,0.9183978483365182,True,battery_voltage_sensor_drift,True
battery_voltage_sensor_drift,4.9,battery_voltage_sensor_drift,battery_voltage_sensor_drift,0.9904566989149867,True,battery_voltage_sensor_drift,True
battery_voltage_sensor_drift,4.916666666666667,battery_voltage_sensor_drift,battery_voltage_sensor_drift,0.7066952263175372,True,battery_voltage_sensor_drift,True
battery_voltage_sensor_drift,4.933333333333334,battery_voltage_sensor_drift,battery_voltage_sensor_drift,0.966956521262985,True,battery_voltage_sensor_drift,True
battery_voltage_sensor_drift,4.95,battery_voltage_sensor_drift,battery_voltage_sensor_drift,0.9789802610700801,True,battery_voltage_sensor_drift,True
battery_voltage_sensor_drift,4.966666666666667,battery_voltage_sensor_drift,battery_voltage_sensor_drift,0.9091109980860185,True,battery_voltage_sensor_drift,True
battery_voltage_sensor_drift,4.983333333333333,battery_voltage_sensor_drift,battery_voltage_sensor_drift,0.9902570811577561,True,battery_voltage_sensor_drift,True
battery_voltage_sensor_drift,5.0,battery_voltage_sensor_drift,battery_voltage_sensor_drift,0.9795434235302497,True,battery_voltage_sensor_drift,True
battery_voltage_sensor_drift,5.016666666666667,battery_voltage_sensor_drift,battery_voltage_sensor_drift,0.8749623174925943,True,battery_voltage_sensor_drift,True
battery_voltage_sensor_drift,5.033333333333333,battery_voltage_sensor_drift,battery_voltage_sensor_drift,0.9798944188404762,True,battery_voltage_sensor_drift,True
battery_voltage_sensor_drift,5.05,battery_voltage_sensor_drift,battery_voltage_sensor_drift,0.9791250155171735,True,battery_voltage_sensor_drift,True
battery_voltage_sensor_drift,5.066666666666666,battery_voltage_sensor_drift,battery_voltage_sensor_drift,0.9811438110166617,True,battery_voltage_sensor_drift,True
battery_voltage_sensor_drift,5.083333333333333,battery_voltage_sensor_drift,battery_voltage_sensor_drift,0.7254407211082917,True,battery_voltage_sensor_drift,True
battery_voltage_sensor_drift,5.1,battery_voltage_sensor_drift,battery_voltage_sensor_drift,0.8833662374064728,True,battery_voltage_sensor_drift,True
battery_voltage_sensor_drift,5.116666666666666,battery_voltage_sensor_drift,battery_voltage_sensor_drift,0.9849882337387625,True,battery_voltage_sensor_drift,True
battery_voltage_sensor_drift,5.133333333333334,battery_voltage_sensor_drift,battery_voltage_sensor_drift,0.7860891299545808,True,battery_voltage_sensor_drift,True
battery_voltage_sensor_drift,5.15,battery_voltage_sensor_drift,battery_voltage_sensor_drift,0.9670456513708282,True,battery_voltage_sensor_drift,True
battery_voltage_sensor_drift,5.166666666666667,battery_voltage_sensor_drift,battery_voltage_sensor_drift,0.9729208287358102,True,battery_voltage_sensor_drift,True
battery_voltage_sensor_drift,5.183333333333334,battery_voltage_sensor_drift,battery_voltage_sensor_drift,0.8482272637186373,True,battery_voltage_sensor_drift,True
battery_voltage_sensor_drift,5.2,battery_voltage_sensor_drift,battery_voltage_sensor_drift,0.7767405327909371,True,battery_voltage_sensor_drift,True
battery_voltage_sensor_drift,5.216666666666667,battery_voltage_sensor_drift,battery_voltage_sensor_drift,0.7984454205141561,True,battery_voltage_sensor_drift,True
battery_voltage_sensor_drift,5.233333333333333,battery_voltage_sensor_drift,battery_voltage_sensor_drift,0.8884834242979552,True,battery_voltage_sensor_drift,True
battery_voltage_sensor_drift,5.25,battery_voltage_sensor_drift,battery_voltage_sensor_drift,0.8959117717271355,True,battery_voltage_sensor_drift,True
battery_voltage_sensor_drift,5.266666666666667,battery_voltage_sensor_drift,battery_voltage_sensor_drift,0.7941177676635567,True,battery_voltage_sensor_drift,True
battery_voltage_sensor_drift,5.283333333333333,battery_voltage_sensor_drift,battery_voltage_sensor_drift,0.7862102025282435,True,battery_voltage_sensor_drift,True
battery_voltage_sensor_drift,5.3,battery_voltage_sensor_drift,battery_voltage_sensor_drift,0.8846404703968664,True,battery_voltage_sensor_drift,True
battery_voltage_sensor_drift,5.316666666666666,battery_voltage_sensor_drift,battery_voltage_sensor_drift,0.9907481697169535,True,battery_voltage_sensor_drift,True
battery_voltage_sensor_drift,5.333333333333333,battery_voltage_sensor_drift,battery_voltage_sensor_drift,0.779618303109335,True,battery_voltage_sensor_drift,True
battery_voltage_sensor_drift,5.35,battery_voltage_sensor_drift,battery_voltage_sensor_drift,0.7724814057639593,True,battery_voltage_sensor_drift,True
battery_voltage_sensor_drift,5.366666666666666,battery_voltage_sensor_drift,battery_voltage_sensor_drift,0.8857197603878266,True,battery_voltage_sensor_drift,True
battery_voltage_sensor_drift,5.383333333333334,battery_voltage_sensor_drift,battery_voltage_sensor_drift,0.7420758441117885,True,battery_voltage_sensor_drift,True
battery_voltage_sensor_drift,5.4,battery_voltage_sensor_drift,battery_voltage_sensor_drift,0.8915575598058139,True,battery_voltage_sensor_drift,True
battery_voltage_sensor_drift,5.416666666666667,battery_voltage_sensor_drift,battery_voltage_sensor_drift,0.8091769203306967,True,battery_voltage_sensor_drift,True
battery_voltage_sensor_drift,5.433333333333334,battery_voltage_sensor_drift,battery_voltage_sensor_drift,0.8790977950006942,True,battery_voltage_sensor_drift,True
battery_voltage_sensor_drift,5.45,battery_voltage_sensor_drift,battery_voltage_sensor_drift,0.8836062901001563,True,battery_voltage_sensor_drift,True
battery_voltage_sensor_drift,5.466666666666667,battery_voltage_sensor_drift,battery_voltage_sensor_drift,0.8825671161469074,True,battery_voltage_sensor_drift,True
battery_voltage_sensor_drift,5.483333333333333,battery_voltage_sensor_drift,battery_voltage_sensor_drift,0.8763236893983137,True,battery_voltage_sensor_drift,True
battery_voltage_sensor_drift,5.5,battery_voltage_sensor_drift,battery_voltage_sensor_drift,0.890296852652473,True,battery_voltage_sensor_drift,True
battery_voltage_sensor_drift,5.516666666666667,battery_voltage_sensor_drift,battery_voltage_sensor_drift,0.8933399704441161,True,battery_voltage_sensor_drift,True
battery_voltage_sensor_drift,5.533333333333333,battery_voltage_sensor_drift,battery_voltage_sensor_drift,0.883238142639459,True,battery_voltage_sensor_drift,True
battery_voltage_sensor_drift,5.55,battery_voltage_sensor_drift,battery_voltage_sensor_drift,0.9405561006506701,True,battery_voltage_sensor_drift,True
battery_voltage_sensor_drift,5.566666666666666,battery_voltage_sensor_drift,battery_voltage_sensor_drift,0.7904667765876414,True,battery_voltage_sensor_drift,True
battery_voltage_sensor_drift,5.583333333333333,battery_voltage_sensor_drift,battery_voltage_sensor_drift,0.977369545632618,True,battery_voltage_sensor_drift,True
battery_voltage_sensor_drift,5.6,battery_voltage_sensor_drift,battery_voltage_sensor_drift,0.974244936219586,True,battery_voltage_sensor_drift,True
battery_voltage_sensor_drift,5.616666666666666,battery_voltage_sensor_drift,battery_voltage_sensor_drift,0.888746515608227,True,battery_voltage_sensor_drift,True
battery_voltage_sensor_drift,5.633333333333334,battery_voltage_sensor_drift,battery_voltage_sensor_drift,0.9813101189954628,True,battery_voltage_sensor_drift,True
battery_voltage_sensor_drift,5.65,battery_voltage_sensor_drift,battery_voltage_sensor_drift,0.874998604046619,True,battery_voltage_sensor_drift,True
battery_voltage_sensor_drift,5.666666666666667,battery_voltage_sensor_drift,battery_voltage_sensor_drift,0.8893031621705378,True,battery_voltage_sensor_drift,True
battery_voltage_sensor_drift,5.683333333333334,battery_voltage_sensor_drift,battery_voltage_sensor_drift,0.8730113617523315,True,battery_voltage_sensor_drift,True
battery_voltage_sensor_drift,5.7,battery_voltage_sensor_drift,battery_voltage_sensor_drift,0.8562090112735232,True,battery_voltage_sensor_drift,True
battery_voltage_sensor_drift,5.716666666666667,battery_voltage_sensor_drift,battery_voltage_sensor_drift,0.8813343703990956,True,battery_voltage_sensor_drift,True
battery_voltage_sensor_drift,5.733333333333333,battery_voltage_sensor_drift,battery_voltage_sensor_drift,0.9387131740672876,True,battery_voltage_sensor_drift,True
battery_voltage_sensor_drift,5.75,battery_voltage_sensor_drift,battery_voltage_sensor_drift,0.8621961487121356,True,battery_voltage_sensor_drift,True
battery_voltage_sensor_drift,5.766666666666667,battery_voltage_sensor_drift,battery_voltage_sensor_drift,0.7549280832771275,True,battery_voltage_sensor_drift,True
battery_voltage_sensor_drift,5.783333333333333,battery_voltage_sensor_drift,battery_voltage_sensor_drift,0.8489102698285712,True,battery_voltage_sensor_drift,True
battery_voltage_sensor_drift,5.8,battery_voltage_sensor_drift,battery_voltage_sensor_drift,0.8749509319359134,True,battery_voltage_sensor_drift,True
battery_voltage_sensor_drift,5.816666666666666,battery_voltage_sensor_drift,battery_voltage_sensor_drift,0.8801936224855373,True,battery_voltage_sensor_drift,True
battery_voltage_sensor_drift,5.833333333333333,battery_voltage_sensor_drift,battery_voltage_sensor_drift,0.9508999700529113,True,battery_voltage_sensor_drift,True
battery_voltage_sensor_drift,5.85,battery_voltage_sensor_drift,battery_voltage_sensor_drift,0.8762044890289129,True,battery_voltage_sensor_drift,True
battery_voltage_sensor_drift,5.866666666666666,battery_voltage_sensor_drift,battery_voltage_sensor_drift,0.8727758905252743,True,battery_voltage_sensor_drift,True
battery_voltage_sensor_drift,5.883333333333334,battery_voltage_sensor_drift,battery_voltage_sensor_drift,0.8801188484389668,True,battery_voltage_sensor_drift,True
battery_voltage_sensor_drift,5.9,battery_voltage_sensor_drift,battery_voltage_sensor_drift,0.8840182829731869,True,battery_voltage_sensor_drift,True
battery_voltage_sensor_drift,5.916666666666667,battery_voltage_sensor_drift,battery_voltage_sensor_drift,0.8812044890289129,True,battery_voltage_sensor_drift,True
battery_voltage_sensor_drift,5.933333333333334,battery_voltage_sensor_drift,battery_voltage_sensor_drift,0.8793098511195628,True,battery_voltage_sensor_drift,True
battery_voltage_sensor_drift,5.95,battery_voltage_sensor_drift,battery_voltage_sensor_drift,0.8148150032260053,True,battery_voltage_sensor_drift,True
battery_voltage_sensor_drift,5.966666666666667,battery_voltage_sensor_drift,battery_voltage_sensor_drift,0.8506363414491177,True,battery_voltage_sensor_drift,True
battery_voltage_sensor_drift,5.983333333333333,battery_voltage_sensor_drift,battery_voltage_sensor_drift,0.8956745987423225,True,battery_voltage_sensor_drift,True
battery_voltage_sensor_drift,6.0,battery_voltage_sensor_drift,battery_voltage_sensor_drift,0.8219377359984003,True,battery_voltage_sensor_drift,True
telemetry_dropout,5.1,telemetry_dropout,telemetry_dropout,0.9999766050054406,True,telemetry_dropout,True
telemetry_dropout,5.116666666666666,telemetry_dropout,telemetry_dropout,0.9999766050054406,True,telemetry_dropout,True
telemetry_dropout,5.133333333333334,telemetry_dropout,telemetry_dropout,0.9999766050054406,True,telemetry_dropout,True
telemetry_dropout,5.15,telemetry_dropout,telemetry_dropout,0.9999766050054406,True,telemetry_dropout,True
telemetry_dropout,5.166666666666667,telemetry_dropout,telemetry_dropout,0.9999766050054406,True,telemetry_dropout,True
telemetry_dropout,5.183333333333334,telemetry_dropout,telemetry_dropout,0.9999766050054406,True,telemetry_dropout,True
telemetry_dropout,5.2,telemetry_dropout,telemetry_dropout,0.9999766050054406,True,telemetry_dropout,True
telemetry_dropout,5.216666666666667,telemetry_dropout,telemetry_dropout,0.9999766050054406,True,telemetry_dropout,True
telemetry_dropout,5.233333333333333,telemetry_dropout,telemetry_dropout,0.9999766050054406,True,telemetry_dropout,True
telemetry_dropout,5.25,telemetry_dropout,telemetry_dropout,0.9999766050054406,True,telemetry_dropout,True
telemetry_dropout,5.266666666666667,telemetry_dropout,telemetry_dropout,0.9999766050054406,True,telemetry_dropout,True
telemetry_dropout,5.283333333333333,telemetry_dropout,telemetry_dropout,0.9999766050054406,True,telemetry_dropout,True
telemetry_dropout,5.3,telemetry_dropout,telemetry_dropout,0.9999766050054406,True,telemetry_dropout,True
telemetry_dropout,5.316666666666666,telemetry_dropout,telemetry_dropout,0.9999766050054406,True,telemetry_dropout,True
telemetry_dropout,5.333333333333333,telemetry_dropout,telemetry_dropout,0.9999766050054406,True,telemetry_dropout,True
telemetry_dropout,5.35,telemetry_dropout,telemetry_dropout,0.9999766050054406,True,telemetry_dropout,True
telemetry_dropout,5.366666666666666,telemetry_dropout,telemetry_dropout,0.9999766050054406,True,telemetry_dropout,True
telemetry_dropout,5.383333333333334,telemetry_dropout,telemetry_dropout,0.9999766050054406,True,telemetry_dropout,True
telemetry_dropout,5.4,telemetry_dropout,telemetry_dropout,0.9999766050054406,True,telemetry_dropout,True
telemetry_dropout,5.416666666666667,telemetry_dropout,telemetry_dropout,0.9999766050054406,True,telemetry_dropout,True
telemetry_dropout,5.433333333333334,telemetry_dropout,telemetry_dropout,0.9999766050054406,True,telemetry_dropout,True
telemetry_dropout,5.45,telemetry_dropout,telemetry_dropout,0.9999766050054406,True,telemetry_dropout,True
telemetry_dropout,5.466666666666667,telemetry_dropout,telemetry_dropout,0.9999766050054406,True,telemetry_dropout,True
telemetry_dropout,5.483333333333333,telemetry_dropout,telemetry_dropout,0.9999766050054406,True,telemetry_dropout,True
telemetry_dropout,5.5,telemetry_dropout,telemetry_dropout,0.9999766050054406,True,telemetry_dropout,True
telemetry_dropout,5.516666666666667,telemetry_dropout,telemetry_dropout,0.9999766050054406,True,telemetry_dropout,True
telemetry_dropout,5.533333333333333,telemetry_dropout,telemetry_dropout,0.9999766050054406,True,telemetry_dropout,True
telemetry_dropout,5.55,telemetry_dropout,telemetry_dropout,0.9999766050054406,True,telemetry_dropout,True
telemetry_dropout,5.566666666666666,telemetry_dropout,telemetry_dropout,0.9999766050054406,True,telemetry_dropout,True
telemetry_dropout,5.583333333333333,telemetry_dropout,telemetry_dropout,0.9999766050054406,True,telemetry_dropout,True
telemetry_dropout,5.6,telemetry_dropout,telemetry_dropout,0.9999766050054406,True,telemetry_dropout,True
telemetry_dropout,5.616666666666666,telemetry_dropout,telemetry_dropout,0.9999766050054406,True,telemetry_dropout,True
telemetry_dropout,5.633333333333334,telemetry_dropout,telemetry_dropout,0.9999766050054406,True,telemetry_dropout,True
telemetry_dropout,5.65,telemetry_dropout,telemetry_dropout,0.9999766050054406,True,telemetry_dropout,True
telemetry_dropout,5.666666666666667,telemetry_dropout,telemetry_dropout,0.9999766050054406,True,telemetry_dropout,True
telemetry_dropout,5.683333333333334,telemetry_dropout,telemetry_dropout,0.9999766050054406,True,telemetry_dropout,True
telemetry_dropout,5.7,telemetry_dropout,telemetry_dropout,0.9999766050054406,True,telemetry_dropout,True
telemetry_dropout,5.716666666666667,telemetry_dropout,telemetry_dropout,0.9999766050054406,True,telemetry_dropout,True
telemetry_dropout,5.733333333333333,telemetry_dropout,telemetry_dropout,0.9999766050054406,True,telemetry_dropout,True
telemetry_dropout,5.75,telemetry_dropout,telemetry_dropout,0.9999766050054406,True,telemetry_dropout,True
telemetry_dropout,5.766666666666667,telemetry_dropout,telemetry_dropout,0.9999766050054406,True,telemetry_dropout,True
telemetry_dropout,5.783333333333333,telemetry_dropout,telemetry_dropout,0.9999766050054406,True,telemetry_dropout,True
telemetry_dropout,5.8,telemetry_dropout,telemetry_dropout,0.9999766050054406,True,telemetry_dropout,True
telemetry_dropout,5.816666666666666,telemetry_dropout,telemetry_dropout,0.9999766050054406,True,telemetry_dropout,True
telemetry_dropout,5.833333333333333,telemetry_dropout,telemetry_dropout,0.9999766050054406,True,telemetry_dropout,True
telemetry_dropout,5.85,telemetry_dropout,telemetry_dropout,0.9999766050054406,True,telemetry_dropout,True
telemetry_dropout,5.866666666666666,telemetry_dropout,telemetry_dropout,0.9999766050054406,True,telemetry_dropout,True
telemetry_dropout,5.883333333333334,telemetry_dropout,telemetry_dropout,0.9999766050054406,True,telemetry_dropout,True
telemetry_dropout,5.9,telemetry_dropout,telemetry_dropout,0.9999766050054406,True,telemetry_dropout,True
telemetry_dropout,5.916666666666667,telemetry_dropout,telemetry_dropout,0.9999766050054406,True,telemetry_dropout,True
telemetry_dropout,5.933333333333334,telemetry_dropout,telemetry_dropout,0.9999766050054406,True,telemetry_dropout,True
telemetry_dropout,5.95,telemetry_dropout,telemetry_dropout,0.9999766050054406,True,telemetry_dropout,True
telemetry_dropout,5.966666666666667,telemetry_dropout,telemetry_dropout,0.9999766050054406,True,telemetry_dropout,True
telemetry_dropout,5.983333333333333,telemetry_dropout,telemetry_dropout,0.9999766050054406,True,telemetry_dropout,True
telemetry_dropout,6.0,telemetry_dropout,telemetry_dropout,0.9999766050054406,True,telemetry_dropout,True
