scenario_id,fault_type,severity,profile,noise_scale,fault_start_time_h,active_samples,rule_detection_recall,model_detection_recall,hybrid_detection_recall,hybrid_prefault_alarms,hybrid_prefault_fpr,raw_diagnosis_accuracy,selective_coverage,accepted_diagnosis_accuracy,operational_coverage,operational_accuracy,end_to_end_correct_fraction,scenario_correctly_diagnosed,first_correct_diagnosis_time_h,diagnosis_delay_min,severity_bin,noise_bin
1,solar_array_degradation,0.5839478994290928,gradual,1.0161880007322384,1.8578696273508724,249,0.5502008032128514,0.5421686746987951,0.5622489959839357,0,0.0,0.9879518072289156,0.7590361445783133,1.0,0.5582329317269076,1.0,0.5582329317269076,True,2.0,8.52782235894766,0.40-0.60,1.00-1.25
2,solar_array_degradation,0.3064119150938292,gradual,1.475221650121793,3.310287673354348,162,0.49382716049382713,0.49382716049382713,0.5246913580246914,2,0.010050251256281407,0.7530864197530864,0.5493827160493827,0.9325842696629213,0.4506172839506173,0.9726027397260274,0.4382716049382716,True,3.5166666666666666,12.382739598739114,0.20-0.40,1.25-1.50
3,solar_array_degradation,0.5815224824867908,gradual,1.3694214437816776,3.3397003210745564,160,0.5,0.50625,0.525,2,0.009950248756218905,0.75625,0.5,1.0,0.45625,1.0,0.45625,True,3.55,12.617980735526606,0.40-0.60,1.25-1.50
4,solar_array_degradation,0.3667395293000954,abrupt,1.1443626325089362,2.177624906627524,230,0.5608695652173913,0.5260869565217391,0.5608695652173913,0,0.0,0.991304347826087,0.782608695652174,0.9944444444444445,0.5565217391304348,0.9921875,0.5521739130434783,True,2.183333333333333,0.34250560234855065,0.20-0.40,1.00-1.25
5,solar_array_degradation,0.5979083722835573,abrupt,1.0857764261540406,2.361824121368863,219,0.5342465753424658,0.502283105022831,0.5342465753424658,1,0.007042253521126761,0.8995433789954338,0.684931506849315,1.0,0.5296803652968036,1.0,0.5296803652968036,True,2.3833333333333333,1.2905527178682252,0.40-0.60,1.00-1.25
6,solar_array_degradation,0.5569195226036318,gradual,0.9070620909271648,1.890795199743108,247,0.5506072874493927,0.5384615384615384,0.5587044534412956,0,0.0,0.979757085020243,0.854251012145749,1.0,0.5587044534412956,1.0,0.5587044534412956,True,2.0166666666666666,7.552288015413513,0.40-0.60,0.75-1.00
7,solar_array_degradation,0.6784773893128597,gradual,1.4601148432347362,3.249248114384359,166,0.5421686746987951,0.5301204819277109,0.5481927710843374,1,0.005128205128205128,0.7771084337349398,0.5120481927710844,0.9764705882352941,0.4879518072289157,1.0,0.4879518072289157,True,3.3833333333333333,8.045113136938458,0.60-0.80,1.25-1.50
8,solar_array_degradation,0.7402697594025334,abrupt,1.2719961526003374,2.365525479239904,219,0.5388127853881278,0.502283105022831,0.5388127853881278,0,0.0,0.7351598173515982,0.5114155251141552,0.9732142857142857,0.4977168949771689,1.0,0.4977168949771689,True,2.3666666666666667,0.06847124560575679,0.60-0.80,1.25-1.50
9,solar_array_degradation,0.35693182778708,gradual,1.1198327422386605,2.12764065452474,233,0.5150214592274678,0.5021459227467812,0.5236051502145923,0,0.0,0.9828326180257511,0.7467811158798283,1.0,0.51931330472103,1.0,0.51931330472103,True,2.283333333333333,9.341560728515583,0.20-0.40,1.00-1.25
10,solar_array_degradation,0.6387443950150669,gradual,1.0291082375976224,1.8778127295089169,248,0.5403225806451613,0.532258064516129,0.5524193548387096,0,0.0,0.967741935483871,0.7016129032258065,1.0,0.5483870967741935,1.0,0.5483870967741935,True,2.033333333333333,9.33123622946498,0.60-0.80,1.00-1.25
11,solar_array_degradation,0.4968978067502338,gradual,1.1828831283721493,2.3403865198412674,220,0.5136363636363637,0.4909090909090909,0.5136363636363637,0,0.0,0.8954545454545455,0.6863636363636364,1.0,0.509090909090909,1.0,0.509090909090909,True,3.0,39.57680880952395,0.40-0.60,1.00-1.25
12,solar_array_degradation,0.6764186364653026,gradual,1.1249662668083955,1.503604707213638,270,0.6,0.5814814814814815,0.6037037037037037,0,0.0,0.9296296296296296,0.7148148148148148,0.9948186528497409,0.5740740740740741,1.0,0.5740740740740741,True,1.6333333333333333,7.783717567181716,0.60-0.80,1.00-1.25
13,solar_array_degradation,0.7428224435320119,gradual,1.018673413943536,1.686891866989236,259,0.5945945945945946,0.5714285714285714,0.5945945945945946,0,0.0,0.8532818532818532,0.6447876447876448,1.0,0.583011583011583,1.0,0.583011583011583,True,1.7666666666666666,4.7864879806458305,0.60-0.80,1.00-1.25
14,solar_array_degradation,0.5402298550186695,gradual,1.4688483007230255,2.1284762624357656,233,0.5107296137339056,0.49356223175965663,0.5236051502145923,4,0.03125,0.9399141630901288,0.6695278969957081,0.9935897435897436,0.5064377682403434,0.9915254237288136,0.5021459227467812,True,2.316666666666667,11.291424253854077,0.40-0.60,1.25-1.50
15,solar_array_degradation,0.5725612791200297,abrupt,1.4602965624837472,3.2767908526333533,164,0.5853658536585366,0.5548780487804879,0.5853658536585366,0,0.0,0.8780487804878049,0.6219512195121951,1.0,0.5304878048780488,1.0,0.5304878048780488,True,3.316666666666667,2.3925488419988117,0.40-0.60,1.25-1.50
16,solar_array_degradation,0.3689680958603575,gradual,0.8196664115680854,2.0954189128417227,235,0.502127659574468,0.49361702127659574,0.5148936170212766,0,0.0,0.9914893617021276,0.8212765957446808,1.0,0.5148936170212766,1.0,0.5148936170212766,True,2.3,12.27486522949663,0.20-0.40,0.75-1.00
17,solar_array_degradation,0.5625894480641828,gradual,1.1730178978991508,1.5257157754898607,269,0.5724907063197026,0.5687732342007435,0.5910780669144982,0,0.0,0.9591078066914498,0.7695167286245354,0.9855072463768116,0.5650557620817844,0.993421052631579,0.5613382899628253,True,1.7666666666666666,14.457053470608354,0.40-0.60,1.00-1.25
18,solar_array_degradation,0.312954296661419,gradual,1.2292696891672248,3.336793715741193,160,0.4125,0.44375,0.4625,0,0.0,0.71875,0.475,0.9605263157894737,0.41875,1.0,0.41875,True,3.716666666666667,22.79237705552842,0.20-0.40,1.00-1.25
19,solar_array_degradation,0.5276361379403856,gradual,1.1994869942021855,2.8192145349818984,191,0.5916230366492147,0.5654450261780105,0.5916230366492147,0,0.0,0.9424083769633508,0.8219895287958116,1.0,0.581151832460733,1.0,0.581151832460733,True,3.0,10.847127901086093,0.40-0.60,1.00-1.25
20,solar_array_degradation,0.5693049646153203,gradual,0.8007857704654054,1.76952290324226,254,0.5354330708661418,0.5393700787401575,0.5590551181102362,0,0.0,0.9724409448818898,0.8503937007874016,0.9953703703703703,0.5590551181102362,1.0,0.5590551181102362,True,1.95,10.828625805464402,0.40-0.60,0.75-1.00
21,battery_degradation,0.7142472139919882,gradual,1.241847041941417,2.7136287620684065,198,0.15151515151515152,0.3484848484848485,0.40404040404040403,0,0.0,0.7727272727272727,0.2828282828282828,1.0,0.14646464646464646,1.0,0.14646464646464646,True,3.2,29.18227427589562,0.60-0.80,1.00-1.25
22,battery_degradation,0.2770066408652321,abrupt,0.7745387836476865,2.83718557682018,190,0.02631578947368421,0.0,0.02631578947368421,0,0.0,0.5736842105263158,0.23684210526315788,0.7111111111111111,0.02631578947368421,1.0,0.02631578947368421,True,4.5,99.7688653907892,0.20-0.40,0.75-1.00
23,battery_degradation,0.532861771889904,abrupt,1.137061940728299,1.6678187779253817,260,0.15,0.3423076923076923,0.47692307692307695,0,0.0,0.8461538461538461,0.4461538461538462,0.9224137931034483,0.23846153846153847,1.0,0.23846153846153847,True,2.583333333333333,54.93087332447708,0.40-0.60,1.00-1.25
24,battery_degradation,0.4130366087531232,abrupt,0.985250056172856,3.262372358699047,165,0.08484848484848485,0.22424242424242424,0.2909090909090909,0,0.0,0.8,0.41818181818181815,0.9710144927536232,0.18787878787878787,1.0,0.18787878787878787,True,4.116666666666666,51.25765847805716,0.40-0.60,0.75-1.00
25,battery_degradation,0.5979100187943587,gradual,1.1687230477114106,1.7356992890487906,256,0.17578125,0.37890625,0.484375,1,0.009523809523809525,0.83984375,0.38671875,0.8787878787878788,0.19140625,1.0,0.19140625,True,2.533333333333333,47.85804265707256,0.40-0.60,1.00-1.25
26,battery_degradation,0.6470209319885911,gradual,1.237624543740518,2.897830343304977,187,0.1443850267379679,0.2994652406417112,0.3850267379679144,0,0.0,0.7807486631016043,0.35294117647058826,0.9090909090909091,0.13368983957219252,1.0,0.13368983957219252,True,4.05,69.13017940170138,0.60-0.80,1.00-1.25
27,battery_degradation,0.7053367578341156,abrupt,1.2665960292847858,2.9347890106527874,184,0.15760869565217392,0.3532608695652174,0.42934782608695654,4,0.022598870056497175,0.8315217391304348,0.33695652173913043,0.9516129032258065,0.14673913043478262,1.0,0.14673913043478262,True,3.1666666666666665,13.912659360832746,0.60-0.80,1.25-1.50
28,battery_degradation,0.261011454249298,gradual,0.9123926262095988,2.3187220676453304,221,0.01809954751131222,0.0,0.01809954751131222,0,0.0,0.4660633484162896,0.167420814479638,0.7297297297297297,0.01809954751131222,1.0,0.01809954751131222,True,4.5,130.87667594128018,0.20-0.40,0.75-1.00
29,battery_degradation,0.4206076548422047,abrupt,0.9503991988772036,1.7272759871763512,257,0.10505836575875487,0.2840466926070039,0.36186770428015563,0,0.0,0.7976653696498055,0.46303501945525294,0.9159663865546218,0.2723735408560311,1.0,0.2723735408560311,True,2.6333333333333333,54.36344076941892,0.40-0.60,0.75-1.00
30,battery_degradation,0.5515337087280956,abrupt,1.2509849432988789,2.137564162891159,232,0.1853448275862069,0.3620689655172414,0.5172413793103449,0,0.0,0.896551724137931,0.43103448275862066,0.99,0.28448275862068967,0.9848484848484849,0.2801724137931034,True,2.6166666666666667,28.74615022653046,0.40-0.60,1.25-1.50
31,battery_degradation,0.673885629965303,gradual,1.3186871742363682,1.755312775329765,255,0.21176470588235294,0.36470588235294116,0.4666666666666667,1,0.009433962264150943,0.8431372549019608,0.35294117647058826,0.9222222222222223,0.1803921568627451,1.0,0.1803921568627451,True,2.55,47.68123348021409,0.60-0.80,1.25-1.50
32,battery_degradation,0.3443756250882639,gradual,0.7823180179759468,2.376290020661938,218,0.05045871559633028,0.29357798165137616,0.3073394495412844,0,0.0,0.7477064220183486,0.3577981651376147,0.9615384615384616,0.23853211009174313,1.0,0.23853211009174313,True,2.9166666666666665,32.42259876028371,0.20-0.40,0.75-1.00
33,battery_degradation,0.218278884874937,abrupt,1.0993593982465346,3.43073853968936,155,0.0064516129032258064,0.012903225806451613,0.01935483870967742,1,0.0048543689320388345,0.5290322580645161,0.17419354838709677,0.7407407407407407,0.01935483870967742,1.0,0.01935483870967742,True,4.25,49.15568761863839,0.20-0.40,1.00-1.25
34,battery_degradation,0.5405391451600045,gradual,0.8054219818839264,2.1702700751721906,230,0.10869565217391304,0.32608695652173914,0.41739130434782606,0,0.0,0.8347826086956521,0.4217391304347826,0.9896907216494846,0.23043478260869565,1.0,0.23043478260869565,True,2.816666666666667,38.78379548966858,0.40-0.60,0.75-1.00
35,battery_degradation,0.3006941930793471,gradual,1.2883757679621737,3.2066273125199984,168,0.041666666666666664,0.0,0.041666666666666664,1,0.0051813471502590676,0.6011904761904762,0.2261904761904762,0.9210526315789473,0.041666666666666664,1.0,0.041666666666666664,True,4.5,77.6023612488001,0.20-0.40,1.25-1.50
36,battery_degradation,0.7877755093108962,abrupt,1.2212313440057934,3.20110251951271,168,0.20238095238095238,0.3630952380952381,0.44047619047619047,0,0.0,0.8511904761904762,0.2916666666666667,1.0,0.13690476190476192,1.0,0.13690476190476192,True,3.3,5.933848829237398,0.60-0.80,1.00-1.25
37,battery_degradation,0.247777602545364,gradual,0.8711017819957132,2.978521591274069,182,0.016483516483516484,0.0,0.016483516483516484,0,0.0,0.5,0.23626373626373626,0.5813953488372093,0.016483516483516484,1.0,0.016483516483516484,True,4.5,91.28870452355586,0.20-0.40,0.75-1.00
38,battery_degradation,0.5462478997759437,gradual,1.4288630305793522,2.423767194155136,215,0.11162790697674418,0.26976744186046514,0.3674418604651163,2,0.0136986301369863,0.8,0.2651162790697674,1.0,0.12093023255813953,1.0,0.12093023255813953,True,3.0,34.57396835069183,0.40-0.60,1.25-1.50
39,battery_degradation,0.3732749894056553,gradual,1.2390735876494658,1.8558283967820088,249,0.07630522088353414,0.1566265060240964,0.18072289156626506,0,0.0,0.7188755020080321,0.3293172690763052,0.926829268292683,0.1606425702811245,1.0,0.1606425702811245,True,2.95,65.65029619307948,0.20-0.40,1.00-1.25
40,battery_degradation,0.6629222227440466,gradual,0.9091043616193294,2.988883781187832,181,0.14917127071823205,0.35911602209944754,0.425414364640884,0,0.0,0.8232044198895028,0.425414364640884,0.922077922077922,0.16574585635359115,1.0,0.16574585635359115,True,3.2666666666666666,16.666973128730067,0.60-0.80,0.75-1.00
41,thermal_anomaly,0.7276592359230265,abrupt,1.1635317437360368,3.290770054265242,163,0.656441717791411,0.9386503067484663,0.9386503067484663,0,0.0,0.9693251533742331,0.9386503067484663,1.0,0.9386503067484663,1.0,0.9386503067484663,True,3.466666666666667,10.553796744085497,0.60-0.80,1.00-1.25
42,thermal_anomaly,0.2125669064974436,abrupt,0.9530106760844326,2.3325695431322617,221,0.0,0.9004524886877828,0.9004524886877828,0,0.0,0.918552036199095,0.8914027149321267,1.0,0.8914027149321267,1.0,0.8914027149321267,True,2.7,22.045827412064305,0.20-0.40,0.75-1.00
43,thermal_anomaly,0.5527821299796953,abrupt,1.0706734069060049,3.338260981904148,160,0.5,0.93125,0.93125,1,0.004975124378109453,0.95,0.94375,1.0,0.93125,1.0,0.93125,True,3.533333333333333,11.7043410857511,0.40-0.60,1.00-1.25
44,thermal_anomaly,0.5194687099090153,gradual,1.1812496316014158,2.7747202348521127,194,0.4536082474226804,0.8711340206185567,0.8762886597938144,0,0.0,0.9072164948453608,0.865979381443299,1.0,0.865979381443299,1.0,0.865979381443299,True,3.15,22.51678590887323,0.40-0.60,1.00-1.25
45,thermal_anomaly,0.5317921786317299,gradual,0.9023230521172474,3.451664027341458,153,0.41830065359477125,0.9084967320261438,0.9084967320261438,0,0.0,0.9215686274509803,0.954248366013072,0.958904109589041,0.9084967320261438,1.0,0.9084967320261438,True,3.7,14.900158359512528,0.40-0.60,0.75-1.00
46,thermal_anomaly,0.4925348471822232,gradual,1.259122347415162,2.6389457939895387,202,0.4405940594059406,0.8910891089108911,0.8910891089108911,0,0.0,0.9158415841584159,0.8960396039603961,0.994475138121547,0.8910891089108911,1.0,0.8910891089108911,True,3.0166666666666666,22.663252360627677,0.40-0.60,1.25-1.50
47,thermal_anomaly,0.461140824443969,gradual,1.4952426400609842,2.2314701111600006,227,0.3920704845814978,0.8149779735682819,0.8149779735682819,2,0.014925373134328358,0.8678414096916299,0.8149779735682819,1.0,0.8149779735682819,1.0,0.8149779735682819,True,2.8833333333333333,39.11179333039996,0.40-0.60,1.25-1.50
48,thermal_anomaly,0.2149541614610631,gradual,0.8382848099867584,1.7763381100010138,254,0.0,0.8661417322834646,0.8661417322834646,0,0.0,0.937007874015748,0.9330708661417323,0.9620253164556962,0.8661417322834646,1.0,0.8661417322834646,True,2.35,34.41971339993918,0.20-0.40,0.75-1.00
49,thermal_anomaly,0.7951958587648988,abrupt,0.832599089248062,1.9696781589797,242,0.756198347107438,0.9793388429752066,0.9793388429752066,0,0.0,0.987603305785124,0.987603305785124,0.9916317991631799,0.9793388429752066,1.0,0.9793388429752066,True,2.066666666666667,5.819310461218019,0.60-0.80,0.75-1.00
50,thermal_anomaly,0.6439404214105036,gradual,1.4820754765178012,2.7441394819056777,196,0.4897959183673469,0.8010204081632653,0.8010204081632653,2,0.012121212121212121,0.8724489795918368,0.8112244897959183,1.0,0.8010204081632653,1.0,0.8010204081632653,True,3.4,39.351631085659335,0.60-0.80,1.25-1.50
51,thermal_anomaly,0.7921041659167323,gradual,1.3390755010949262,2.616911403555741,203,0.6600985221674877,0.8916256157635468,0.8916256157635468,0,0.0,0.916256157635468,0.8916256157635468,1.0,0.8916256157635468,1.0,0.8916256157635468,True,3.0,22.98531578665555,0.60-0.80,1.25-1.50
52,thermal_anomaly,0.5089635715974086,abrupt,1.406744888672384,1.901060713366472,246,0.6097560975609756,0.9471544715447154,0.9471544715447154,0,0.0,0.9715447154471545,0.9552845528455285,1.0,0.943089430894309,1.0,0.943089430894309,True,2.1333333333333333,13.936357198011674,0.40-0.60,1.25-1.50
53,thermal_anomaly,0.2277122171260587,gradual,1.3029790689654457,2.5848917723927425,205,0.004878048780487805,0.7268292682926829,0.7268292682926829,0,0.0,0.7902439024390244,0.7414634146341463,1.0,0.7268292682926829,1.0,0.7268292682926829,True,3.533333333333333,56.906493656435444,0.20-0.40,1.25-1.50
54,thermal_anomaly,0.2061391412940021,abrupt,0.998249578627866,2.6828385640696006,200,0.0,0.86,0.86,0,0.0,0.89,0.855,1.0,0.855,1.0,0.855,True,3.15,28.029686155823956,0.20-0.40,0.75-1.00
55,thermal_anomaly,0.6535692994141874,abrupt,0.8370785520719333,2.322537376977248,221,0.6832579185520362,0.9773755656108597,0.9773755656108597,0,0.0,0.9909502262443439,0.9683257918552036,1.0,0.9683257918552036,1.0,0.9683257918552036,True,2.45,7.647757381365121,0.60-0.80,0.75-1.00
56,thermal_anomaly,0.7278003513785443,gradual,1.141569079943083,3.2760642399739286,164,0.47560975609756095,0.7987804878048781,0.7987804878048781,0,0.0,0.8536585365853658,0.8292682926829268,0.9852941176470589,0.7987804878048781,1.0,0.7987804878048781,True,3.8333333333333335,33.43614560156429,0.60-0.80,1.00-1.25
57,thermal_anomaly,0.4503064606328543,gradual,1.0730302528086022,3.0489375459509587,178,0.2640449438202247,0.7865168539325843,0.7865168539325843,0,0.0,0.8202247191011236,0.8370786516853933,0.9395973154362416,0.7808988764044944,1.0,0.7808988764044944,True,3.683333333333333,38.06374724294247,0.40-0.60,1.00-1.25
58,thermal_anomaly,0.2673277544409908,abrupt,1.1325919397452502,2.4940452314008352,211,0.0,0.919431279620853,0.919431279620853,0,0.0,0.9383886255924171,0.909952606635071,1.0,0.909952606635071,1.0,0.909952606635071,True,2.783333333333333,17.35728611594988,0.20-0.40,1.00-1.25
59,thermal_anomaly,0.6454905270039444,abrupt,0.7569079934974283,2.915355795800741,186,0.6344086021505376,0.956989247311828,0.956989247311828,0,0.0,0.9731182795698925,0.956989247311828,1.0,0.956989247311828,1.0,0.956989247311828,True,3.05,8.078652251955543,0.60-0.80,0.75-1.00
60,thermal_anomaly,0.3920719805105231,gradual,1.0942512272568123,1.87913398374441,248,0.38306451612903225,0.875,0.875,0,0.0,0.9354838709677419,0.907258064516129,0.9777777777777777,0.875,1.0,0.875,True,2.4,31.25196097533539,0.20-0.40,1.00-1.25
61,reaction_wheel_degradation,0.309809248899257,gradual,1.413838279518862,1.6009178972209182,264,0.15151515151515152,0.38636363636363635,0.4696969696969697,2,0.020618556701030927,0.5833333333333334,0.42803030303030304,0.8495575221238938,0.36363636363636365,1.0,0.36363636363636365,True,2.083333333333333,28.944926166744892,0.20-0.40,1.25-1.50
62,reaction_wheel_degradation,0.4397581035350181,gradual,0.8140171212948634,1.886339951397319,247,0.25101214574898784,0.9230769230769231,0.9230769230769231,0,0.0,0.9352226720647774,0.9352226720647774,0.9826839826839827,0.9190283400809717,1.0,0.9190283400809717,True,2.0166666666666666,7.819602916160862,0.40-0.60,0.75-1.00
63,reaction_wheel_degradation,0.6960281720952892,gradual,1.1384498324517491,3.1829731168073643,170,0.31176470588235294,0.8117647058823529,0.8117647058823529,0,0.0,0.8352941176470589,0.8117647058823529,0.9782608695652174,0.7941176470588235,1.0,0.7941176470588235,True,3.45,16.021612991558154,0.60-0.80,1.00-1.25
64,reaction_wheel_degradation,0.4844217333556942,gradual,0.9824728163784012,2.130370206837421,233,0.24034334763948498,0.8369098712446352,0.8369098712446352,0,0.0,0.871244635193133,0.8412017167381974,0.9948979591836735,0.8369098712446352,1.0,0.8369098712446352,True,2.5166666666666666,23.177787589754733,0.40-0.60,0.75-1.00
65,reaction_wheel_degradation,0.439231361865161,gradual,1.0512637266937577,3.2635421616966225,165,0.21818181818181817,0.6484848484848484,0.6545454545454545,0,0.0,0.6787878787878788,0.6787878787878788,0.9464285714285714,0.6424242424242425,1.0,0.6424242424242425,True,3.633333333333333,22.187470298202623,0.40-0.60,1.00-1.25
66,reaction_wheel_degradation,0.7764132212166428,gradual,1.431265095790742,2.430703434151445,215,0.3581395348837209,0.7813953488372093,0.7813953488372093,1,0.00684931506849315,0.8232558139534883,0.7674418604651163,1.0,0.7674418604651163,1.0,0.7674418604651163,True,2.85,25.157793950913316,0.60-0.80,1.25-1.50
67,reaction_wheel_degradation,0.5890004606630462,gradual,1.1469157392470744,1.7940930918834836,253,0.30434782608695654,0.841897233201581,0.849802371541502,0,0.0,0.8972332015810277,0.8656126482213439,0.9680365296803652,0.8379446640316206,1.0,0.8379446640316206,True,2.05,15.35441448699097,0.40-0.60,1.00-1.25
68,reaction_wheel_degradation,0.6698805975662906,abrupt,1.2961477284766412,1.8215730090562257,251,0.3665338645418327,0.9203187250996016,0.9203187250996016,0,0.0,0.9402390438247012,0.9322709163346613,0.9871794871794872,0.9203187250996016,1.0,0.9203187250996016,True,1.9166666666666667,5.705619456626465,0.60-0.80,1.25-1.50
69,reaction_wheel_degradation,0.4473512664881101,abrupt,1.2452795036204751,1.6541369758308428,261,0.24904214559386972,0.8582375478927203,0.8582375478927203,0,0.0,0.8888888888888888,0.8467432950191571,0.9728506787330317,0.8237547892720306,1.0,0.8237547892720306,True,1.8333333333333333,10.751781450149425,0.40-0.60,1.00-1.25
70,reaction_wheel_degradation,0.3718692319942847,gradual,0.8751850190891066,2.4354001685708293,214,0.1822429906542056,0.780373831775701,0.780373831775701,0,0.0,0.7990654205607477,0.7663551401869159,0.9878048780487805,0.7570093457943925,1.0,0.7570093457943925,True,2.8,21.87598988575023,0.20-0.40,0.75-1.00
71,reaction_wheel_degradation,0.6695092197744519,gradual,1.4048484465311923,3.0540980414084995,177,0.3107344632768362,0.7966101694915254,0.807909604519774,0,0.0,0.8305084745762712,0.7909604519774012,0.9714285714285714,0.768361581920904,1.0,0.768361581920904,True,3.3,14.75411751549002,0.60-0.80,1.25-1.50
72,reaction_wheel_degradation,0.3273244849123812,gradual,1.376356300655668,3.487812618867782,151,0.17218543046357615,0.4900662251655629,0.543046357615894,0,0.0,0.5894039735099338,0.40397350993377484,1.0,0.40397350993377484,1.0,0.40397350993377484,True,3.733333333333333,14.731242867933068,0.20-0.40,1.25-1.50
73,reaction_wheel_degradation,0.7774408662115393,abrupt,1.4188663231749152,2.4718659568526764,212,0.42452830188679247,0.9292452830188679,0.9386792452830188,2,0.013422818791946308,0.9528301886792453,0.9009433962264151,1.0,0.9009433962264151,1.0,0.9009433962264151,True,2.5166666666666666,2.688042588839412,0.60-0.80,1.25-1.50
74,reaction_wheel_degradation,0.5942738930945521,abrupt,1.1441022936205874,1.9725813673849248,242,0.3305785123966942,0.9049586776859504,0.9132231404958677,0,0.0,0.9462809917355371,0.8966942148760331,1.0,0.8966942148760331,1.0,0.8966942148760331,True,2.0166666666666666,2.645117956904506,0.40-0.60,1.00-1.25
75,reaction_wheel_degradation,0.2291030795492712,gradual,0.9364861493734896,2.4472103761322748,214,0.07476635514018691,0.5607476635514018,0.5841121495327103,0,0.0,0.6121495327102804,0.5420560747663551,0.9741379310344828,0.5280373831775701,1.0,0.5280373831775701,True,2.6166666666666667,10.167377432063516,0.20-0.40,0.75-1.00
76,reaction_wheel_degradation,0.2924945017656537,gradual,1.1991379978622243,2.696593689981004,199,0.12562814070351758,0.3768844221105528,0.44221105527638194,0,0.0,0.5175879396984925,0.3768844221105528,0.9733333333333334,0.36683417085427134,1.0,0.36683417085427134,True,3.1333333333333333,26.204378601139766,0.20-0.40,1.00-1.25
77,reaction_wheel_degradation,0.5831275118605782,gradual,1.373293265709942,2.259869868357676,225,0.30666666666666664,0.8,0.8133333333333334,1,0.007352941176470588,0.8355555555555556,0.7866666666666666,1.0,0.7866666666666666,1.0,0.7866666666666666,True,2.533333333333333,16.407807898539424,0.40-0.60,1.25-1.50
78,reaction_wheel_degradation,0.3308035580277609,abrupt,1.0465327892843292,2.710537189014909,198,0.1919191919191919,0.7171717171717171,0.7222222222222222,0,0.0,0.7828282828282829,0.702020202020202,0.9928057553956835,0.696969696969697,1.0,0.696969696969697,True,2.75,2.367768659105458,0.20-0.40,1.00-1.25
79,reaction_wheel_degradation,0.2328386859804335,gradual,1.290183357022873,1.567745396363424,266,0.10150375939849623,0.17669172932330826,0.2556390977443609,0,0.0,0.35714285714285715,0.24060150375939848,0.6875,0.16541353383458646,1.0,0.16541353383458646,True,2.15,34.93527621819455,0.20-0.40,1.25-1.50
80,reaction_wheel_degradation,0.3285072980723234,gradual,1.2669849793967467,2.98026249992586,182,0.14285714285714285,0.43956043956043955,0.4835164835164835,0,0.0,0.521978021978022,0.43956043956043955,0.925,0.4065934065934066,1.0,0.4065934065934066,True,3.6666666666666665,41.18425000444839,0.20-0.40,1.25-1.50
81,battery_voltage_sensor_drift,0.2153887382767779,gradual,0.8117184370571453,2.288573342580343,223,0.27802690582959644,0.14349775784753363,0.35874439461883406,0,0.0,0.27802690582959644,0.42152466367713004,0.6595744680851063,0.27802690582959644,1.0,0.27802690582959644,True,2.85,33.68559944517941,0.20-0.40,0.75-1.00
82,battery_voltage_sensor_drift,0.4708259647389193,gradual,0.967954430826182,1.5123113386705769,270,0.9037037037037037,0.32592592592592595,0.9037037037037037,0,0.0,0.9037037037037037,0.9888888888888889,0.9101123595505618,0.9,1.0,0.9,True,1.8833333333333333,22.261319679765386,0.40-0.60,0.75-1.00
83,battery_voltage_sensor_drift,0.3986562084280751,abrupt,1.4486246000836158,1.964091032239969,243,0.9670781893004116,0.39094650205761317,0.9835390946502057,1,0.00847457627118644,0.9670781893004116,0.9176954732510288,1.0,0.9176954732510288,1.0,0.9176954732510288,True,1.9666666666666663,0.15453806560184358,0.20-0.40,1.25-1.50
84,battery_voltage_sensor_drift,0.2447524545331784,abrupt,1.4490618064336784,2.7042723403626203,198,0.5050505050505051,0.010101010101010102,0.5151515151515151,1,0.006134969325153374,0.5050505050505051,0.494949494949495,0.9591836734693877,0.47474747474747475,1.0,0.47474747474747475,True,2.7666666666666666,3.7436595782427773,0.20-0.40,1.25-1.50
85,battery_voltage_sensor_drift,0.2874012451128612,gradual,1.0586656370997374,1.7499991173145462,256,0.7109375,0.203125,0.75390625,0,0.0,0.7109375,0.765625,0.9183673469387755,0.703125,1.0,0.703125,True,2.033333333333333,17.000052961127224,0.20-0.40,1.00-1.25
86,battery_voltage_sensor_drift,0.4833993551629813,gradual,0.9678447122144072,2.90013211193784,186,0.9032258064516129,0.34946236559139787,0.9032258064516129,0,0.0,0.9032258064516129,0.9301075268817204,0.9710982658959537,0.9032258064516129,1.0,0.9032258064516129,True,3.083333333333333,10.99207328372958,0.40-0.60,0.75-1.00
87,battery_voltage_sensor_drift,0.6530079511508322,abrupt,1.2066808581574453,1.8891537752315883,247,1.0,0.4979757085020243,1.0,0,0.0,1.0,0.9919028340080972,1.0,0.9919028340080972,1.0,0.9919028340080972,True,1.9,0.6507734861046943,0.60-0.80,1.00-1.25
88,battery_voltage_sensor_drift,0.2537724382627729,abrupt,1.2461647929148612,3.426495179696487,155,0.6774193548387096,0.2967741935483871,0.7935483870967742,1,0.0048543689320388345,0.6774193548387096,0.6903225806451613,0.9719626168224299,0.6774193548387096,0.9904761904761905,0.6709677419354839,True,3.433333333333333,0.41028921821076203,0.20-0.40,1.00-1.25
89,battery_voltage_sensor_drift,0.277149723120313,gradual,0.916914114191979,2.161798969995353,231,0.6623376623376623,0.1774891774891775,0.696969696969697,0,0.0,0.6623376623376623,0.6883116883116883,0.9622641509433962,0.6623376623376623,1.0,0.6623376623376623,True,2.783333333333333,37.29206180027881,0.20-0.40,0.75-1.00
90,battery_voltage_sensor_drift,0.5419771703143134,gradual,0.923158771546418,3.184824573206895,169,0.9053254437869822,0.39644970414201186,0.9053254437869822,0,0.0,0.9053254437869822,0.9408284023668639,0.9622641509433962,0.9053254437869822,1.0,0.9053254437869822,True,3.4,12.910525607586285,0.40-0.60,0.75-1.00
91,battery_voltage_sensor_drift,0.4507477496754406,gradual,1.0465138543203425,1.7671242122839783,254,0.9724409448818898,0.3700787401574803,0.9724409448818898,0,0.0,0.9724409448818898,0.9724409448818898,0.9838056680161943,0.9566929133858267,1.0,0.9566929133858267,True,1.8666666666666667,5.972547262961303,0.40-0.60,1.00-1.25
92,battery_voltage_sensor_drift,0.3169771551324382,gradual,1.370105985628116,2.8420226208053005,190,0.7789473684210526,0.23157894736842105,0.8052631578947368,1,0.005847953216374269,0.7736842105263158,0.7789473684210526,0.9797297297297297,0.7631578947368421,1.0,0.7631578947368421,True,3.05,12.478642751681956,0.20-0.40,1.25-1.50
93,battery_voltage_sensor_drift,0.7309280582601319,abrupt,1.3798993306988288,3.155245246436821,171,1.0,0.6257309941520468,1.0,2,0.010526315789473684,1.0,0.9532163742690059,1.0,0.9532163742690059,1.0,0.9532163742690059,True,3.1666666666666665,0.6852852137907295,0.60-0.80,1.25-1.50
94,battery_voltage_sensor_drift,0.3066098726514919,gradual,1.467631624612877,2.2988860040006944,223,0.7130044843049327,0.16143497757847533,0.7309417040358744,3,0.021739130434782608,0.7130044843049327,0.6860986547085202,0.9803921568627451,0.6771300448430493,0.9933774834437086,0.672645739910314,True,2.433333333333333,8.066839759958322,0.20-0.40,1.25-1.50
95,battery_voltage_sensor_drift,0.4979576866017859,gradual,1.1978263712410353,1.5259932232840856,269,0.9516728624535316,0.36059479553903345,0.9516728624535316,0,0.0,0.9516728624535316,0.966542750929368,0.9538461538461539,0.9219330855018587,1.0,0.9219330855018587,True,1.75,13.440406602954864,0.40-0.60,1.00-1.25
96,battery_voltage_sensor_drift,0.6191568450416163,gradual,1.1871449590459844,3.0150731290696777,180,0.9055555555555556,0.3611111111111111,0.9055555555555556,1,0.0055248618784530384,0.9055555555555556,0.9277777777777778,0.9640718562874252,0.8944444444444445,1.0,0.8944444444444445,True,3.2666666666666666,15.095612255819333,0.60-0.80,1.00-1.25
97,battery_voltage_sensor_drift,0.2644570118779754,abrupt,1.403405680866308,2.1999283755200976,229,0.6244541484716157,0.24890829694323144,0.6943231441048034,3,0.022727272727272728,0.6244541484716157,0.6375545851528385,0.9657534246575342,0.6200873362445415,0.9929577464788732,0.6157205240174672,True,2.2333333333333334,2.0042974687941495,0.20-0.40,1.25-1.50
98,battery_voltage_sensor_drift,0.38365180580171,abrupt,0.9674981123127252,3.2880613396795724,163,0.9877300613496932,0.3496932515337423,0.9877300613496932,0,0.0,0.9877300613496932,0.9815950920245399,1.0,0.9815950920245399,1.0,0.9815950920245399,True,3.3,0.7163196192256471,0.20-0.40,0.75-1.00
99,battery_voltage_sensor_drift,0.2622080645196203,gradual,1.0603649147464758,2.2693011506258003,224,0.5357142857142857,0.17410714285714285,0.5714285714285714,0,0.0,0.5357142857142857,0.5848214285714286,0.9083969465648855,0.53125,1.0,0.53125,True,2.75,28.841930962451983,0.20-0.40,1.00-1.25
100,battery_voltage_sensor_drift,0.3291917162891369,gradual,1.121793325122597,3.497545900350425,151,0.6821192052980133,0.152317880794702,0.6887417218543046,0,0.0,0.6754966887417219,0.7086092715231788,0.9439252336448598,0.6688741721854304,1.0,0.6688741721854304,True,3.966666666666667,28.147245978974507,0.20-0.40,1.00-1.25
101,telemetry_dropout,0.5280238495549836,abrupt,1.2871016432366829,2.682838613317584,200,1.0,1.0,1.0,3,0.018633540372670808,1.0,1.0,1.0,1.0,1.0,1.0,True,2.683333333333333,0.029683200944941035,0.40-0.60,1.25-1.50
102,telemetry_dropout,0.5520012503111457,gradual,1.4584628282656662,3.353152765729301,159,1.0,1.0,1.0,2,0.009900990099009901,1.0,1.0,1.0,1.0,1.0,1.0,True,3.3666666666666667,0.8108340562419425,0.40-0.60,1.25-1.50
103,telemetry_dropout,0.3697730757239587,gradual,1.4038778381795805,3.4562717189067795,153,1.0,1.0,1.0,1,0.004807692307692308,1.0,1.0,1.0,1.0,1.0,1.0,True,3.466666666666667,0.6236968655932351,0.20-0.40,1.25-1.50
104,telemetry_dropout,0.6521106241478114,abrupt,1.1550906091451716,3.4524934052820866,153,1.0,1.0,1.0,0,0.0,1.0,1.0,1.0,1.0,1.0,1.0,True,3.466666666666667,0.8503956830748116,0.60-0.80,1.00-1.25
105,telemetry_dropout,0.6347526790163724,gradual,1.3854219255149327,1.723066835098181,257,1.0,1.0,1.0,0,0.0,1.0,1.0,1.0,1.0,1.0,1.0,True,1.7333333333333334,0.6159898941091413,0.60-0.80,1.25-1.50
106,telemetry_dropout,0.6572834516737502,gradual,1.0103844592749245,1.683430709609744,259,1.0,1.0,1.0,0,0.0,1.0,1.0,1.0,1.0,1.0,1.0,True,1.7,0.9941574234153538,0.60-0.80,1.00-1.25
107,telemetry_dropout,0.7153074678618823,gradual,1.0816158419532391,2.5183881665507872,209,1.0,1.0,1.0,0,0.0,1.0,1.0,1.0,1.0,1.0,1.0,True,2.533333333333333,0.8967100069527589,0.60-0.80,1.00-1.25
108,telemetry_dropout,0.7130971266801129,gradual,1.1271394280278475,2.7047274597321675,198,1.0,1.0,1.0,0,0.0,1.0,1.0,1.0,1.0,1.0,1.0,True,2.716666666666667,0.7163524160699541,0.60-0.80,1.00-1.25
109,telemetry_dropout,0.7364467497279013,gradual,1.3116434776725452,2.530309681536255,209,1.0,1.0,1.0,0,0.0,1.0,1.0,1.0,1.0,1.0,1.0,True,2.533333333333333,0.1814191078246985,0.60-0.80,1.25-1.50
110,telemetry_dropout,0.7859518909003971,gradual,1.4504162464124226,2.4687013163771,212,1.0,1.0,1.0,2,0.013422818791946308,1.0,1.0,1.0,1.0,1.0,1.0,True,2.4833333333333334,0.8779210173740104,0.60-0.80,1.25-1.50
111,telemetry_dropout,0.7728634253690692,gradual,0.9631698198986984,2.932589628775367,185,1.0,1.0,1.0,0,0.0,1.0,1.0,1.0,1.0,1.0,1.0,True,2.933333333333333,0.04462227347796777,0.60-0.80,0.75-1.00
112,telemetry_dropout,0.235433791386974,abrupt,1.2812769167739824,2.5630047294660394,207,1.0,1.0,1.0,1,0.006493506493506494,1.0,1.0,1.0,1.0,1.0,1.0,True,2.566666666666667,0.21971623203764779,0.20-0.40,1.25-1.50
113,telemetry_dropout,0.2170058836006171,abrupt,1.2133682593913837,2.8580224901760145,189,1.0,1.0,1.0,0,0.0,1.0,1.0,1.0,1.0,1.0,1.0,True,2.8666666666666667,0.5186505894391313,0.20-0.40,1.00-1.25
114,telemetry_dropout,0.2772210108408197,gradual,1.0308031959213588,2.6779317762865187,200,1.0,1.0,1.0,0,0.0,1.0,1.0,1.0,1.0,1.0,1.0,True,2.683333333333333,0.32409342280886655,0.20-0.40,1.00-1.25
115,telemetry_dropout,0.5556975536396281,gradual,0.8717888971418776,2.3987400443686164,217,1.0,1.0,1.0,0,0.0,1.0,1.0,1.0,1.0,1.0,1.0,True,2.4,0.07559733788300882,0.40-0.60,0.75-1.00
116,telemetry_dropout,0.4294734197184069,gradual,1.148667319873734,3.0494660973658245,178,1.0,1.0,1.0,0,0.0,1.0,1.0,1.0,1.0,1.0,1.0,True,3.05,0.0320341580505179,0.40-0.60,1.00-1.25
117,telemetry_dropout,0.5042512611274654,gradual,1.131827923679908,3.014472729604848,180,1.0,1.0,1.0,0,0.0,1.0,1.0,1.0,1.0,1.0,1.0,True,3.0166666666666666,0.13163622370910844,0.40-0.60,1.00-1.25
118,telemetry_dropout,0.5590734371513905,gradual,0.8199417125321544,1.9772055433230649,242,1.0,1.0,1.0,0,0.0,1.0,1.0,1.0,1.0,1.0,1.0,True,1.9833333333333332,0.3676674006160985,0.40-0.60,0.75-1.00
119,telemetry_dropout,0.6100938428685541,gradual,1.0903294928387703,3.1114407934292974,174,1.0,1.0,1.0,0,0.0,1.0,1.0,1.0,1.0,1.0,1.0,True,3.1166666666666667,0.3135523942421603,0.60-0.80,1.00-1.25
120,telemetry_dropout,0.2332509222505076,gradual,1.3715093973630794,2.06836894962348,236,1.0,1.0,1.0,1,0.008,1.0,1.0,1.0,1.0,1.0,1.0,True,2.083333333333333,0.8978630225911921,0.20-0.40,1.25-1.50
