scenario_id,fault_type,time_h,prediction,confidence,severity,noise_scale,profile,estimator_prediction,original_probability,top5_probability_drop,random5_probability_drop,top5_beats_random,top5_prediction_flip,random5_flip_rate,reconstruction_error,top1_feature,top5_features,top5_positive_strength,class_consensus_overlap,severity_bin,noise_bin
1,solar_array_degradation,2.0,solar_array_degradation,0.8551366102831083,0.5839478994290928,1.0161880007322384,gradual,solar_array_degradation,0.8551366102831083,0.734550818438151,0.006802888656152128,True,True,0.0,1.4432899320127035e-15,solar_relative_residual,solar_relative_residual|physics_pred_solar_array_degradation|battery_temp_measured|battery_current_measured|ml_power_ratio,0.41360504545803656,0.8,0.40-0.60,1.00-1.25
2,solar_array_degradation,3.5166666666666666,solar_array_degradation,0.7044047320594953,0.3064119150938292,1.475221650121793,gradual,solar_array_degradation,0.7044047320594953,0.6237764896342037,0.009705450101394097,True,True,0.0,3.3306690738754696e-16,solar_relative_residual,solar_relative_residual|physics_pred_solar_array_degradation|battery_current_measured|ml_power_ratio|solar_power_w,0.37377832419569024,0.6,0.20-0.40,1.25-1.50
3,solar_array_degradation,3.55,solar_array_degradation,0.8698954872623784,0.5815224824867908,1.3694214437816776,gradual,solar_array_degradation,0.8698954872623784,0.6073084008676579,0.021257389687853644,True,True,0.0,9.992007221626409e-16,solar_relative_residual,solar_relative_residual|physics_pred_solar_array_degradation|rule_pred_solar_array_degradation|rule_confidence|rule_pred_battery_voltage_sensor_drift,0.439561935957359,0.6,0.40-0.60,1.25-1.50
4,solar_array_degradation,2.183333333333333,solar_array_degradation,0.89118004699759,0.3667395293000954,1.1443626325089362,abrupt,solar_array_degradation,0.89118004699759,0.64934292465868,0.0363986328397331,True,True,0.0,1.1102230246251565e-15,solar_relative_residual,solar_relative_residual|rule_pred_solar_array_degradation|battery_temp_measured|rule_pred_battery_voltage_sensor_drift|ml_power_ratio,0.4165178194649671,0.6,0.20-0.40,1.00-1.25
5,solar_array_degradation,2.3833333333333333,solar_array_degradation,0.8344675367731179,0.5979083722835573,1.0857764261540406,abrupt,solar_array_degradation,0.8344675367731179,0.5650866114038287,0.014684015027586195,True,True,0.0,1.3322676295501878e-15,solar_relative_residual,solar_relative_residual|rule_pred_solar_array_degradation|battery_temp_measured|rule_confidence|rule_pred_battery_voltage_sensor_drift,0.3919442941547501,0.6,0.40-0.60,1.00-1.25
6,solar_array_degradation,2.0166666666666666,solar_array_degradation,0.904866964700178,0.5569195226036318,0.9070620909271648,gradual,solar_array_degradation,0.904866964700178,0.7541171587929478,0.01752361383932346,True,True,0.0,7.771561172376096e-16,solar_relative_residual,solar_relative_residual|physics_pred_solar_array_degradation|battery_temp_measured|battery_current_measured|ml_power_ratio,0.41997471060689223,0.8,0.40-0.60,0.75-1.00
7,solar_array_degradation,3.3833333333333333,solar_array_degradation,0.8726896905453474,0.6784773893128597,1.4601148432347362,gradual,solar_array_degradation,0.8726896905453474,0.6082381716513581,0.03605066530302453,True,True,0.0,6.661338147750939e-16,solar_relative_residual,solar_relative_residual|rule_pred_solar_array_degradation|physics_pred_solar_array_degradation|rule_confidence|rule_pred_battery_voltage_sensor_drift,0.4338278989562729,0.6,0.60-0.80,1.25-1.50
8,solar_array_degradation,2.3666666666666667,solar_array_degradation,0.8043132569445456,0.7402697594025334,1.2719961526003374,abrupt,solar_array_degradation,0.8043132569445456,0.5826788335633466,0.015469841585115884,True,True,0.0,8.881784197001252e-16,solar_relative_residual,solar_relative_residual|rule_pred_solar_array_degradation|rule_confidence|rule_pred_battery_voltage_sensor_drift|battery_temp_measured,0.38035733615682293,0.6,0.60-0.80,1.25-1.50
9,solar_array_degradation,2.283333333333333,solar_array_degradation,0.8928063804516401,0.35693182778708,1.1198327422386605,gradual,solar_array_degradation,0.89280638045164,0.7758011779995478,0.009594832953781152,True,True,0.0,5.551115123125783e-16,solar_relative_residual,solar_relative_residual|physics_pred_solar_array_degradation|battery_temp_measured|battery_current_measured|ml_power_ratio,0.426898628930161,0.8,0.20-0.40,1.00-1.25
10,solar_array_degradation,2.033333333333333,solar_array_degradation,0.8877797027887939,0.6387443950150669,1.0291082375976224,gradual,solar_array_degradation,0.8877797027887939,0.7797630517136621,0.022884031998156928,True,True,0.0,1.1102230246251565e-16,solar_relative_residual,solar_relative_residual|physics_pred_solar_array_degradation|battery_temp_measured|battery_current_measured|ml_power_ratio,0.43170873894593575,0.8,0.60-0.80,1.00-1.25
11,solar_array_degradation,3.0,solar_array_degradation,0.7779443767381997,0.4968978067502338,1.1828831283721493,gradual,solar_array_degradation,0.7779443767381996,0.4699100413451439,0.010145560091377214,True,False,0.0,4.440892098500626e-16,solar_relative_residual,solar_relative_residual|rule_pred_solar_array_degradation|rule_confidence|rule_pred_battery_voltage_sensor_drift|battery_current_measured,0.34663523124582424,0.6,0.40-0.60,1.00-1.25
12,solar_array_degradation,1.6333333333333333,solar_array_degradation,0.7692897789439782,0.6764186364653026,1.1249662668083955,gradual,solar_array_degradation,0.7692897789439782,0.604174198365677,0.000987861487827535,True,True,0.0,9.992007221626409e-16,solar_relative_residual,solar_relative_residual|rule_pred_solar_array_degradation|physics_pred_solar_array_degradation|rule_confidence|rule_detected,0.40460489961966856,0.6,0.60-0.80,1.00-1.25
13,solar_array_degradation,1.7666666666666666,solar_array_degradation,0.7804482107403999,0.7428224435320119,1.018673413943536,gradual,solar_array_degradation,0.7804482107403999,0.6104412678852092,0.0234470556240723,True,True,0.0,5.551115123125783e-16,solar_relative_residual,solar_relative_residual|rule_pred_solar_array_degradation|physics_pred_solar_array_degradation|rule_confidence|rule_detected,0.40812683596168536,0.6,0.60-0.80,1.00-1.25
14,solar_array_degradation,2.316666666666667,solar_array_degradation,0.8798058923196362,0.5402298550186695,1.4688483007230255,gradual,solar_array_degradation,0.8798058923196362,0.7707039297658244,0.016945159354220717,True,True,0.0,4.440892098500626e-16,solar_relative_residual,solar_relative_residual|physics_pred_solar_array_degradation|battery_temp_measured|battery_current_measured|ml_power_ratio,0.41982351477843105,0.8,0.40-0.60,1.25-1.50
15,solar_array_degradation,3.316666666666667,solar_array_degradation,0.9610736617417605,0.5725612791200297,1.4602965624837472,abrupt,solar_array_degradation,0.9610736617417603,0.536210894548914,0.04016098230195621,True,False,0.0,3.3306690738754696e-16,solar_relative_residual,solar_relative_residual|rule_pred_solar_array_degradation|physics_pred_solar_array_degradation|rule_confidence|rule_pred_battery_voltage_sensor_drift,0.4109815841196937,0.6,0.40-0.60,1.25-1.50
16,solar_array_degradation,2.3,solar_array_degradation,0.8916803695950118,0.3689680958603575,0.8196664115680854,gradual,solar_array_degradation,0.8916803695950118,0.7785975721595485,0.018968039315664022,True,True,0.0,1.1102230246251565e-16,solar_relative_residual,solar_relative_residual|physics_pred_solar_array_degradation|battery_temp_measured|battery_current_measured|ml_power_ratio,0.42881073824188043,0.8,0.20-0.40,0.75-1.00
17,solar_array_degradation,1.7666666666666666,solar_array_degradation,0.8760593898140683,0.5625894480641828,1.1730178978991508,gradual,solar_array_degradation,0.8760593898140683,0.6438147462084577,0.03481551278171122,True,True,0.0,8.881784197001252e-16,solar_relative_residual,solar_relative_residual|rule_pred_solar_array_degradation|physics_pred_solar_array_degradation|rule_confidence|battery_temp_measured,0.41269649579216694,0.8,0.40-0.60,1.00-1.25
18,solar_array_degradation,3.716666666666667,solar_array_degradation,0.7032106399171294,0.312954296661419,1.2292696891672248,gradual,solar_array_degradation,0.7032106399171294,0.5524535909476213,0.008964460770025972,True,True,0.0,3.3306690738754696e-16,solar_relative_residual,solar_relative_residual|physics_pred_solar_array_degradation|battery_current_measured|ml_power_ratio|rule_pred_battery_voltage_sensor_drift,0.3638807492104769,0.6,0.20-0.40,1.00-1.25
19,solar_array_degradation,3.0,solar_array_degradation,0.7774368013289409,0.5276361379403856,1.1994869942021855,gradual,solar_array_degradation,0.7774368013289409,0.5355328712759899,0.02006812485100551,True,True,0.0,6.661338147750939e-16,solar_relative_residual,solar_relative_residual|rule_pred_solar_array_degradation|rule_confidence|rule_pred_battery_voltage_sensor_drift|battery_current_measured,0.3720416910207246,0.6,0.40-0.60,1.00-1.25
20,solar_array_degradation,1.95,solar_array_degradation,0.7555129023209427,0.5693049646153203,0.8007857704654054,gradual,solar_array_degradation,0.7555129023209427,0.6690767578602279,0.006946255355898168,True,True,0.0,9.992007221626409e-16,solar_relative_residual,solar_relative_residual|physics_pred_solar_array_degradation|battery_temp_measured|battery_current_measured|ml_power_ratio,0.39880266534399295,0.8,0.40-0.60,0.75-1.00
21,battery_degradation,3.2,battery_degradation,0.7595263366865929,0.7142472139919882,1.241847041941417,gradual,battery_degradation,0.7595263366865928,0.11344951899758327,0.004182224599466822,True,False,0.0,0.0,physics_confidence,physics_confidence|physics_pred_battery_degradation|physics_pred_reaction_wheel_degradation|rule_pred_battery_voltage_sensor_drift|battery_temp_measured,0.2637763235612228,1.0,0.60-0.80,1.00-1.25
22,battery_degradation,4.5,battery_degradation,0.9001835202758045,0.2770066408652321,0.7745387836476865,abrupt,battery_degradation,0.9001835202758045,0.4878079269457307,0.014486222727975484,True,False,0.0,7.771561172376096e-16,rule_pred_battery_voltage_sensor_drift,rule_pred_battery_voltage_sensor_drift|battery_soc_measured|battery_voltage_measured|battery_temp_measured|rule_confidence,0.32540331785835624,0.4,0.20-0.40,0.75-1.00
23,battery_degradation,2.583333333333333,battery_degradation,0.7901352106971484,0.532861771889904,1.137061940728299,abrupt,battery_degradation,0.7901352106971484,0.5002013993580989,0.011778831184681971,True,True,0.0,6.661338147750939e-16,physics_confidence,physics_confidence|physics_pred_battery_degradation|battery_innovation_v|physics_pred_reaction_wheel_degradation|rule_pred_battery_voltage_sensor_drift,0.3279693732470574,0.8,0.40-0.60,1.00-1.25
24,battery_degradation,4.116666666666666,battery_degradation,0.9029082603487136,0.4130366087531232,0.985250056172856,abrupt,battery_degradation,0.9029082603487137,0.603613397728917,0.0055007735355496745,True,True,0.0,6.661338147750939e-16,physics_confidence,physics_confidence|physics_pred_battery_degradation|battery_temp_measured|battery_innovation_v|physics_pred_reaction_wheel_degradation,0.3779655902459244,0.8,0.40-0.60,0.75-1.00
25,battery_degradation,2.533333333333333,battery_degradation,0.8127234037636939,0.5979100187943587,1.1687230477114106,gradual,battery_degradation,0.8127234037636939,0.37766854917967085,0.03243209697472251,True,False,0.0,0.0,physics_confidence,physics_confidence|battery_innovation_v|physics_pred_battery_degradation|physics_pred_reaction_wheel_degradation|rule_pred_battery_voltage_sensor_drift,0.29938807465635414,0.8,0.40-0.60,1.00-1.25
26,battery_degradation,4.05,battery_degradation,0.8650711714265359,0.6470209319885911,1.237624543740518,gradual,battery_degradation,0.8650711714265359,0.3780623729298376,0.02265070900884115,True,False,0.0,5.551115123125783e-16,physics_confidence,physics_confidence|battery_temp_measured|battery_innovation_v|physics_pred_battery_degradation|physics_pred_reaction_wheel_degradation,0.31543016773264004,0.8,0.60-0.80,1.00-1.25
27,battery_degradation,3.1666666666666665,battery_degradation,0.7464107700703358,0.7053367578341156,1.2665960292847858,abrupt,battery_degradation,0.7464107700703358,0.22029003511103218,-0.002566650602755871,True,False,0.0,5.551115123125783e-16,physics_confidence,physics_confidence|physics_pred_reaction_wheel_degradation|physics_pred_battery_degradation|battery_temp_measured|rule_pred_battery_voltage_sensor_drift,0.2929829396414486,1.0,0.60-0.80,1.25-1.50
28,battery_degradation,4.5,battery_degradation,0.9114704131198974,0.261011454249298,0.9123926262095988,gradual,battery_degradation,0.9114704131198974,0.5264085640367533,0.052941596378130486,True,True,0.0,1.1102230246251565e-15,battery_soc_measured,battery_soc_measured|rule_pred_battery_voltage_sensor_drift|battery_voltage_measured|battery_temp_measured|rule_confidence,0.33585978870986183,0.4,0.20-0.40,0.75-1.00
29,battery_degradation,2.6333333333333333,battery_degradation,0.8204797458107215,0.4206076548422047,0.9503991988772036,abrupt,battery_degradation,0.8204797458107214,0.6088996586008057,0.0029584556464875454,True,True,0.0,2.220446049250313e-16,physics_confidence,physics_confidence|physics_pred_battery_degradation|battery_innovation_v|physics_pred_reaction_wheel_degradation|physics_detected,0.3704394981712041,0.6,0.40-0.60,0.75-1.00
30,battery_degradation,2.6166666666666667,battery_degradation,0.8538906104670073,0.5515337087280956,1.2509849432988789,abrupt,battery_degradation,0.8538906104670074,0.5375810593987018,0.03601746283490838,True,True,0.0,4.440892098500626e-16,physics_confidence,physics_confidence|battery_innovation_v|physics_pred_battery_degradation|physics_pred_reaction_wheel_degradation|rule_pred_battery_voltage_sensor_drift,0.33980950929841813,0.8,0.40-0.60,1.25-1.50
31,battery_degradation,2.55,battery_degradation,0.8301764072755853,0.673885629965303,1.3186871742363682,gradual,battery_degradation,0.8301764072755854,0.44516486107491976,0.018955220175732302,True,False,0.0,3.3306690738754696e-16,physics_confidence,physics_confidence|battery_innovation_v|physics_pred_battery_degradation|physics_pred_reaction_wheel_degradation|rule_pred_battery_voltage_sensor_drift,0.3134467696381016,0.8,0.60-0.80,1.25-1.50
32,battery_degradation,2.9166666666666665,battery_degradation,0.9133813391197628,0.3443756250882639,0.7823180179759468,gradual,battery_degradation,0.9133813391197628,0.4026393377719071,0.029505284617056628,True,False,0.0,3.3306690738754696e-16,physics_confidence,physics_confidence|physics_pred_battery_degradation|battery_innovation_v|physics_pred_reaction_wheel_degradation|battery_temp_measured,0.3196867594606596,0.8,0.20-0.40,0.75-1.00
33,battery_degradation,4.25,battery_degradation,0.7551600474548666,0.218278884874937,1.0993593982465346,abrupt,battery_degradation,0.7551600474548666,0.42457999027987514,0.009788886829347487,True,True,0.0,3.3306690738754696e-16,physics_confidence,physics_confidence|physics_pred_battery_degradation|battery_temp_measured|physics_pred_reaction_wheel_degradation|rule_pred_battery_voltage_sensor_drift,0.3532440145681274,1.0,0.20-0.40,1.00-1.25
34,battery_degradation,2.816666666666667,battery_degradation,0.902203750566422,0.5405391451600045,0.8054219818839264,gradual,battery_degradation,0.9022037505664219,0.3172868358348706,0.02155382321028123,True,False,0.0,3.3306690738754696e-16,physics_confidence,physics_confidence|physics_pred_battery_degradation|physics_pred_reaction_wheel_degradation|battery_temp_measured|battery_innovation_v,0.3061456852797879,0.8,0.40-0.60,0.75-1.00
35,battery_degradation,4.5,battery_degradation,0.8811887522497998,0.3006941930793471,1.2883757679621737,gradual,battery_degradation,0.8811887522497998,0.48482349760143884,0.04157008078886053,True,False,0.0,1.2212453270876722e-15,rule_pred_battery_voltage_sensor_drift,rule_pred_battery_voltage_sensor_drift|battery_soc_measured|battery_temp_measured|battery_voltage_measured|rule_confidence,0.33159077282574057,0.4,0.20-0.40,1.25-1.50
36,battery_degradation,3.3,battery_degradation,0.7067148063699186,0.7877755093108962,1.2212313440057934,abrupt,battery_degradation,0.7067148063699186,0.16157834208362587,-0.004787833787614637,True,False,0.0,1.2212453270876722e-15,physics_confidence,physics_confidence|physics_pred_reaction_wheel_degradation|physics_pred_battery_degradation|rule_pred_battery_voltage_sensor_drift|ml_battery_ratio,0.23819511521137238,0.8,0.60-0.80,1.00-1.25
37,battery_degradation,4.5,battery_degradation,0.9292489208600224,0.247777602545364,0.8711017819957132,gradual,battery_degradation,0.9292489208600226,0.467185212974393,0.03819504891905541,True,False,0.0,1.1102230246251565e-16,rule_pred_battery_voltage_sensor_drift,rule_pred_battery_voltage_sensor_drift|battery_soc_measured|battery_temp_measured|battery_voltage_measured|ml_battery_ratio,0.3405068729402966,0.4,0.20-0.40,0.75-1.00
38,battery_degradation,3.0,battery_degradation,0.7706133840982395,0.5462478997759437,1.4288630305793522,gradual,battery_degradation,0.7706133840982395,0.41060850914726704,0.050036185698644986,True,True,0.0,5.551115123125783e-16,rule_pred_battery_voltage_sensor_drift,rule_pred_battery_voltage_sensor_drift|battery_soc_measured|battery_voltage_measured|rule_confidence|battery_temp_measured,0.2958502458285343,0.4,0.40-0.60,1.25-1.50
39,battery_degradation,2.95,battery_degradation,0.7838666548136141,0.3732749894056553,1.2390735876494658,gradual,battery_degradation,0.7838666548136141,0.5225884709328926,0.02147771449995759,True,True,0.0,5.551115123125783e-16,physics_confidence,physics_confidence|battery_innovation_v|physics_pred_battery_degradation|physics_pred_reaction_wheel_degradation|rule_pred_battery_voltage_sensor_drift,0.31965335594191535,0.8,0.20-0.40,1.00-1.25
40,battery_degradation,3.2666666666666666,battery_degradation,0.7616709489480885,0.6629222227440466,0.9091043616193294,gradual,battery_degradation,0.7616709489480884,0.11580094777029648,-0.008696822545187366,True,False,0.0,8.881784197001252e-16,physics_confidence,physics_confidence|battery_temp_measured|physics_pred_reaction_wheel_degradation|physics_pred_battery_degradation|rule_pred_battery_voltage_sensor_drift,0.2675655579965172,1.0,0.60-0.80,0.75-1.00
41,thermal_anomaly,3.466666666666667,thermal_anomaly,0.9831869835146144,0.7276592359230265,1.1635317437360368,abrupt,thermal_anomaly,0.9831869835146145,0.9261539354328182,0.006512664872197371,True,True,0.0,4.440892098500626e-16,electronics_temp_residual_c,electronics_temp_residual_c|battery_temp_residual_c|physics_pred_thermal_anomaly|electronics_temp_measured|battery_temp_measured,0.6365223348991238,0.6,0.60-0.80,1.00-1.25
42,thermal_anomaly,2.7,thermal_anomaly,0.8163749717850668,0.2125669064974436,0.9530106760844326,abrupt,thermal_anomaly,0.8163749717850668,0.7744575231514559,-0.000766668193604858,True,True,0.0,2.220446049250313e-16,electronics_temp_residual_c,electronics_temp_residual_c|battery_temp_residual_c|physics_pred_thermal_anomaly|physics_confidence|rule_pred_battery_voltage_sensor_drift,0.5488453718817067,1.0,0.20-0.40,0.75-1.00
43,thermal_anomaly,3.533333333333333,thermal_anomaly,0.9904667323359748,0.5527821299796953,1.0706734069060049,abrupt,thermal_anomaly,0.9904667323359749,0.9428033249105898,0.0014036812239795915,True,True,0.0,1.1102230246251565e-15,electronics_temp_residual_c,electronics_temp_residual_c|battery_temp_residual_c|physics_pred_thermal_anomaly|electronics_temp_measured|battery_temp_measured,0.6354748599448035,0.6,0.40-0.60,1.00-1.25
44,thermal_anomaly,3.15,thermal_anomaly,0.8239226589378426,0.5194687099090153,1.1812496316014158,gradual,thermal_anomaly,0.8239226589378426,0.772861467627649,0.0005295644490227791,True,True,0.0,9.992007221626409e-16,electronics_temp_residual_c,electronics_temp_residual_c|battery_temp_residual_c|physics_pred_thermal_anomaly|rule_pred_battery_voltage_sensor_drift|physics_confidence,0.545275703619755,1.0,0.40-0.60,1.00-1.25
45,thermal_anomaly,3.7,thermal_anomaly,0.9357485761591304,0.5317921786317299,0.9023230521172474,gradual,thermal_anomaly,0.9357485761591305,0.8916474402711324,0.0017385037086006915,True,True,0.0,0.0,electronics_temp_residual_c,electronics_temp_residual_c|battery_temp_residual_c|physics_pred_thermal_anomaly|electronics_temp_measured|rule_pred_battery_voltage_sensor_drift,0.6096868351427022,0.8,0.40-0.60,0.75-1.00
46,thermal_anomaly,3.0166666666666666,thermal_anomaly,0.7875702837445006,0.4925348471822232,1.259122347415162,gradual,thermal_anomaly,0.7875702837445006,0.7356044784527789,-0.007674522835410857,True,True,0.0,5.551115123125783e-16,electronics_temp_residual_c,electronics_temp_residual_c|battery_temp_residual_c|physics_pred_thermal_anomaly|rule_pred_battery_voltage_sensor_drift|physics_detected,0.5404349902115786,0.8,0.40-0.60,1.25-1.50
47,thermal_anomaly,2.8833333333333333,thermal_anomaly,0.7684180747162417,0.461140824443969,1.4952426400609842,gradual,thermal_anomaly,0.7684180747162417,0.7388471762228477,1.9092915820917433e-05,True,True,0.0,6.661338147750939e-16,electronics_temp_residual_c,electronics_temp_residual_c|battery_temp_residual_c|physics_pred_thermal_anomaly|physics_confidence|rule_pred_battery_voltage_sensor_drift,0.5472450749592307,1.0,0.40-0.60,1.25-1.50
48,thermal_anomaly,2.35,thermal_anomaly,0.9194255219354536,0.2149541614610631,0.8382848099867584,gradual,thermal_anomaly,0.9194255219354536,0.7912235778460179,0.016390223930568604,True,True,0.0,2.220446049250313e-16,electronics_temp_residual_c,electronics_temp_residual_c|battery_temp_residual_c|physics_pred_thermal_anomaly|rule_pred_battery_voltage_sensor_drift|physics_pred_reaction_wheel_degradation,0.553622850555961,0.8,0.20-0.40,0.75-1.00
49,thermal_anomaly,2.066666666666667,thermal_anomaly,0.7651709286510272,0.7951958587648988,0.832599089248062,abrupt,thermal_anomaly,0.7651709286510272,0.5365997303179477,0.028131733498225876,True,True,0.0,1.5543122344752192e-15,electronics_temp_residual_c,electronics_temp_residual_c|physics_pred_thermal_anomaly|rule_pred_battery_voltage_sensor_drift|wheel_temp_measured|physics_pred_reaction_wheel_degradation,0.3956183140099075,0.6,0.60-0.80,0.75-1.00
50,thermal_anomaly,3.4,thermal_anomaly,0.9664309225039184,0.6439404214105036,1.4820754765178012,gradual,thermal_anomaly,0.9664309225039185,0.9185090146347602,-0.001190739338134028,True,True,0.0,1.1102230246251565e-16,electronics_temp_residual_c,electronics_temp_residual_c|battery_temp_residual_c|physics_pred_thermal_anomaly|electronics_temp_measured|battery_temp_measured,0.6443241244981529,0.6,0.60-0.80,1.25-1.50
51,thermal_anomaly,3.0,thermal_anomaly,0.7614199476428745,0.7921041659167323,1.3390755010949262,gradual,thermal_anomaly,0.7614199476428745,0.7086744650019785,-0.01137307472642667,True,True,0.0,7.771561172376096e-16,electronics_temp_residual_c,electronics_temp_residual_c|battery_temp_residual_c|physics_pred_thermal_anomaly|physics_confidence|rule_pred_battery_voltage_sensor_drift,0.5318588526927052,1.0,0.60-0.80,1.25-1.50
52,thermal_anomaly,2.1333333333333333,thermal_anomaly,0.8517746087819476,0.5089635715974086,1.406744888672384,abrupt,thermal_anomaly,0.8517746087819476,0.7297608117556789,0.0026020704199454237,True,True,0.0,4.440892098500626e-16,electronics_temp_residual_c,electronics_temp_residual_c|battery_temp_residual_c|physics_pred_thermal_anomaly|rule_pred_battery_voltage_sensor_drift|physics_confidence,0.5404063686355443,1.0,0.40-0.60,1.25-1.50
53,thermal_anomaly,3.533333333333333,thermal_anomaly,0.9402170541768348,0.2277122171260587,1.3029790689654457,gradual,thermal_anomaly,0.9402170541768348,0.9060459144333286,-0.0017544077226811395,True,True,0.0,1.1102230246251565e-16,electronics_temp_residual_c,electronics_temp_residual_c|battery_temp_residual_c|physics_pred_thermal_anomaly|electronics_temp_measured|rule_pred_battery_voltage_sensor_drift,0.62576466089506,0.8,0.20-0.40,1.25-1.50
54,thermal_anomaly,3.15,thermal_anomaly,0.7792367054717095,0.2061391412940021,0.998249578627866,abrupt,thermal_anomaly,0.7792367054717095,0.7612941571158349,-0.0036172814313638947,True,True,0.0,1.1102230246251565e-16,electronics_temp_residual_c,electronics_temp_residual_c|battery_temp_residual_c|physics_pred_thermal_anomaly|rule_pred_battery_voltage_sensor_drift|physics_confidence,0.5361740952516102,1.0,0.20-0.40,0.75-1.00
55,thermal_anomaly,2.45,thermal_anomaly,0.8254170647323754,0.6535692994141874,0.8370785520719333,abrupt,thermal_anomaly,0.8254170647323754,0.7372424912334983,-0.004581853006294057,True,True,0.0,4.440892098500626e-16,electronics_temp_residual_c,electronics_temp_residual_c|battery_temp_residual_c|physics_pred_thermal_anomaly|physics_detected|physics_confidence,0.5412834511186351,0.8,0.60-0.80,0.75-1.00
56,thermal_anomaly,3.8333333333333335,thermal_anomaly,0.9722740582509972,0.7278003513785443,1.141569079943083,gradual,thermal_anomaly,0.9722740582509973,0.9142018304617783,-0.0005780833084259252,True,True,0.0,3.3306690738754696e-16,electronics_temp_residual_c,electronics_temp_residual_c|battery_temp_residual_c|physics_pred_thermal_anomaly|electronics_temp_measured|battery_temp_measured,0.6153465483706192,0.6,0.60-0.80,1.00-1.25
57,thermal_anomaly,3.683333333333333,thermal_anomaly,0.9239370859265912,0.4503064606328543,1.0730302528086022,gradual,thermal_anomaly,0.9239370859265911,0.8753089310425146,-0.0020210675867825545,True,True,0.0,1.1102230246251565e-16,electronics_temp_residual_c,electronics_temp_residual_c|battery_temp_residual_c|physics_pred_thermal_anomaly|electronics_temp_measured|rule_pred_battery_voltage_sensor_drift,0.6228850536203577,0.8,0.40-0.60,1.00-1.25
58,thermal_anomaly,2.783333333333333,thermal_anomaly,0.8355706787639938,0.2673277544409908,1.1325919397452502,abrupt,thermal_anomaly,0.8355706787639938,0.7905805006546256,-0.00024228808213522246,True,True,0.0,5.551115123125783e-16,electronics_temp_residual_c,electronics_temp_residual_c|battery_temp_residual_c|physics_pred_thermal_anomaly|physics_confidence|rule_pred_battery_voltage_sensor_drift,0.5622459206333579,1.0,0.20-0.40,1.00-1.25
59,thermal_anomaly,3.05,thermal_anomaly,0.7960726593867289,0.6454905270039444,0.7569079934974283,abrupt,thermal_anomaly,0.7960726593867289,0.7621046178211948,-0.0010332583289626718,True,True,0.0,0.0,electronics_temp_residual_c,electronics_temp_residual_c|battery_temp_residual_c|physics_pred_thermal_anomaly|physics_confidence|rule_pred_battery_voltage_sensor_drift,0.5454928263479435,1.0,0.60-0.80,0.75-1.00
60,thermal_anomaly,2.4,thermal_anomaly,0.8859177322310127,0.3920719805105231,1.0942512272568123,gradual,thermal_anomaly,0.8859177322310127,0.771373213072473,0.010206039498711461,True,True,0.0,4.440892098500626e-16,electronics_temp_residual_c,electronics_temp_residual_c|battery_temp_residual_c|physics_pred_thermal_anomaly|physics_confidence|rule_pred_battery_voltage_sensor_drift,0.5516894124677654,1.0,0.20-0.40,1.00-1.25
61,reaction_wheel_degradation,2.083333333333333,reaction_wheel_degradation,0.8407217399380988,0.309809248899257,1.413838279518862,gradual,reaction_wheel_degradation,0.8407217399380988,0.6820501485936115,-0.0006685296866519419,True,True,0.0,8.881784197001252e-16,physics_pred_reaction_wheel_degradation,physics_pred_reaction_wheel_degradation|physics_confidence|wheel_current_residual_a|physics_detected|rule_pred_battery_voltage_sensor_drift,0.5196620260194253,1.0,0.20-0.40,1.25-1.50
62,reaction_wheel_degradation,2.0166666666666666,reaction_wheel_degradation,0.8488389337428217,0.4397581035350181,0.8140171212948634,gradual,reaction_wheel_degradation,0.8488389337428216,0.6344405165299762,-0.0043711631506487825,True,True,0.0,5.551115123125783e-16,physics_pred_reaction_wheel_degradation,physics_pred_reaction_wheel_degradation|physics_confidence|wheel_current_residual_a|rule_pred_battery_voltage_sensor_drift|wheel_current_measured,0.48073427632150345,0.8,0.40-0.60,0.75-1.00
63,reaction_wheel_degradation,3.45,reaction_wheel_degradation,0.7897243899407869,0.6960281720952892,1.1384498324517491,gradual,reaction_wheel_degradation,0.7897243899407868,0.7196130808171359,0.0008540786337537631,True,True,0.0,3.3306690738754696e-16,physics_pred_reaction_wheel_degradation,physics_pred_reaction_wheel_degradation|physics_confidence|physics_detected|rule_pred_battery_voltage_sensor_drift|wheel_current_residual_a,0.4982065523532366,1.0,0.60-0.80,1.00-1.25
64,reaction_wheel_degradation,2.5166666666666666,reaction_wheel_degradation,0.9267848946469596,0.4844217333556942,0.9824728163784012,gradual,reaction_wheel_degradation,0.9267848946469595,0.6740926291437053,0.021570166984783267,True,True,0.0,1.1102230246251565e-15,physics_pred_reaction_wheel_degradation,physics_pred_reaction_wheel_degradation|physics_confidence|wheel_current_residual_a|rule_pred_battery_voltage_sensor_drift|physics_detected,0.5260269747228807,1.0,0.40-0.60,0.75-1.00
65,reaction_wheel_degradation,3.633333333333333,reaction_wheel_degradation,0.8034715263623186,0.439231361865161,1.0512637266937577,gradual,reaction_wheel_degradation,0.8034715263623186,0.7622589512217761,-0.010433912153765356,True,True,0.0,3.3306690738754696e-16,physics_pred_reaction_wheel_degradation,physics_pred_reaction_wheel_degradation|wheel_current_residual_a|physics_confidence|rule_pred_battery_voltage_sensor_drift|physics_detected,0.5370512740830408,1.0,0.40-0.60,1.00-1.25
66,reaction_wheel_degradation,2.85,reaction_wheel_degradation,0.7555355013329755,0.7764132212166428,1.431265095790742,gradual,reaction_wheel_degradation,0.7555355013329755,0.6580296240259512,-0.007669770417116373,True,True,0.0,5.551115123125783e-16,physics_pred_reaction_wheel_degradation,physics_pred_reaction_wheel_degradation|physics_confidence|physics_detected|rule_pred_battery_voltage_sensor_drift|ml_wheel_ratio,0.5021458877018066,0.8,0.60-0.80,1.25-1.50
67,reaction_wheel_degradation,2.05,reaction_wheel_degradation,0.7663410158760806,0.5890004606630462,1.1469157392470744,gradual,reaction_wheel_degradation,0.7663410158760806,0.6222561756509997,0.012338903410468338,True,True,0.0,1.1102230246251565e-15,physics_pred_reaction_wheel_degradation,physics_pred_reaction_wheel_degradation|physics_confidence|wheel_current_residual_a|rule_pred_battery_voltage_sensor_drift|wheel_current_measured,0.4808747022771349,0.8,0.40-0.60,1.00-1.25
68,reaction_wheel_degradation,1.9166666666666667,reaction_wheel_degradation,0.771931934455094,0.6698805975662906,1.2961477284766412,abrupt,reaction_wheel_degradation,0.771931934455094,0.7107644984082875,-0.03338591099628775,True,True,0.0,1.4432899320127035e-15,physics_pred_reaction_wheel_degradation,physics_pred_reaction_wheel_degradation|physics_confidence|wheel_current_residual_a|physics_detected|rule_pred_battery_voltage_sensor_drift,0.5368491449768983,1.0,0.60-0.80,1.25-1.50
69,reaction_wheel_degradation,1.8333333333333333,reaction_wheel_degradation,0.822579876669677,0.4473512664881101,1.2452795036204751,abrupt,reaction_wheel_degradation,0.822579876669677,0.7348441055588141,0.0016784719454412734,True,True,0.0,6.661338147750939e-16,physics_pred_reaction_wheel_degradation,physics_pred_reaction_wheel_degradation|physics_confidence|physics_detected|rule_pred_battery_voltage_sensor_drift|wheel_current_residual_a,0.516401769455405,1.0,0.40-0.60,1.00-1.25
70,reaction_wheel_degradation,2.8,reaction_wheel_degradation,0.8097006847836149,0.3718692319942847,0.8751850190891066,gradual,reaction_wheel_degradation,0.8097006847836149,0.6886189064737616,0.005287421896135336,True,True,0.0,3.3306690738754696e-16,physics_pred_reaction_wheel_degradation,physics_pred_reaction_wheel_degradation|physics_confidence|physics_detected|rule_pred_battery_voltage_sensor_drift|electronics_temp_residual_c,0.5211905244926932,0.8,0.20-0.40,0.75-1.00
71,reaction_wheel_degradation,3.3,reaction_wheel_degradation,0.8181581484226694,0.6695092197744519,1.4048484465311923,gradual,reaction_wheel_degradation,0.8181581484226694,0.7536459746143912,0.0011351163728436698,True,True,0.0,0.0,physics_pred_reaction_wheel_degradation,physics_pred_reaction_wheel_degradation|physics_confidence|physics_detected|rule_pred_battery_voltage_sensor_drift|wheel_current_residual_a,0.5195566670409023,1.0,0.60-0.80,1.25-1.50
72,reaction_wheel_degradation,3.733333333333333,reaction_wheel_degradation,0.8212662732193781,0.3273244849123812,1.376356300655668,gradual,reaction_wheel_degradation,0.8212662732193781,0.6966683603104835,-0.0023152263750133685,True,True,0.0,6.661338147750939e-16,physics_pred_reaction_wheel_degradation,physics_pred_reaction_wheel_degradation|physics_confidence|physics_detected|rule_pred_battery_voltage_sensor_drift|ml_wheel_ratio,0.5102397350295674,0.8,0.20-0.40,1.25-1.50
73,reaction_wheel_degradation,2.5166666666666666,reaction_wheel_degradation,0.8447574591489657,0.7774408662115393,1.4188663231749152,abrupt,reaction_wheel_degradation,0.8447574591489657,0.6341118210403502,0.0014172391353626246,True,True,0.0,8.881784197001252e-16,physics_pred_reaction_wheel_degradation,physics_pred_reaction_wheel_degradation|physics_confidence|wheel_current_residual_a|wheel_temp_residual_c|rule_pred_battery_voltage_sensor_drift,0.5205761600553538,0.8,0.60-0.80,1.25-1.50
74,reaction_wheel_degradation,2.0166666666666666,reaction_wheel_degradation,0.8376505807195697,0.5942738930945521,1.1441022936205874,abrupt,reaction_wheel_degradation,0.8376505807195697,0.6736752614113761,8.640505033976619e-05,True,True,0.0,1.6653345369377348e-15,physics_pred_reaction_wheel_degradation,physics_pred_reaction_wheel_degradation|wheel_current_residual_a|physics_confidence|rule_pred_battery_voltage_sensor_drift|wheel_current_measured,0.5086789863678393,0.8,0.40-0.60,1.00-1.25
75,reaction_wheel_degradation,2.6166666666666667,reaction_wheel_degradation,0.7951992980326611,0.2291030795492712,0.9364861493734896,gradual,reaction_wheel_degradation,0.7951992980326611,0.7276040019116747,-0.001953199136218842,True,True,0.0,1.1102230246251565e-16,physics_pred_reaction_wheel_degradation,physics_pred_reaction_wheel_degradation|physics_confidence|physics_detected|wheel_current_residual_a|rule_pred_battery_voltage_sensor_drift,0.5061393985623951,1.0,0.20-0.40,0.75-1.00
76,reaction_wheel_degradation,3.1333333333333333,reaction_wheel_degradation,0.933758825384366,0.2924945017656537,1.1991379978622243,gradual,reaction_wheel_degradation,0.9337588253843658,0.8293189896627207,0.015818694559182854,True,True,0.0,2.220446049250313e-16,physics_pred_reaction_wheel_degradation,physics_pred_reaction_wheel_degradation|physics_confidence|wheel_current_residual_a|physics_detected|rule_pred_battery_voltage_sensor_drift,0.5714882556740004,1.0,0.20-0.40,1.00-1.25
77,reaction_wheel_degradation,2.533333333333333,reaction_wheel_degradation,0.9649430581975924,0.5831275118605782,1.373293265709942,gradual,reaction_wheel_degradation,0.9649430581975923,0.8051155908171908,0.015004070406570069,True,True,0.0,5.551115123125783e-16,physics_pred_reaction_wheel_degradation,physics_pred_reaction_wheel_degradation|wheel_current_residual_a|physics_confidence|rule_pred_battery_voltage_sensor_drift|wheel_current_measured,0.5591091726100127,0.8,0.40-0.60,1.25-1.50
78,reaction_wheel_degradation,2.75,reaction_wheel_degradation,0.9425124316718833,0.3308035580277609,1.0465327892843292,abrupt,reaction_wheel_degradation,0.9425124316718833,0.779562309869854,0.007020535486968527,True,True,0.0,5.551115123125783e-16,physics_pred_reaction_wheel_degradation,physics_pred_reaction_wheel_degradation|physics_confidence|physics_detected|wheel_temp_residual_c|rule_pred_battery_voltage_sensor_drift,0.5524501091430443,0.8,0.20-0.40,1.00-1.25
79,reaction_wheel_degradation,2.15,reaction_wheel_degradation,0.9083144914250968,0.2328386859804335,1.290183357022873,gradual,reaction_wheel_degradation,0.9083144914250969,0.7290479257920418,0.00575394021477188,True,True,0.0,0.0,physics_pred_reaction_wheel_degradation,physics_pred_reaction_wheel_degradation|physics_confidence|wheel_current_residual_a|physics_detected|rule_pred_battery_voltage_sensor_drift,0.5372032911286823,1.0,0.20-0.40,1.25-1.50
80,reaction_wheel_degradation,3.6666666666666665,reaction_wheel_degradation,0.7890865238800292,0.3285072980723234,1.2669849793967467,gradual,reaction_wheel_degradation,0.7890865238800292,0.7473363926581621,-0.009820825064012162,True,True,0.0,3.3306690738754696e-16,physics_pred_reaction_wheel_degradation,physics_pred_reaction_wheel_degradation|wheel_current_residual_a|physics_confidence|rule_pred_battery_voltage_sensor_drift|physics_detected,0.5371069999224051,1.0,0.20-0.40,1.25-1.50
81,battery_voltage_sensor_drift,2.85,battery_voltage_sensor_drift,0.9519318851826134,0.2153887382767779,0.8117184370571453,gradual,battery_voltage_sensor_drift,0.9519318851826134,0.9419774183912419,0.005183823821472322,True,True,0.0,9.992007221626409e-16,rule_pred_battery_voltage_sensor_drift,rule_pred_battery_voltage_sensor_drift|rule_confidence|rule_detected|physics_pred_reaction_wheel_degradation|battery_temp_measured,0.5990107971497041,0.8,0.20-0.40,0.75-1.00
82,battery_voltage_sensor_drift,1.8833333333333333,battery_voltage_sensor_drift,0.902620215185798,0.4708259647389193,0.967954430826182,gradual,battery_voltage_sensor_drift,0.9026202151857979,0.8241737639551276,-0.007777929513936799,True,True,0.0,4.440892098500626e-16,rule_pred_battery_voltage_sensor_drift,rule_pred_battery_voltage_sensor_drift|rule_confidence|rule_detected|physics_pred_reaction_wheel_degradation|electronics_temp_residual_c,0.5602121084733722,0.8,0.40-0.60,0.75-1.00
83,battery_voltage_sensor_drift,1.9666666666666663,battery_voltage_sensor_drift,0.7330030584523561,0.3986562084280751,1.4486246000836158,abrupt,battery_voltage_sensor_drift,0.7330030584523561,0.7201774812122685,-0.025831456993625667,True,True,0.0,7.771561172376096e-16,rule_pred_battery_voltage_sensor_drift,rule_pred_battery_voltage_sensor_drift|rule_confidence|rule_detected|battery_innovation_v|physics_pred_reaction_wheel_degradation,0.5167395161225468,1.0,0.20-0.40,1.25-1.50
84,battery_voltage_sensor_drift,2.7666666666666666,battery_voltage_sensor_drift,0.8031260682520464,0.2447524545331784,1.4490618064336784,abrupt,battery_voltage_sensor_drift,0.8031260682520464,0.7700246102167612,-0.015614014869829763,True,True,0.0,2.220446049250313e-16,rule_pred_battery_voltage_sensor_drift,rule_pred_battery_voltage_sensor_drift|rule_confidence|rule_detected|physics_pred_reaction_wheel_degradation|battery_temp_measured,0.5390597810881933,0.8,0.20-0.40,1.25-1.50
85,battery_voltage_sensor_drift,2.033333333333333,battery_voltage_sensor_drift,0.8413024086375825,0.2874012451128612,1.0586656370997374,gradual,battery_voltage_sensor_drift,0.8413024086375825,0.7854557190200792,-0.0206175591087543,True,True,0.0,1.1102230246251565e-16,rule_pred_battery_voltage_sensor_drift,rule_pred_battery_voltage_sensor_drift|rule_confidence|rule_detected|battery_innovation_v|physics_pred_reaction_wheel_degradation,0.5334834756860414,1.0,0.20-0.40,1.00-1.25
86,battery_voltage_sensor_drift,3.083333333333333,battery_voltage_sensor_drift,0.8764315405857506,0.4833993551629813,0.9678447122144072,gradual,battery_voltage_sensor_drift,0.8764315405857506,0.8431820874049676,-0.009483258949859175,True,True,0.0,7.771561172376096e-16,rule_pred_battery_voltage_sensor_drift,rule_pred_battery_voltage_sensor_drift|rule_confidence|rule_detected|physics_pred_reaction_wheel_degradation|battery_innovation_v,0.5528577358778444,1.0,0.40-0.60,0.75-1.00
87,battery_voltage_sensor_drift,1.9,battery_voltage_sensor_drift,0.7426561593078591,0.6530079511508322,1.2066808581574453,abrupt,battery_voltage_sensor_drift,0.7426561593078591,0.7291869466556341,-0.033558552864654236,True,True,0.0,8.881784197001252e-16,rule_pred_battery_voltage_sensor_drift,rule_pred_battery_voltage_sensor_drift|rule_confidence|rule_detected|battery_innovation_v|physics_pred_reaction_wheel_degradation,0.5228387232457901,1.0,0.60-0.80,1.00-1.25
88,battery_voltage_sensor_drift,3.433333333333333,battery_voltage_sensor_drift,0.9190141025449694,0.2537724382627729,1.2461647929148612,abrupt,battery_voltage_sensor_drift,0.9190141025449694,0.8825287857017182,-0.0015974746631643554,True,True,0.0,9.992007221626409e-16,rule_pred_battery_voltage_sensor_drift,rule_pred_battery_voltage_sensor_drift|rule_confidence|rule_detected|physics_pred_reaction_wheel_degradation|battery_temp_measured,0.5752298013464741,0.8,0.20-0.40,1.00-1.25
89,battery_voltage_sensor_drift,2.783333333333333,battery_voltage_sensor_drift,0.966,0.277149723120313,0.916914114191979,gradual,battery_voltage_sensor_drift,0.966,0.9541843276979363,-0.0022530057485477427,True,True,0.0,1.2212453270876722e-15,rule_pred_battery_voltage_sensor_drift,rule_pred_battery_voltage_sensor_drift|rule_confidence|rule_detected|physics_pred_reaction_wheel_degradation|electronics_temp_residual_c,0.5999871521488286,0.8,0.20-0.40,0.75-1.00
90,battery_voltage_sensor_drift,3.4,battery_voltage_sensor_drift,0.9711389429959556,0.5419771703143134,0.923158771546418,gradual,battery_voltage_sensor_drift,0.9711389429959555,0.9434268477852014,-0.004815278690462621,True,True,0.0,3.3306690738754696e-16,rule_pred_battery_voltage_sensor_drift,rule_pred_battery_voltage_sensor_drift|rule_confidence|rule_detected|physics_pred_reaction_wheel_degradation|battery_temp_measured,0.5885568326205296,0.8,0.40-0.60,0.75-1.00
91,battery_voltage_sensor_drift,1.8666666666666667,battery_voltage_sensor_drift,0.8620892119938272,0.4507477496754406,1.0465138543203425,gradual,battery_voltage_sensor_drift,0.8620892119938272,0.8508185750410794,-0.01945275715627174,True,True,0.0,6.661338147750939e-16,rule_pred_battery_voltage_sensor_drift,rule_pred_battery_voltage_sensor_drift|rule_confidence|rule_detected|physics_pred_reaction_wheel_degradation|battery_innovation_v,0.552882989308103,1.0,0.40-0.60,1.00-1.25
92,battery_voltage_sensor_drift,3.05,battery_voltage_sensor_drift,0.8875549274944053,0.3169771551324382,1.370105985628116,gradual,battery_voltage_sensor_drift,0.8875549274944053,0.8665918899048413,-0.012749500962162841,True,True,0.0,2.220446049250313e-16,rule_pred_battery_voltage_sensor_drift,rule_pred_battery_voltage_sensor_drift|rule_confidence|rule_detected|physics_pred_reaction_wheel_degradation|battery_temp_measured,0.5661034542184247,0.8,0.20-0.40,1.25-1.50
93,battery_voltage_sensor_drift,3.1666666666666665,battery_voltage_sensor_drift,0.8339720027391923,0.7309280582601319,1.3798993306988288,abrupt,battery_voltage_sensor_drift,0.8339720027391923,0.8123304569272695,0.0014434752756068646,True,True,0.0,1.1102230246251565e-15,rule_pred_battery_voltage_sensor_drift,rule_pred_battery_voltage_sensor_drift|rule_confidence|rule_detected|physics_pred_reaction_wheel_degradation|battery_innovation_v,0.5365243191335308,1.0,0.60-0.80,1.25-1.50
94,battery_voltage_sensor_drift,2.433333333333333,battery_voltage_sensor_drift,0.7880736759444009,0.3066098726514919,1.467631624612877,gradual,battery_voltage_sensor_drift,0.7880736759444009,0.7836796026229453,-0.019706541353310524,True,True,0.0,4.440892098500626e-16,rule_pred_battery_voltage_sensor_drift,rule_pred_battery_voltage_sensor_drift|rule_confidence|rule_detected|battery_voltage_measured|battery_innovation_v,0.5376343916496978,0.8,0.20-0.40,1.25-1.50
95,battery_voltage_sensor_drift,1.75,battery_voltage_sensor_drift,0.7590408584701201,0.4979576866017859,1.1978263712410353,gradual,battery_voltage_sensor_drift,0.7590408584701201,0.7419542576741562,-0.004098798980594254,True,True,0.0,5.551115123125783e-16,rule_pred_battery_voltage_sensor_drift,rule_pred_battery_voltage_sensor_drift|rule_confidence|rule_detected|battery_innovation_v|physics_pred_reaction_wheel_degradation,0.5217629271384443,1.0,0.40-0.60,1.00-1.25
96,battery_voltage_sensor_drift,3.2666666666666666,battery_voltage_sensor_drift,0.9789316054642592,0.6191568450416163,1.1871449590459844,gradual,battery_voltage_sensor_drift,0.9789316054642591,0.9368484501835388,0.002866426573429315,True,True,0.0,6.661338147750939e-16,rule_pred_battery_voltage_sensor_drift,rule_pred_battery_voltage_sensor_drift|rule_confidence|rule_detected|physics_pred_reaction_wheel_degradation|battery_temp_measured,0.5859305332678951,0.8,0.60-0.80,1.00-1.25
97,battery_voltage_sensor_drift,2.2333333333333334,battery_voltage_sensor_drift,0.817195162394183,0.2644570118779754,1.403405680866308,abrupt,battery_voltage_sensor_drift,0.817195162394183,0.7751782459301,-0.00848360935443182,True,True,0.0,4.440892098500626e-16,rule_pred_battery_voltage_sensor_drift,rule_pred_battery_voltage_sensor_drift|rule_confidence|rule_detected|battery_voltage_measured|battery_innovation_v,0.5221566532920294,0.8,0.20-0.40,1.25-1.50
98,battery_voltage_sensor_drift,3.3,battery_voltage_sensor_drift,0.8386313027056522,0.38365180580171,0.9674981123127252,abrupt,battery_voltage_sensor_drift,0.8386313027056522,0.8191003507730551,-0.021997235962054374,True,True,0.0,4.440892098500626e-16,rule_pred_battery_voltage_sensor_drift,rule_pred_battery_voltage_sensor_drift|rule_confidence|rule_detected|physics_pred_reaction_wheel_degradation|battery_innovation_v,0.5398155310567878,1.0,0.20-0.40,0.75-1.00
99,battery_voltage_sensor_drift,2.75,battery_voltage_sensor_drift,0.938716460918197,0.2622080645196203,1.0603649147464758,gradual,battery_voltage_sensor_drift,0.938716460918197,0.9193177386856185,-0.005078790162669622,True,True,0.0,5.551115123125783e-16,rule_pred_battery_voltage_sensor_drift,rule_pred_battery_voltage_sensor_drift|rule_confidence|rule_detected|physics_pred_reaction_wheel_degradation|battery_temp_measured,0.5875778320927137,0.8,0.20-0.40,1.00-1.25
100,battery_voltage_sensor_drift,3.966666666666667,battery_voltage_sensor_drift,0.9417607575510584,0.3291917162891369,1.121793325122597,gradual,battery_voltage_sensor_drift,0.9417607575510583,0.9282881139808178,-0.007897282321493605,True,True,0.0,8.881784197001252e-16,rule_pred_battery_voltage_sensor_drift,rule_pred_battery_voltage_sensor_drift|rule_confidence|rule_detected|battery_voltage_measured|physics_pred_reaction_wheel_degradation,0.5856350931670821,0.8,0.20-0.40,1.00-1.25
101,telemetry_dropout,2.683333333333333,telemetry_dropout,0.9931073825503356,0.5280238495549836,1.2871016432366829,abrupt,telemetry_dropout,0.9931073825503356,0.38,0.06027838707917278,True,False,0.0,3.3306690738754696e-16,physics_pred_telemetry_dropout,physics_pred_telemetry_dropout|ml_thermal_ratio|missing_battery_current_measured|missing_battery_voltage_measured|missing_electronics_temp_measured,0.3212237493552326,1.0,0.40-0.60,1.25-1.50
102,telemetry_dropout,3.3666666666666667,telemetry_dropout,0.9965382768592786,0.5520012503111457,1.4584628282656662,gradual,telemetry_dropout,0.9965382768592786,0.3819999999999999,0.06870765537185572,True,False,0.0,3.3306690738754696e-16,physics_pred_telemetry_dropout,physics_pred_telemetry_dropout|ml_thermal_ratio|missing_battery_current_measured|missing_battery_voltage_measured|missing_electronics_temp_measured,0.3219837641389262,1.0,0.40-0.60,1.25-1.50
103,telemetry_dropout,3.466666666666667,telemetry_dropout,0.9965382768592786,0.3697730757239587,1.4038778381795805,gradual,telemetry_dropout,0.9965382768592786,0.3819999999999999,0.07196456594096141,True,False,0.0,3.3306690738754696e-16,physics_pred_telemetry_dropout,physics_pred_telemetry_dropout|ml_thermal_ratio|missing_battery_current_measured|missing_battery_voltage_measured|missing_electronics_temp_measured,0.32198376413892627,1.0,0.20-0.40,1.25-1.50
104,telemetry_dropout,3.466666666666667,telemetry_dropout,0.9965382768592786,0.6521106241478114,1.1550906091451716,abrupt,telemetry_dropout,0.9965382768592786,0.3819999999999999,0.07818604245102856,True,False,0.0,3.3306690738754696e-16,physics_pred_telemetry_dropout,physics_pred_telemetry_dropout|ml_thermal_ratio|missing_battery_current_measured|missing_battery_voltage_measured|missing_electronics_temp_measured,0.32198376413892627,1.0,0.60-0.80,1.00-1.25
105,telemetry_dropout,1.7333333333333334,telemetry_dropout,0.9965382768592786,0.6347526790163724,1.3854219255149327,gradual,telemetry_dropout,0.9965382768592786,0.3819999999999999,0.051853827685927854,True,False,0.0,3.3306690738754696e-16,physics_pred_telemetry_dropout,physics_pred_telemetry_dropout|ml_thermal_ratio|missing_battery_current_measured|missing_battery_voltage_measured|missing_electronics_temp_measured,0.32198376413892627,1.0,0.60-0.80,1.25-1.50
106,telemetry_dropout,1.7,telemetry_dropout,0.9965382768592786,0.6572834516737502,1.0103844592749245,gradual,telemetry_dropout,0.9965382768592786,0.3819999999999999,0.07158604245102854,True,False,0.0,3.3306690738754696e-16,physics_pred_telemetry_dropout,physics_pred_telemetry_dropout|ml_thermal_ratio|missing_battery_current_measured|missing_battery_voltage_measured|missing_electronics_temp_measured,0.32198376413892627,1.0,0.60-0.80,1.00-1.25
107,telemetry_dropout,2.533333333333333,telemetry_dropout,0.9931073825503356,0.7153074678618823,1.0816158419532391,gradual,telemetry_dropout,0.9931073825503356,0.38,0.04858912533420634,True,False,0.0,3.3306690738754696e-16,physics_pred_telemetry_dropout,physics_pred_telemetry_dropout|ml_thermal_ratio|missing_battery_current_measured|missing_battery_voltage_measured|missing_electronics_temp_measured,0.3212237493552326,1.0,0.60-0.80,1.00-1.25
108,telemetry_dropout,2.716666666666667,telemetry_dropout,0.9931073825503356,0.7130971266801129,1.1271394280278475,gradual,telemetry_dropout,0.9931073825503356,0.38,0.03024603590331206,True,False,0.0,3.3306690738754696e-16,physics_pred_telemetry_dropout,physics_pred_telemetry_dropout|ml_thermal_ratio|missing_battery_current_measured|missing_battery_voltage_measured|missing_electronics_temp_measured,0.3212237493552326,1.0,0.60-0.80,1.00-1.25
109,telemetry_dropout,2.533333333333333,telemetry_dropout,0.9931073825503356,0.7364467497279013,1.3116434776725452,gradual,telemetry_dropout,0.9931073825503356,0.38,0.060932214765100655,True,False,0.0,3.3306690738754696e-16,physics_pred_telemetry_dropout,physics_pred_telemetry_dropout|ml_thermal_ratio|missing_battery_current_measured|missing_battery_voltage_measured|missing_electronics_temp_measured,0.3212237493552326,1.0,0.60-0.80,1.25-1.50
110,telemetry_dropout,2.4833333333333334,telemetry_dropout,0.9931073825503356,0.7859518909003971,1.4504162464124226,gradual,telemetry_dropout,0.9931073825503356,0.38,0.06273221476510067,True,False,0.0,3.3306690738754696e-16,physics_pred_telemetry_dropout,physics_pred_telemetry_dropout|ml_thermal_ratio|missing_battery_current_measured|missing_battery_voltage_measured|missing_electronics_temp_measured,0.3212237493552326,1.0,0.60-0.80,1.25-1.50
111,telemetry_dropout,2.933333333333333,telemetry_dropout,0.9931073825503356,0.7728634253690692,0.9631698198986984,gradual,telemetry_dropout,0.9931073825503356,0.38,0.03902455939324494,True,False,0.0,3.3306690738754696e-16,physics_pred_telemetry_dropout,physics_pred_telemetry_dropout|ml_thermal_ratio|missing_battery_current_measured|missing_battery_voltage_measured|missing_electronics_temp_measured,0.3212237493552326,1.0,0.60-0.80,0.75-1.00
112,telemetry_dropout,2.566666666666667,telemetry_dropout,0.9931073825503356,0.235433791386974,1.2812769167739824,abrupt,telemetry_dropout,0.9931073825503356,0.38,0.05291073825503352,True,False,0.0,3.3306690738754696e-16,physics_pred_telemetry_dropout,physics_pred_telemetry_dropout|ml_thermal_ratio|missing_battery_current_measured|missing_battery_voltage_measured|missing_electronics_temp_measured,0.3212237493552326,1.0,0.20-0.40,1.25-1.50
113,telemetry_dropout,2.8666666666666667,telemetry_dropout,0.9931073825503356,0.2170058836006171,1.2133682593913837,abrupt,telemetry_dropout,0.9931073825503356,0.38,0.04953221476510067,True,False,0.0,2.220446049250313e-16,physics_pred_telemetry_dropout,physics_pred_telemetry_dropout|ml_thermal_ratio|missing_battery_current_measured|missing_battery_voltage_measured|missing_electronics_temp_measured,0.32122374935523257,1.0,0.20-0.40,1.00-1.25
114,telemetry_dropout,2.683333333333333,telemetry_dropout,0.9931073825503356,0.2772210108408197,1.0308031959213588,gradual,telemetry_dropout,0.9931073825503356,0.38,0.052246035903312046,True,False,0.0,3.3306690738754696e-16,physics_pred_telemetry_dropout,physics_pred_telemetry_dropout|ml_thermal_ratio|missing_battery_current_measured|missing_battery_voltage_measured|missing_electronics_temp_measured,0.3212237493552326,1.0,0.20-0.40,1.00-1.25
115,telemetry_dropout,2.4,telemetry_dropout,0.9965382768592786,0.5556975536396281,0.8717888971418776,gradual,telemetry_dropout,0.9965382768592786,0.3819999999999999,0.06950765537185574,True,False,0.0,3.3306690738754696e-16,physics_pred_telemetry_dropout,physics_pred_telemetry_dropout|ml_thermal_ratio|missing_battery_current_measured|missing_battery_voltage_measured|missing_electronics_temp_measured,0.32198376413892627,1.0,0.40-0.60,0.75-1.00
116,telemetry_dropout,3.05,telemetry_dropout,0.9965382768592786,0.4294734197184069,1.148667319873734,gradual,telemetry_dropout,0.9965382768592786,0.3819999999999999,0.0520183936268893,True,False,0.0,3.3306690738754696e-16,physics_pred_telemetry_dropout,physics_pred_telemetry_dropout|ml_thermal_ratio|missing_battery_current_measured|missing_battery_voltage_measured|missing_electronics_temp_measured,0.32198376413892627,1.0,0.40-0.60,1.00-1.25
117,telemetry_dropout,3.0166666666666666,telemetry_dropout,0.9965382768592786,0.5042512611274654,1.131827923679908,gradual,telemetry_dropout,0.9965382768592786,0.3819999999999999,0.05185382768592787,True,False,0.0,3.3306690738754696e-16,physics_pred_telemetry_dropout,physics_pred_telemetry_dropout|ml_thermal_ratio|missing_battery_current_measured|missing_battery_voltage_measured|missing_electronics_temp_measured,0.32198376413892627,1.0,0.40-0.60,1.00-1.25
118,telemetry_dropout,1.9833333333333327,telemetry_dropout,0.9965382768592786,0.5590734371513905,0.8199417125321544,gradual,telemetry_dropout,0.9965382768592786,0.3819999999999999,0.08122147651006709,True,False,0.0,3.3306690738754696e-16,physics_pred_telemetry_dropout,physics_pred_telemetry_dropout|ml_thermal_ratio|missing_battery_current_measured|missing_battery_voltage_measured|missing_electronics_temp_measured,0.32198376413892627,1.0,0.40-0.60,0.75-1.00
119,telemetry_dropout,3.1166666666666667,telemetry_dropout,0.9965382768592786,0.6100938428685541,1.0903294928387703,gradual,telemetry_dropout,0.9965382768592786,0.3819999999999999,0.04953221476510069,True,False,0.0,3.3306690738754696e-16,physics_pred_telemetry_dropout,physics_pred_telemetry_dropout|ml_thermal_ratio|missing_battery_current_measured|missing_battery_voltage_measured|missing_electronics_temp_measured,0.32198376413892627,1.0,0.60-0.80,1.00-1.25
120,telemetry_dropout,2.083333333333333,telemetry_dropout,0.9965382768592786,0.2332509222505076,1.3715093973630794,gradual,telemetry_dropout,0.9965382768592786,0.3819999999999999,0.0596,True,False,0.0,3.3306690738754696e-16,physics_pred_telemetry_dropout,physics_pred_telemetry_dropout|ml_thermal_ratio|missing_battery_current_measured|missing_battery_voltage_measured|missing_electronics_temp_measured,0.32198376413892627,1.0,0.20-0.40,1.25-1.50
