class,feature,mean_abs_shap,rank
battery_degradation,in_sunlight,0.0021569692861449314,40
battery_degradation,solar_power_w,0.006283598593649492,23
battery_degradation,load_power_w,0.0014841081497263015,43
battery_degradation,battery_soc_measured,0.009958108720182218,17
battery_degradation,battery_voltage_measured,0.010612814689532138,14
battery_degradation,battery_current_measured,0.00916104022329448,18
battery_degradation,battery_temp_measured,0.029256528920410533,2
battery_degradation,electronics_temp_measured,0.014179463984889508,7
battery_degradation,wheel_target_speed_rpm,0.0012643307707279618,46
battery_degradation,wheel_speed_measured,0.0021228423095773726,41
battery_degradation,wheel_current_measured,0.0012853278948678703,45
battery_degradation,wheel_temp_measured,0.013554786433330829,10
battery_degradation,battery_soc_rate,0.00694860355906127,22
battery_degradation,battery_voltage_rate,0.0007931298009527954,49
battery_degradation,battery_temp_rate,0.000783824703281688,50
battery_degradation,electronics_temp_rate,0.0006441684660407233,53
battery_degradation,wheel_speed_rate,0.0009912301153632685,47
battery_degradation,wheel_current_rate,0.0005797825241333287,54
battery_degradation,wheel_temp_rate,0.0004768234099829019,56
battery_degradation,wheel_tracking_error_rpm,0.0007604034708739064,51
battery_degradation,solar_relative_residual,0.011236745606383934,13
battery_degradation,battery_innovation_v,0.01774979177307854,4
battery_degradation,battery_temp_residual_c,0.011760427560172159,12
battery_degradation,electronics_temp_residual_c,0.015492868029151619,6
battery_degradation,wheel_current_residual_a,0.007515087197807111,21
battery_degradation,wheel_temp_residual_c,0.010115971347462872,15
battery_degradation,rule_detected,0.01674154487400878,5
battery_degradation,rule_confidence,0.014045406001942894,8
battery_degradation,rule_pred_solar_array_degradation,0.005476480677091151,25
battery_degradation,rule_pred_battery_degradation,0.0014112416008077388,44
battery_degradation,rule_pred_thermal_anomaly,0.0007535434216141969,52
battery_degradation,rule_pred_reaction_wheel_degradation,0.0008706270860456344,48
battery_degradation,rule_pred_battery_voltage_sensor_drift,0.03430298421919012,1
battery_degradation,rule_pred_telemetry_dropout,0.0021747336321051853,39
battery_degradation,physics_detected,0.0035398355768469602,30
battery_degradation,physics_confidence,0.008932973840016126,19
battery_degradation,physics_pred_solar_array_degradation,0.005651808062948443,24
battery_degradation,physics_pred_battery_degradation,0.0049383477705458615,28
battery_degradation,physics_pred_thermal_anomaly,0.010011772333591417,16
battery_degradation,physics_pred_reaction_wheel_degradation,0.026824028576912833,3
battery_degradation,physics_pred_battery_voltage_sensor_drift,0.0005327768882525462,55
battery_degradation,physics_pred_telemetry_dropout,0.003999290295571178,29
battery_degradation,ml_power_ratio,0.005318811392589414,26
battery_degradation,ml_battery_ratio,0.013911708726104938,9
battery_degradation,ml_thermal_ratio,0.013532620980330331,11
battery_degradation,ml_wheel_ratio,0.00887231408642537,20
battery_degradation,ml_max_ratio,0.00495747701956626,27
battery_degradation,ml_persistent_anomaly,0.00039518078477345956,57
battery_degradation,missing_battery_soc_measured,0.0027063578762590306,36
battery_degradation,missing_battery_voltage_measured,0.003111565338894801,32
battery_degradation,missing_battery_current_measured,0.003024059293437249,33
battery_degradation,missing_battery_temp_measured,0.0027475210241623207,35
battery_degradation,missing_electronics_temp_measured,0.0031422408486256248,31
battery_degradation,missing_wheel_speed_measured,0.0016961041547035453,42
battery_degradation,missing_wheel_current_measured,0.0024967357841251306,37
battery_degradation,missing_wheel_temp_measured,0.0027966059113906103,34
battery_degradation,missing_count,0.0023265193898448122,38
battery_voltage_sensor_drift,in_sunlight,0.00038248013638001957,46
battery_voltage_sensor_drift,solar_power_w,0.001319318383265624,41
battery_voltage_sensor_drift,load_power_w,0.000314835031941728,48
battery_voltage_sensor_drift,battery_soc_measured,0.0031893740557868496,21
battery_voltage_sensor_drift,battery_voltage_measured,0.009693147892141296,9
battery_voltage_sensor_drift,battery_current_measured,0.0016428951211441439,35
battery_voltage_sensor_drift,battery_temp_measured,0.009331883551419819,10
battery_voltage_sensor_drift,electronics_temp_measured,0.010191327282472499,6
battery_voltage_sensor_drift,wheel_target_speed_rpm,0.00019293450709914216,53
battery_voltage_sensor_drift,wheel_speed_measured,0.00022851082031621672,52
battery_voltage_sensor_drift,wheel_current_measured,0.001371818914871752,38
battery_voltage_sensor_drift,wheel_temp_measured,0.0015323339959648246,37
battery_voltage_sensor_drift,battery_soc_rate,0.0005074632560084063,44
battery_voltage_sensor_drift,battery_voltage_rate,0.00030291074178924574,49
battery_voltage_sensor_drift,battery_temp_rate,0.0001438398293049394,54
battery_voltage_sensor_drift,electronics_temp_rate,0.00011783189449521747,56
battery_voltage_sensor_drift,wheel_speed_rate,0.00031840051679183186,47
battery_voltage_sensor_drift,wheel_current_rate,0.0001043435551203695,57
battery_voltage_sensor_drift,wheel_temp_rate,0.00012005652020558282,55
battery_voltage_sensor_drift,wheel_tracking_error_rpm,0.0002499440295399111,51
battery_voltage_sensor_drift,solar_relative_residual,0.005999334259507368,12
battery_voltage_sensor_drift,battery_innovation_v,0.005698486145674573,13
battery_voltage_sensor_drift,battery_temp_residual_c,0.009853226297192826,7
battery_voltage_sensor_drift,electronics_temp_residual_c,0.010960040017634908,5
battery_voltage_sensor_drift,wheel_current_residual_a,0.003918662878598309,17
battery_voltage_sensor_drift,wheel_temp_residual_c,0.004653248163276358,14
battery_voltage_sensor_drift,rule_detected,0.03589489055370471,3
battery_voltage_sensor_drift,rule_confidence,0.044336091795902616,2
battery_voltage_sensor_drift,rule_pred_solar_array_degradation,0.0044501599488770424,15
battery_voltage_sensor_drift,rule_pred_battery_degradation,0.0007646271817743302,43
battery_voltage_sensor_drift,rule_pred_thermal_anomaly,0.0008913804010047244,42
battery_voltage_sensor_drift,rule_pred_reaction_wheel_degradation,0.001340874059142985,40
battery_voltage_sensor_drift,rule_pred_battery_voltage_sensor_drift,0.10059729005657025,1
battery_voltage_sensor_drift,rule_pred_telemetry_dropout,0.0016137384259678155,36
battery_voltage_sensor_drift,physics_detected,0.002312636525202945,28
battery_voltage_sensor_drift,physics_confidence,0.006658513237401056,11
battery_voltage_sensor_drift,physics_pred_solar_array_degradation,0.002926839926548791,24
battery_voltage_sensor_drift,physics_pred_battery_degradation,0.00026781809155034734,50
battery_voltage_sensor_drift,physics_pred_thermal_anomaly,0.00969362456859885,8
battery_voltage_sensor_drift,physics_pred_reaction_wheel_degradation,0.01125053667479751,4
battery_voltage_sensor_drift,physics_pred_battery_voltage_sensor_drift,0.00406277417884382,16
battery_voltage_sensor_drift,physics_pred_telemetry_dropout,0.0030334595722821757,23
battery_voltage_sensor_drift,ml_power_ratio,0.0034118467503723537,19
battery_voltage_sensor_drift,ml_battery_ratio,0.0033530931571053827,20
battery_voltage_sensor_drift,ml_thermal_ratio,0.0036804242077016765,18
battery_voltage_sensor_drift,ml_wheel_ratio,0.002415441674709346,27
battery_voltage_sensor_drift,ml_max_ratio,0.0031430326023727147,22
battery_voltage_sensor_drift,ml_persistent_anomaly,0.0004462716711586808,45
battery_voltage_sensor_drift,missing_battery_soc_measured,0.0020597891579100876,32
battery_voltage_sensor_drift,missing_battery_voltage_measured,0.002421736887792892,26
battery_voltage_sensor_drift,missing_battery_current_measured,0.002310257913249808,29
battery_voltage_sensor_drift,missing_battery_temp_measured,0.0021188499956010603,30
battery_voltage_sensor_drift,missing_electronics_temp_measured,0.002455046702577732,25
battery_voltage_sensor_drift,missing_wheel_speed_measured,0.0013590314999490075,39
battery_voltage_sensor_drift,missing_wheel_current_measured,0.0020638728425327246,31
battery_voltage_sensor_drift,missing_wheel_temp_measured,0.001719681088958911,34
battery_voltage_sensor_drift,missing_count,0.0019165329850920677,33
nominal,in_sunlight,0.0011313781274182872,46
nominal,solar_power_w,0.003865536727097227,24
nominal,load_power_w,0.0011923730338619925,44
nominal,battery_soc_measured,0.011055829993300126,13
nominal,battery_voltage_measured,0.010344203794803225,14
nominal,battery_current_measured,0.005542524406934927,22
nominal,battery_temp_measured,0.014582738240546539,8
nominal,electronics_temp_measured,0.019132164837149388,4
nominal,wheel_target_speed_rpm,0.001197709603543382,43
nominal,wheel_speed_measured,0.0016938522384687396,40
nominal,wheel_current_measured,0.0011609807796011725,45
nominal,wheel_temp_measured,0.01249284052548282,10
nominal,battery_soc_rate,0.0032303273380897436,26
nominal,battery_voltage_rate,0.0005993247440902656,51
nominal,battery_temp_rate,0.0007669630804797568,48
nominal,electronics_temp_rate,0.0005059011075051803,53
nominal,wheel_speed_rate,0.0009710502063900581,47
nominal,wheel_current_rate,0.0006119293476995858,50
nominal,wheel_temp_rate,0.0004571095313657786,54
nominal,wheel_tracking_error_rpm,0.0007300686423660103,49
nominal,solar_relative_residual,0.007515717837395386,16
nominal,battery_innovation_v,0.01141731151529551,12
nominal,battery_temp_residual_c,0.009309680190813957,15
nominal,electronics_temp_residual_c,0.012125713417179391,11
nominal,wheel_current_residual_a,0.0063153186085257345,20
nominal,wheel_temp_residual_c,0.006877886596761203,18
nominal,rule_detected,0.021441729127321407,2
nominal,rule_confidence,0.018047356850242186,5
nominal,rule_pred_solar_array_degradation,0.0029182849097410144,28
nominal,rule_pred_battery_degradation,0.00018120230475493685,57
nominal,rule_pred_thermal_anomaly,0.0005697616146530004,52
nominal,rule_pred_reaction_wheel_degradation,0.00040252090975707687,55
nominal,rule_pred_battery_voltage_sensor_drift,0.02249533687715117,1
nominal,rule_pred_telemetry_dropout,0.0017098678979785918,39
nominal,physics_detected,0.019450138902309805,3
nominal,physics_confidence,0.017702428087885483,6
nominal,physics_pred_solar_array_degradation,0.003165133268980242,27
nominal,physics_pred_battery_degradation,0.0013964834389486069,41
nominal,physics_pred_thermal_anomaly,0.006636792340655559,19
nominal,physics_pred_reaction_wheel_degradation,0.015892684808848683,7
nominal,physics_pred_battery_voltage_sensor_drift,0.001328275510823405,42
nominal,physics_pred_telemetry_dropout,0.0033942025420662944,25
nominal,ml_power_ratio,0.005808746448629121,21
nominal,ml_battery_ratio,0.014321609955184647,9
nominal,ml_thermal_ratio,0.00499485479675192,23
nominal,ml_wheel_ratio,0.0024075144197296433,32
nominal,ml_max_ratio,0.007255309829970747,17
nominal,ml_persistent_anomaly,0.0002988207500255072,56
nominal,missing_battery_soc_measured,0.0020880089678203193,35
nominal,missing_battery_voltage_measured,0.002473577080369653,31
nominal,missing_battery_current_measured,0.0026860429832217913,30
nominal,missing_battery_temp_measured,0.0027201874287431623,29
nominal,missing_electronics_temp_measured,0.0023444730536892585,33
nominal,missing_wheel_speed_measured,0.0017306578158341383,38
nominal,missing_wheel_current_measured,0.0021698977741683324,34
nominal,missing_wheel_temp_measured,0.0019964525065953856,36
nominal,missing_count,0.0019738431736365976,37
reaction_wheel_degradation,in_sunlight,0.00021823350667220023,54
reaction_wheel_degradation,solar_power_w,0.0009507884684189544,41
reaction_wheel_degradation,load_power_w,0.0004083796248544218,46
reaction_wheel_degradation,battery_soc_measured,0.002010679580107802,31
reaction_wheel_degradation,battery_voltage_measured,0.0020699816954454966,27
reaction_wheel_degradation,battery_current_measured,0.0018441420314526872,34
reaction_wheel_degradation,battery_temp_measured,0.007487737214731864,7
reaction_wheel_degradation,electronics_temp_measured,0.0074027403870357495,8
reaction_wheel_degradation,wheel_target_speed_rpm,0.0003406900994203098,49
reaction_wheel_degradation,wheel_speed_measured,0.0003386130340917983,50
reaction_wheel_degradation,wheel_current_measured,0.004078720555024059,15
reaction_wheel_degradation,wheel_temp_measured,0.006982212727664673,11
reaction_wheel_degradation,battery_soc_rate,0.00043845745043859035,44
reaction_wheel_degradation,battery_voltage_rate,0.00012408897557888667,56
reaction_wheel_degradation,battery_temp_rate,0.00019972310997581362,55
reaction_wheel_degradation,electronics_temp_rate,0.00012148392893988393,57
reaction_wheel_degradation,wheel_speed_rate,0.0004258145414162281,45
reaction_wheel_degradation,wheel_current_rate,0.00026917278953084617,53
reaction_wheel_degradation,wheel_temp_rate,0.00028611948426450674,52
reaction_wheel_degradation,wheel_tracking_error_rpm,0.00036589615485266053,48
reaction_wheel_degradation,solar_relative_residual,0.003617530462456089,16
reaction_wheel_degradation,battery_innovation_v,0.0021103500492356962,26
reaction_wheel_degradation,battery_temp_residual_c,0.006921888068796824,12
reaction_wheel_degradation,electronics_temp_residual_c,0.007346595600003331,9
reaction_wheel_degradation,wheel_current_residual_a,0.023804918587951137,4
reaction_wheel_degradation,wheel_temp_residual_c,0.02978654331928299,3
reaction_wheel_degradation,rule_detected,0.0026183608142197586,21
reaction_wheel_degradation,rule_confidence,0.0024213475654117013,23
reaction_wheel_degradation,rule_pred_solar_array_degradation,0.002204468177209258,24
reaction_wheel_degradation,rule_pred_battery_degradation,0.0002887889159062999,51
reaction_wheel_degradation,rule_pred_thermal_anomaly,0.00048293251708840843,43
reaction_wheel_degradation,rule_pred_reaction_wheel_degradation,0.0032042305935153503,18
reaction_wheel_degradation,rule_pred_battery_voltage_sensor_drift,0.01308703691266671,6
reaction_wheel_degradation,rule_pred_telemetry_dropout,0.001578697502408804,39
reaction_wheel_degradation,physics_detected,0.013260908023456655,5
reaction_wheel_degradation,physics_confidence,0.03301814367892843,2
reaction_wheel_degradation,physics_pred_solar_array_degradation,0.0019900018770252536,32
reaction_wheel_degradation,physics_pred_battery_degradation,0.002022567961191479,30
reaction_wheel_degradation,physics_pred_thermal_anomaly,0.005619059251680385,13
reaction_wheel_degradation,physics_pred_reaction_wheel_degradation,0.07591283948821323,1
reaction_wheel_degradation,physics_pred_battery_voltage_sensor_drift,0.0008864815577664807,42
reaction_wheel_degradation,physics_pred_telemetry_dropout,0.0026897804605929805,20
reaction_wheel_degradation,ml_power_ratio,0.003104464598323125,19
reaction_wheel_degradation,ml_battery_ratio,0.0044304237227770155,14
reaction_wheel_degradation,ml_thermal_ratio,0.0034108800601055263,17
reaction_wheel_degradation,ml_wheel_ratio,0.007193403285512384,10
reaction_wheel_degradation,ml_max_ratio,0.00244924117890862,22
reaction_wheel_degradation,ml_persistent_anomaly,0.00040632970838544615,47
reaction_wheel_degradation,missing_battery_soc_measured,0.0017687397708856388,36
reaction_wheel_degradation,missing_battery_voltage_measured,0.0021491836446969944,25
reaction_wheel_degradation,missing_battery_current_measured,0.0020310055032771034,29
reaction_wheel_degradation,missing_battery_temp_measured,0.002046808880659537,28
reaction_wheel_degradation,missing_electronics_temp_measured,0.0019406098894366064,33
reaction_wheel_degradation,missing_wheel_speed_measured,0.0014050532281397396,40
reaction_wheel_degradation,missing_wheel_current_measured,0.001763143639849778,37
reaction_wheel_degradation,missing_wheel_temp_measured,0.0018147529699797415,35
reaction_wheel_degradation,missing_count,0.0016698530028083603,38
solar_array_degradation,in_sunlight,0.003001798703458201,30
solar_array_degradation,solar_power_w,0.013930981052966238,8
solar_array_degradation,load_power_w,0.00026779963893958504,55
solar_array_degradation,battery_soc_measured,0.008004295929345316,14
solar_array_degradation,battery_voltage_measured,0.007872854548021599,15
solar_array_degradation,battery_current_measured,0.020033117687689266,3
solar_array_degradation,battery_temp_measured,0.048798056933464805,1
solar_array_degradation,electronics_temp_measured,0.009807628488200623,12
solar_array_degradation,wheel_target_speed_rpm,0.00028915226720116005,53
solar_array_degradation,wheel_speed_measured,0.00038854631812934104,50
solar_array_degradation,wheel_current_measured,0.00048637524778854813,45
solar_array_degradation,wheel_temp_measured,0.0063030628622407344,21
solar_array_degradation,battery_soc_rate,0.004132117632962371,25
solar_array_degradation,battery_voltage_rate,0.0004022930432148918,49
solar_array_degradation,battery_temp_rate,0.0007261711869112456,43
solar_array_degradation,electronics_temp_rate,0.0003398035716166852,51
solar_array_degradation,wheel_speed_rate,0.00043881615916297725,48
solar_array_degradation,wheel_current_rate,0.00026585182892369547,56
solar_array_degradation,wheel_temp_rate,0.0003377652815108974,52
solar_array_degradation,wheel_tracking_error_rpm,0.0002829075333733664,54
solar_array_degradation,solar_relative_residual,0.03131181655573603,2
solar_array_degradation,battery_innovation_v,0.006713704677574513,19
solar_array_degradation,battery_temp_residual_c,0.00710839352098153,17
solar_array_degradation,electronics_temp_residual_c,0.009675330002350014,13
solar_array_degradation,wheel_current_residual_a,0.0037497085897102234,26
solar_array_degradation,wheel_temp_residual_c,0.00508083439870264,23
solar_array_degradation,rule_detected,0.0074977221527845654,16
solar_array_degradation,rule_confidence,0.01585975084371555,6
solar_array_degradation,rule_pred_solar_array_degradation,0.016583776368345373,5
solar_array_degradation,rule_pred_battery_degradation,0.00011291689336600032,57
solar_array_degradation,rule_pred_thermal_anomaly,0.000505787582365288,44
solar_array_degradation,rule_pred_reaction_wheel_degradation,0.00047662089865121987,46
solar_array_degradation,rule_pred_battery_voltage_sensor_drift,0.017488256468333553,4
solar_array_degradation,rule_pred_telemetry_dropout,0.00166070269078662,39
solar_array_degradation,physics_detected,0.003578179048263146,27
solar_array_degradation,physics_confidence,0.010401254794420707,11
solar_array_degradation,physics_pred_solar_array_degradation,0.015306487185480907,7
solar_array_degradation,physics_pred_battery_degradation,0.001036020403199344,41
solar_array_degradation,physics_pred_thermal_anomaly,0.0064853941437104795,20
solar_array_degradation,physics_pred_reaction_wheel_degradation,0.012272462006448891,9
solar_array_degradation,physics_pred_battery_voltage_sensor_drift,0.0009386865211894152,42
solar_array_degradation,physics_pred_telemetry_dropout,0.003493689346807726,29
solar_array_degradation,ml_power_ratio,0.00708445319963716,18
solar_array_degradation,ml_battery_ratio,0.004464333887762303,24
solar_array_degradation,ml_thermal_ratio,0.011446723558054957,10
solar_array_degradation,ml_wheel_ratio,0.003529112732323718,28
solar_array_degradation,ml_max_ratio,0.005461920221233189,22
solar_array_degradation,ml_persistent_anomaly,0.00045519022215245535,47
solar_array_degradation,missing_battery_soc_measured,0.0020418233269793393,37
solar_array_degradation,missing_battery_voltage_measured,0.0023107683862251217,34
solar_array_degradation,missing_battery_current_measured,0.0025312963680995107,31
solar_array_degradation,missing_battery_temp_measured,0.0024514716632830667,32
solar_array_degradation,missing_electronics_temp_measured,0.0022906853485659315,35
solar_array_degradation,missing_wheel_speed_measured,0.001609573425703591,40
solar_array_degradation,missing_wheel_current_measured,0.0021174909127123494,36
solar_array_degradation,missing_wheel_temp_measured,0.002402228466226644,33
solar_array_degradation,missing_count,0.0017856060217589977,38
telemetry_dropout,in_sunlight,5.876686625812151e-06,38
telemetry_dropout,solar_power_w,1.3713334571492414e-05,33
telemetry_dropout,load_power_w,2.2608667201293027e-19,45
telemetry_dropout,battery_soc_measured,0.0,46
telemetry_dropout,battery_voltage_measured,3.4130244964211817e-06,40
telemetry_dropout,battery_current_measured,9.971227695125815e-06,35
telemetry_dropout,battery_temp_measured,0.0003605396496722254,20
telemetry_dropout,electronics_temp_measured,0.00022934008850720316,25
telemetry_dropout,wheel_target_speed_rpm,1.0066857260110145e-18,44
telemetry_dropout,wheel_speed_measured,2.1092519307540002e-07,43
telemetry_dropout,wheel_current_measured,0.0,47
telemetry_dropout,wheel_temp_measured,8.662015216272657e-06,37
telemetry_dropout,battery_soc_rate,9.040610025711602e-06,36
telemetry_dropout,battery_voltage_rate,0.0,48
telemetry_dropout,battery_temp_rate,0.0,49
telemetry_dropout,electronics_temp_rate,0.0,50
telemetry_dropout,wheel_speed_rate,0.0,51
telemetry_dropout,wheel_current_rate,0.0,52
telemetry_dropout,wheel_temp_rate,0.0,53
telemetry_dropout,wheel_tracking_error_rpm,0.0,54
telemetry_dropout,solar_relative_residual,3.600464490804965e-05,30
telemetry_dropout,battery_innovation_v,1.183593185681706e-05,34
telemetry_dropout,battery_temp_residual_c,0.00026429314018780405,23
telemetry_dropout,electronics_temp_residual_c,0.00034178746627949003,21
telemetry_dropout,wheel_current_residual_a,7.473343882616623e-05,29
telemetry_dropout,wheel_temp_residual_c,0.0,55
telemetry_dropout,rule_detected,0.00021090221439178485,26
telemetry_dropout,rule_confidence,0.00011906285993334933,27
telemetry_dropout,rule_pred_solar_array_degradation,4.204760288305519e-06,39
telemetry_dropout,rule_pred_battery_degradation,0.0,56
telemetry_dropout,rule_pred_thermal_anomaly,0.0,57
telemetry_dropout,rule_pred_reaction_wheel_degradation,1.549365654318691e-06,41
telemetry_dropout,rule_pred_battery_voltage_sensor_drift,0.00026728960320536406,22
telemetry_dropout,rule_pred_telemetry_dropout,0.010436616141804037,14
telemetry_dropout,physics_detected,0.0006769533043859711,18
telemetry_dropout,physics_confidence,0.00041188149589113876,19
telemetry_dropout,physics_pred_solar_array_degradation,2.8556151047188035e-05,31
telemetry_dropout,physics_pred_battery_degradation,4.918686173955671e-07,42
telemetry_dropout,physics_pred_thermal_anomaly,0.0002532132627362727,24
telemetry_dropout,physics_pred_reaction_wheel_degradation,0.00010451015497669249,28
telemetry_dropout,physics_pred_battery_voltage_sensor_drift,2.7597502216359022e-05,32
telemetry_dropout,physics_pred_telemetry_dropout,0.01950821136295324,1
telemetry_dropout,ml_power_ratio,0.014337961708063944,5
telemetry_dropout,ml_battery_ratio,0.013444519835447132,8
telemetry_dropout,ml_thermal_ratio,0.01824610105490539,2
telemetry_dropout,ml_wheel_ratio,0.01030874417342447,15
telemetry_dropout,ml_max_ratio,0.011735733833889043,12
telemetry_dropout,ml_persistent_anomaly,0.0017839558857767415,17
telemetry_dropout,missing_battery_soc_measured,0.012550851633966196,11
telemetry_dropout,missing_battery_voltage_measured,0.014693030351916235,4
telemetry_dropout,missing_battery_current_measured,0.014822127426893835,3
telemetry_dropout,missing_battery_temp_measured,0.014234034244218928,7
telemetry_dropout,missing_electronics_temp_measured,0.014332738440022773,6
telemetry_dropout,missing_wheel_speed_measured,0.009148854961831992,16
telemetry_dropout,missing_wheel_current_measured,0.012634133042530065,10
telemetry_dropout,missing_wheel_temp_measured,0.01291117351823774,9
telemetry_dropout,missing_count,0.01118710496208799,13
thermal_anomaly,in_sunlight,0.0008238062002574413,40
thermal_anomaly,solar_power_w,0.0018403501046030523,30
thermal_anomaly,load_power_w,0.0002149063626028705,49
thermal_anomaly,battery_soc_measured,0.0021097877035983477,27
thermal_anomaly,battery_voltage_measured,0.0017393377338739806,32
thermal_anomaly,battery_current_measured,0.002291347785626827,19
thermal_anomaly,battery_temp_measured,0.04747714257890297,2
thermal_anomaly,electronics_temp_measured,0.04500980475111648,3
thermal_anomaly,wheel_target_speed_rpm,0.00015015768487144863,51
thermal_anomaly,wheel_speed_measured,0.00024293310857114776,48
thermal_anomaly,wheel_current_measured,0.0004267958607434991,44
thermal_anomaly,wheel_temp_measured,0.003747052533704276,10
thermal_anomaly,battery_soc_rate,0.00044466167267193145,43
thermal_anomaly,battery_voltage_rate,0.00011258154260264722,54
thermal_anomaly,battery_temp_rate,0.0003599928633079193,45
thermal_anomaly,electronics_temp_rate,0.00032911864690009284,46
thermal_anomaly,wheel_speed_rate,0.00014415052172633087,53
thermal_anomaly,wheel_current_rate,0.00020134741558289874,50
thermal_anomaly,wheel_temp_rate,0.00010212335852909832,56
thermal_anomaly,wheel_tracking_error_rpm,0.000145778148851916,52
thermal_anomaly,solar_relative_residual,0.002906483745085114,15
thermal_anomaly,battery_innovation_v,0.00173791805151916,33
thermal_anomaly,battery_temp_residual_c,0.04496326609422124,4
thermal_anomaly,electronics_temp_residual_c,0.05594233453259873,1
thermal_anomaly,wheel_current_residual_a,0.0022865057710292416,20
thermal_anomaly,wheel_temp_residual_c,0.0030792608029237348,14
thermal_anomaly,rule_detected,0.0021963368888350075,23
thermal_anomaly,rule_confidence,0.0015726970861936846,35
thermal_anomaly,rule_pred_solar_array_degradation,0.0015301778951385832,37
thermal_anomaly,rule_pred_battery_degradation,6.37063050061724e-05,57
thermal_anomaly,rule_pred_thermal_anomaly,0.00320340553672563,13
thermal_anomaly,rule_pred_reaction_wheel_degradation,0.00011203827426410635,55
thermal_anomaly,rule_pred_battery_voltage_sensor_drift,0.012956385976023272,6
thermal_anomaly,rule_pred_telemetry_dropout,0.0016988759925570395,34
thermal_anomaly,physics_detected,0.007028017050812742,8
thermal_anomaly,physics_confidence,0.005669968566253025,9
thermal_anomaly,physics_pred_solar_array_degradation,0.0015441478989309994,36
thermal_anomaly,physics_pred_battery_degradation,0.0002644329243749826,47
thermal_anomaly,physics_pred_thermal_anomaly,0.03869985590097298,5
thermal_anomaly,physics_pred_reaction_wheel_degradation,0.009568617266228652,7
thermal_anomaly,physics_pred_battery_voltage_sensor_drift,0.0006885515283918437,41
thermal_anomaly,physics_pred_telemetry_dropout,0.0028977891456328543,16
thermal_anomaly,ml_power_ratio,0.0027723796595027607,18
thermal_anomaly,ml_battery_ratio,0.003387311511890987,12
thermal_anomaly,ml_thermal_ratio,0.0034279199891963773,11
thermal_anomaly,ml_wheel_ratio,0.001752150968273882,31
thermal_anomaly,ml_max_ratio,0.002777499435938878,17
thermal_anomaly,ml_persistent_anomaly,0.0004555497571256684,42
thermal_anomaly,missing_battery_soc_measured,0.0018861325341117967,29
thermal_anomaly,missing_battery_voltage_measured,0.002226199013936763,22
thermal_anomaly,missing_battery_current_measured,0.00223946536560833,21
thermal_anomaly,missing_battery_temp_measured,0.002149195251769758,26
thermal_anomaly,missing_electronics_temp_measured,0.002159682597127726,25
thermal_anomaly,missing_wheel_speed_measured,0.0013484348375020776,39
thermal_anomaly,missing_wheel_current_measured,0.0020229920891416744,28
thermal_anomaly,missing_wheel_temp_measured,0.0021814525750864034,24
thermal_anomaly,missing_count,0.001514750388947185,38
