time_h,power_score,power_threshold,power_anomaly,battery_score,battery_threshold,battery_anomaly,thermal_score,thermal_threshold,thermal_anomaly,wheel_score,wheel_threshold,wheel_anomaly,raw_anomaly,persistence_count,persistent_anomaly
0.0,0.49131147767625266,0.5969996410389329,False,0.47006177673531185,0.5939467966062256,False,0.6233945604527511,0.6226859363031351,True,0.5878200137978651,0.5994046388817835,False,True,1,False
0.0166666666666666,0.47284461234460307,0.5969996410389329,False,0.4596227688888492,0.5939467966062256,False,0.6505382637142586,0.6226859363031351,True,0.6196290432031196,0.5994046388817835,True,True,2,False
0.0333333333333333,0.4684549366972386,0.5969996410389329,False,0.46450189193685487,0.5939467966062256,False,0.6299797485620982,0.6226859363031351,True,0.5990499578542127,0.5994046388817835,False,True,3,True
0.05,0.46234136518151747,0.5969996410389329,False,0.4669650803802147,0.5939467966062256,False,0.6182611922102004,0.6226859363031351,False,0.5793177882027827,0.5994046388817835,False,False,0,False
0.0666666666666666,0.46985289207000175,0.5969996410389329,False,0.46527033369035364,0.5939467966062256,False,0.6242468715321365,0.6226859363031351,True,0.5976786853013925,0.5994046388817835,False,True,1,False
0.0833333333333333,0.49571506712001107,0.5969996410389329,False,0.49512535686265136,0.5939467966062256,False,0.6199413428136324,0.6226859363031351,False,0.5926332529347094,0.5994046388817835,False,False,0,False
0.1,0.4772113352570199,0.5969996410389329,False,0.4662528033882468,0.5939467966062256,False,0.6410350026075564,0.6226859363031351,True,0.5851275716836031,0.5994046388817835,False,True,1,False
0.1166666666666666,0.4687439957875681,0.5969996410389329,False,0.48527925405734024,0.5939467966062256,False,0.6225869092083961,0.6226859363031351,False,0.5755608503827191,0.5994046388817835,False,False,0,False
0.1333333333333333,0.48362097196901505,0.5969996410389329,False,0.47005340129353695,0.5939467966062256,False,0.6588849408254326,0.6226859363031351,True,0.6048239788836351,0.5994046388817835,True,True,1,False
0.15,0.47639392949174036,0.5969996410389329,False,0.4637814437476747,0.5939467966062256,False,0.627341119828326,0.6226859363031351,True,0.5742169214383477,0.5994046388817835,False,True,2,False
0.1666666666666666,0.496382557548395,0.5969996410389329,False,0.4743952847779278,0.5939467966062256,False,0.6201953486793764,0.6226859363031351,False,0.6096530460877166,0.5994046388817835,True,True,3,True
0.1833333333333333,0.464361792011984,0.5969996410389329,False,0.45907285248610435,0.5939467966062256,False,0.6070437437650089,0.6226859363031351,False,0.5988387572127585,0.5994046388817835,False,False,0,False
0.2,0.47692528687765023,0.5969996410389329,False,0.46802231773464276,0.5939467966062256,False,0.6040563952696939,0.6226859363031351,False,0.6013663772480716,0.5994046388817835,True,True,1,False
0.2166666666666666,0.46829844721315905,0.5969996410389329,False,0.4539464729383506,0.5939467966062256,False,0.5995904128380859,0.6226859363031351,False,0.5794083673994632,0.5994046388817835,False,False,0,False
0.2333333333333333,0.4797014908490831,0.5969996410389329,False,0.4625616141450903,0.5939467966062256,False,0.5942576033991204,0.6226859363031351,False,0.5746152671704937,0.5994046388817835,False,False,0,False
0.25,0.4946480274326126,0.5969996410389329,False,0.4746867844794874,0.5939467966062256,False,0.6045751598918476,0.6226859363031351,False,0.5739106010280931,0.5994046388817835,False,False,0,False
0.2666666666666666,0.4911117538945739,0.5969996410389329,False,0.46713888135899095,0.5939467966062256,False,0.6205170009599622,0.6226859363031351,False,0.583750719544915,0.5994046388817835,False,False,0,False
0.2833333333333333,0.49734118303962976,0.5969996410389329,False,0.5120294919449135,0.5939467966062256,False,0.6403035277813375,0.6226859363031351,True,0.5781405252422106,0.5994046388817835,False,True,1,False
0.3,0.49162479697891026,0.5969996410389329,False,0.47699337296307437,0.5939467966062256,False,0.62628299473014,0.6226859363031351,True,0.5683288544845129,0.5994046388817835,False,True,2,False
0.3166666666666666,0.5059489103567042,0.5969996410389329,False,0.4776060418920834,0.5939467966062256,False,0.6134496478733434,0.6226859363031351,False,0.5628483287126843,0.5994046388817835,False,False,0,False
0.3333333333333333,0.5155566485662545,0.5969996410389329,False,0.495586455413821,0.5939467966062256,False,0.624121406010069,0.6226859363031351,True,0.5888055619628091,0.5994046388817835,False,True,1,False
0.35,0.5270717378648101,0.5969996410389329,False,0.5197393612949354,0.5939467966062256,False,0.6221055556513883,0.6226859363031351,False,0.5906134397552879,0.5994046388817835,False,False,0,False
0.3666666666666666,0.558681126297274,0.5969996410389329,False,0.5437302050472742,0.5939467966062256,False,0.6124632011795891,0.6226859363031351,False,0.5657179850102568,0.5994046388817835,False,False,0,False
0.3833333333333333,0.5372164003572238,0.5969996410389329,False,0.5258876689804465,0.5939467966062256,False,0.6629199177260446,0.6226859363031351,True,0.5760457877451297,0.5994046388817835,False,True,1,False
0.4,0.521027165626286,0.5969996410389329,False,0.5178676190900173,0.5939467966062256,False,0.6197484590787518,0.6226859363031351,False,0.5683517227363113,0.5994046388817835,False,False,0,False
0.4166666666666667,0.508427489166707,0.5969996410389329,False,0.5257079666714471,0.5939467966062256,False,0.6583763095906755,0.6226859363031351,True,0.5827987855799337,0.5994046388817835,False,True,1,False
0.4333333333333333,0.5470027856792424,0.5969996410389329,False,0.5168558429458735,0.5939467966062256,False,0.6251528306012828,0.6226859363031351,True,0.5839476593719941,0.5994046388817835,False,True,2,False
0.45,0.4960586804027632,0.5969996410389329,False,0.5127947733101865,0.5939467966062256,False,0.5827466864075741,0.6226859363031351,False,0.5697955091722474,0.5994046388817835,False,False,0,False
0.4666666666666667,0.5112706087814706,0.5969996410389329,False,0.4757108711549671,0.5939467966062256,False,0.6072345256934408,0.6226859363031351,False,0.5428195729806128,0.5994046388817835,False,False,0,False
0.4833333333333333,0.5153133970818857,0.5969996410389329,False,0.4818055024012844,0.5939467966062256,False,0.6190558558449519,0.6226859363031351,False,0.5450168173270198,0.5994046388817835,False,False,0,False
0.5,0.5483983655537547,0.5969996410389329,False,0.4774857177031038,0.5939467966062256,False,0.613357137316578,0.6226859363031351,False,0.5794507262565973,0.5994046388817835,False,False,0,False
0.5166666666666667,0.48916737910632285,0.5969996410389329,False,0.4459675750872948,0.5939467966062256,False,0.5658350390078347,0.6226859363031351,False,0.5661946668715606,0.5994046388817835,False,False,0,False
0.5333333333333333,0.48059543724445525,0.5969996410389329,False,0.43318641182429607,0.5939467966062256,False,0.60294811930945,0.6226859363031351,False,0.5516445946388762,0.5994046388817835,False,False,0,False
0.55,0.48070727894870546,0.5969996410389329,False,0.46747597374858196,0.5939467966062256,False,0.5660284000646655,0.6226859363031351,False,0.5392813401043174,0.5994046388817835,False,False,0,False
0.5666666666666667,0.4908672883219092,0.5969996410389329,False,0.48962609784751154,0.5939467966062256,False,0.5490497212466509,0.6226859363031351,False,0.5519412775553305,0.5994046388817835,False,False,0,False
0.5833333333333334,0.48770394909382064,0.5969996410389329,False,0.5337179152438867,0.5939467966062256,False,0.5553317869039613,0.6226859363031351,False,0.5624057314456663,0.5994046388817835,False,False,0,False
0.6,0.49773762359445667,0.5969996410389329,False,0.4737911140693566,0.5939467966062256,False,0.5880310870825828,0.6226859363031351,False,0.5560114618967303,0.5994046388817835,False,False,0,False
0.6166666666666667,0.47340184930006257,0.5969996410389329,False,0.45019364821930763,0.5939467966062256,False,0.5321443875595007,0.6226859363031351,False,0.5390708889626908,0.5994046388817835,False,False,0,False
0.6333333333333333,0.5101792500761544,0.5969996410389329,False,0.4648283411345459,0.5939467966062256,False,0.5580376426655842,0.6226859363031351,False,0.559639015416122,0.5994046388817835,False,False,0,False
0.65,0.520852145890511,0.5969996410389329,False,0.4808481906615228,0.5939467966062256,False,0.5695083581358168,0.6226859363031351,False,0.5583591465635603,0.5994046388817835,False,False,0,False
0.6666666666666666,0.5275555164662252,0.5969996410389329,False,0.46581168395692407,0.5939467966062256,False,0.5722740642500459,0.6226859363031351,False,0.6119977870544682,0.5994046388817835,True,True,1,False
0.6833333333333333,0.5708526236120157,0.5969996410389329,False,0.47649605240850745,0.5939467966062256,False,0.5962684044041565,0.6226859363031351,False,0.5655590572184348,0.5994046388817835,False,False,0,False
0.7,0.48818049457676305,0.5969996410389329,False,0.4575849219724825,0.5939467966062256,False,0.5756970477834104,0.6226859363031351,False,0.5491886633627477,0.5994046388817835,False,False,0,False
0.7166666666666667,0.47573242078686456,0.5969996410389329,False,0.5015363499180645,0.5939467966062256,False,0.5388622224564381,0.6226859363031351,False,0.5389070959387715,0.5994046388817835,False,False,0,False
0.7333333333333333,0.5185242911427528,0.5969996410389329,False,0.5285314223386862,0.5939467966062256,False,0.5459296370155451,0.6226859363031351,False,0.5461401605559347,0.5994046388817835,False,False,0,False
0.75,0.4913148131294308,0.5969996410389329,False,0.45140649229405616,0.5939467966062256,False,0.540340895456757,0.6226859363031351,False,0.5474150360924686,0.5994046388817835,False,False,0,False
0.7666666666666667,0.4997526221109696,0.5969996410389329,False,0.4438933878956678,0.5939467966062256,False,0.5656269889904576,0.6226859363031351,False,0.593066269017679,0.5994046388817835,False,False,0,False
0.7833333333333333,0.5121644107732187,0.5969996410389329,False,0.5095372084163081,0.5939467966062256,False,0.5459356861478853,0.6226859363031351,False,0.5904600444260071,0.5994046388817835,False,False,0,False
0.8,0.5490029130874647,0.5969996410389329,False,0.4740932582170457,0.5939467966062256,False,0.5271186490268528,0.6226859363031351,False,0.5544948071290651,0.5994046388817835,False,False,0,False
0.8166666666666667,0.5263353803174392,0.5969996410389329,False,0.45393227620947185,0.5939467966062256,False,0.516917795257331,0.6226859363031351,False,0.5428774973832347,0.5994046388817835,False,False,0,False
0.8333333333333334,0.5065482352716708,0.5969996410389329,False,0.437636628417833,0.5939467966062256,False,0.5227436713274517,0.6226859363031351,False,0.563323208468643,0.5994046388817835,False,False,0,False
0.85,0.5772287476019423,0.5969996410389329,False,0.5016699728615333,0.5939467966062256,False,0.571440864739949,0.6226859363031351,False,0.5364988573877664,0.5994046388817835,False,False,0,False
0.8666666666666667,0.5509028682256274,0.5969996410389329,False,0.5273097567447423,0.5939467966062256,False,0.5963821332129736,0.6226859363031351,False,0.5530423372038931,0.5994046388817835,False,False,0,False
0.8833333333333333,0.5381623492474963,0.5969996410389329,False,0.47556828913774746,0.5939467966062256,False,0.5394182315558858,0.6226859363031351,False,0.575314596872643,0.5994046388817835,False,False,0,False
0.9,0.5431160125786373,0.5969996410389329,False,0.4590075123356567,0.5939467966062256,False,0.5541771735614766,0.6226859363031351,False,0.5579335332543344,0.5994046388817835,False,False,0,False
0.9166666666666666,0.5437634469928381,0.5969996410389329,False,0.47123513005223433,0.5939467966062256,False,0.5428980657370703,0.6226859363031351,False,0.5682375031516658,0.5994046388817835,False,False,0,False
0.9333333333333332,0.5557606289684719,0.5969996410389329,False,0.5299247741680426,0.5939467966062256,False,0.6231664486702159,0.6226859363031351,True,0.5437617340841914,0.5994046388817835,False,True,1,False
0.95,0.5056398387999237,0.5969996410389329,False,0.5282597285438198,0.5939467966062256,False,0.6003925415192081,0.6226859363031351,False,0.5415962358200899,0.5994046388817835,False,False,0,False
0.9666666666666668,0.5728429807185856,0.5969996410389329,False,0.5350972811268597,0.5939467966062256,False,0.6051315197890543,0.6226859363031351,False,0.552346446124398,0.5994046388817835,False,False,0,False
0.9833333333333332,0.508690101984587,0.5969996410389329,False,0.493129893020562,0.5939467966062256,False,0.6104485703401815,0.6226859363031351,False,0.5732050893165546,0.5994046388817835,False,False,0,False
1.0,0.5185357511249968,0.5969996410389329,False,0.5099531380938602,0.5939467966062256,False,0.5908861747858265,0.6226859363031351,False,0.5504953449107078,0.5994046388817835,False,False,0,False
1.0166666666666666,0.5412593138842425,0.5969996410389329,False,0.49726536513216335,0.5939467966062256,False,0.5824457874841561,0.6226859363031351,False,0.5335764505925827,0.5994046388817835,False,False,0,False
1.0333333333333334,0.5315392774837898,0.5969996410389329,False,0.4899182649388746,0.5939467966062256,False,0.6278856975129652,0.6226859363031351,True,0.5444968733274612,0.5994046388817835,False,True,1,False
1.05,0.5303896189323886,0.5969996410389329,False,0.4802000267754463,0.5939467966062256,False,0.6354121280171465,0.6226859363031351,True,0.5233504493260086,0.5994046388817835,False,True,2,False
1.0666666666666669,0.6098904983548197,0.5969996410389329,True,0.512058300496152,0.5939467966062256,False,0.6056914110593795,0.6226859363031351,False,0.5560895918925202,0.5994046388817835,False,True,3,True
1.0833333333333333,0.5438451087447005,0.5969996410389329,False,0.48693113167045143,0.5939467966062256,False,0.6032799830564735,0.6226859363031351,False,0.5488346049952891,0.5994046388817835,False,False,0,False
1.1,0.5471050752436427,0.5969996410389329,False,0.5145909071471867,0.5939467966062256,False,0.6233610472353394,0.6226859363031351,True,0.560226533517671,0.5994046388817835,False,True,1,False
1.1166666666666667,0.5463678774449426,0.5969996410389329,False,0.4689775891497456,0.5939467966062256,False,0.6204984552966057,0.6226859363031351,False,0.5252306447715699,0.5994046388817835,False,False,0,False
1.1333333333333333,0.5444432363977789,0.5969996410389329,False,0.49054968189102,0.5939467966062256,False,0.6320579597365338,0.6226859363031351,True,0.5325311415112057,0.5994046388817835,False,True,1,False
1.15,0.5311014512531707,0.5969996410389329,False,0.5043699166997069,0.5939467966062256,False,0.6112723211517433,0.6226859363031351,False,0.5659873305772624,0.5994046388817835,False,False,0,False
1.1666666666666667,0.5223503753549084,0.5969996410389329,False,0.49938658315533946,0.5939467966062256,False,0.6140850367025671,0.6226859363031351,False,0.5535646038176592,0.5994046388817835,False,False,0,False
1.1833333333333331,0.5165898563130106,0.5969996410389329,False,0.4654927378687914,0.5939467966062256,False,0.5862012777840581,0.6226859363031351,False,0.5342928966488201,0.5994046388817835,False,False,0,False
1.2,0.517110729793512,0.5969996410389329,False,0.4756666726858416,0.5939467966062256,False,0.6361761892236019,0.6226859363031351,True,0.5117600745351752,0.5994046388817835,False,True,1,False
1.2166666666666666,0.5178804594778744,0.5969996410389329,False,0.4852879958800644,0.5939467966062256,False,0.6290487201810192,0.6226859363031351,True,0.518574917794068,0.5994046388817835,False,True,2,False
1.2333333333333334,0.5371088605656844,0.5969996410389329,False,0.5770571468386944,0.5939467966062256,False,0.5783411068782893,0.6226859363031351,False,0.5489270257744523,0.5994046388817835,False,False,0,False
1.25,0.5467136035896792,0.5969996410389329,False,0.5030147123845004,0.5939467966062256,False,0.5739138867118639,0.6226859363031351,False,0.5438056039323785,0.5994046388817835,False,False,0,False
1.2666666666666666,0.574434916477571,0.5969996410389329,False,0.5182331404710432,0.5939467966062256,False,0.5879120156744571,0.6226859363031351,False,0.5373624581504824,0.5994046388817835,False,False,0,False
1.2833333333333334,0.5747864789634511,0.5969996410389329,False,0.4933144744660467,0.5939467966062256,False,0.587584405113653,0.6226859363031351,False,0.5111433589559021,0.5994046388817835,False,False,0,False
1.3,0.49026511848120446,0.5969996410389329,False,0.4745642524045887,0.5939467966062256,False,0.5745203915877308,0.6226859363031351,False,0.5839293729224055,0.5994046388817835,False,False,0,False
1.3166666666666669,0.5045984388645807,0.5969996410389329,False,0.5066565054776461,0.5939467966062256,False,0.5983129285224704,0.6226859363031351,False,0.5428367100593546,0.5994046388817835,False,False,0,False
1.3333333333333333,0.5332035091202949,0.5969996410389329,False,0.5226664929022782,0.5939467966062256,False,0.571896200459705,0.6226859363031351,False,0.5474348147041211,0.5994046388817835,False,False,0,False
1.35,0.5537248102766642,0.5969996410389329,False,0.4989914241614626,0.5939467966062256,False,0.593809686956795,0.6226859363031351,False,0.5431190988357121,0.5994046388817835,False,False,0,False
1.3666666666666667,0.5295012746607881,0.5969996410389329,False,0.47961977091964353,0.5939467966062256,False,0.6453203193151231,0.6226859363031351,True,0.5386884729390407,0.5994046388817835,False,True,1,False
1.3833333333333333,0.5691018475995681,0.5969996410389329,False,0.5286084179388748,0.5939467966062256,False,0.5951624655070307,0.6226859363031351,False,0.5367230199512213,0.5994046388817835,False,False,0,False
1.4,0.5268165866905234,0.5969996410389329,False,0.4935212652753069,0.5939467966062256,False,0.609938601448464,0.6226859363031351,False,0.5356635096028026,0.5994046388817835,False,False,0,False
1.4166666666666667,0.5538360582451922,0.5969996410389329,False,0.5185399937308962,0.5939467966062256,False,0.6210324799540312,0.6226859363031351,False,0.5610204489050622,0.5994046388817835,False,False,0,False
1.4333333333333331,0.5140978170705701,0.5969996410389329,False,0.5187083680114339,0.5939467966062256,False,0.579302847215111,0.6226859363031351,False,0.5445559533669108,0.5994046388817835,False,False,0,False
1.45,0.5416177417237895,0.5969996410389329,False,0.5358095349101711,0.5939467966062256,False,0.5618017977852917,0.6226859363031351,False,0.5147472907983611,0.5994046388817835,False,False,0,False
1.4666666666666666,0.6131404608896484,0.5969996410389329,True,0.5676828188632899,0.5939467966062256,False,0.580035380019164,0.6226859363031351,False,0.5151767916150972,0.5994046388817835,False,True,1,False
1.4833333333333334,0.5753331269206267,0.5969996410389329,False,0.5881226358958614,0.5939467966062256,False,0.6224518243112814,0.6226859363031351,False,0.5155924119287024,0.5994046388817835,False,False,0,False
1.5,0.5295332628564373,0.5969996410389329,False,0.5452490516273745,0.5939467966062256,False,0.5109690629550692,0.6226859363031351,False,0.5378496098516393,0.5994046388817835,False,False,0,False
1.5166666666666666,0.4762086668515723,0.5969996410389329,False,0.5565516269262065,0.5939467966062256,False,0.5373257820992607,0.6226859363031351,False,0.5187528508066581,0.5994046388817835,False,False,0,False
1.5333333333333334,0.5166086126510817,0.5969996410389329,False,0.5539957191429475,0.5939467966062256,False,0.5396353229937318,0.6226859363031351,False,0.5306452629290905,0.5994046388817835,False,False,0,False
1.55,0.4561125585768584,0.5969996410389329,False,0.46789658203586654,0.5939467966062256,False,0.56835256392807,0.6226859363031351,False,0.5131898410009232,0.5994046388817835,False,False,0,False
1.5666666666666669,0.47086921961325007,0.5969996410389329,False,0.4819946333661853,0.5939467966062256,False,0.5084759098596878,0.6226859363031351,False,0.5145887678859589,0.5994046388817835,False,False,0,False
1.5833333333333333,0.5320970789115548,0.5969996410389329,False,0.5209838324176229,0.5939467966062256,False,0.5192649382002926,0.6226859363031351,False,0.5272912066750651,0.5994046388817835,False,False,0,False
1.6,0.5198825296607857,0.5969996410389329,False,0.5131940228638853,0.5939467966062256,False,0.5087644433723931,0.6226859363031351,False,0.5182688639128776,0.5994046388817835,False,False,0,False
1.6166666666666667,0.46844481751496714,0.5969996410389329,False,0.4723590419394998,0.5939467966062256,False,0.556568083072424,0.6226859363031351,False,0.5154797119885133,0.5994046388817835,False,False,0,False
1.6333333333333333,0.48828025943340253,0.5969996410389329,False,0.4673911413522455,0.5939467966062256,False,0.5253726829882833,0.6226859363031351,False,0.5626162807102798,0.5994046388817835,False,False,0,False
1.65,0.48238253595544156,0.5969996410389329,False,0.4589558036307143,0.5939467966062256,False,0.5280091810679396,0.6226859363031351,False,0.5207768921549737,0.5994046388817835,False,False,0,False
1.6666666666666667,0.48167287920697227,0.5969996410389329,False,0.4819385006808677,0.5939467966062256,False,0.49167235440541046,0.6226859363031351,False,0.5697156477292413,0.5994046388817835,False,False,0,False
1.6833333333333331,0.47598796155340134,0.5969996410389329,False,0.47766503738091065,0.5939467966062256,False,0.5095063285655383,0.6226859363031351,False,0.5355920785887542,0.5994046388817835,False,False,0,False
1.7,0.468705757912582,0.5969996410389329,False,0.4573880998128915,0.5939467966062256,False,0.5004772385484605,0.6226859363031351,False,0.541357973374737,0.5994046388817835,False,False,0,False
1.7166666666666666,0.47717971560313743,0.5969996410389329,False,0.4649773806348799,0.5939467966062256,False,0.5231835928416937,0.6226859363031351,False,0.5737754826705461,0.5994046388817835,False,False,0,False
1.7333333333333334,0.4948977845417511,0.5969996410389329,False,0.46872486957433107,0.5939467966062256,False,0.5291873182477617,0.6226859363031351,False,0.542170336233604,0.5994046388817835,False,False,0,False
1.75,0.581295808209866,0.5969996410389329,False,0.542191271075202,0.5939467966062256,False,0.5108436729640498,0.6226859363031351,False,0.5493997755380576,0.5994046388817835,False,False,0,False
1.7666666666666666,0.5365772923312322,0.5969996410389329,False,0.4999055572049079,0.5939467966062256,False,0.5061701231219875,0.6226859363031351,False,0.530660598366119,0.5994046388817835,False,False,0,False
1.7833333333333334,0.5071648416203719,0.5969996410389329,False,0.4709058192094746,0.5939467966062256,False,0.5510461144009743,0.6226859363031351,False,0.5003192359521446,0.5994046388817835,False,False,0,False
1.8,0.5002672320532814,0.5969996410389329,False,0.45858952571270506,0.5939467966062256,False,0.5272462490229317,0.6226859363031351,False,0.49316517843037994,0.5994046388817835,False,False,0,False
1.8166666666666669,0.5289352325863991,0.5969996410389329,False,0.4837364745097483,0.5939467966062256,False,0.5418734028425588,0.6226859363031351,False,0.5074148147345844,0.5994046388817835,False,False,0,False
1.8333333333333333,0.5136389668428762,0.5969996410389329,False,0.4666871973209714,0.5939467966062256,False,0.550430776667454,0.6226859363031351,False,0.5108730398890022,0.5994046388817835,False,False,0,False
1.85,0.5605618529779529,0.5969996410389329,False,0.5432164433118437,0.5939467966062256,False,0.535786871543736,0.6226859363031351,False,0.5328038928395569,0.5994046388817835,False,False,0,False
1.8666666666666667,0.552876348802541,0.5969996410389329,False,0.505967709389818,0.5939467966062256,False,0.5369099439131062,0.6226859363031351,False,0.5031608271313858,0.5994046388817835,False,False,0,False
1.8833333333333333,0.5247587213970787,0.5969996410389329,False,0.5457568552356584,0.5939467966062256,False,0.5332773410786248,0.6226859363031351,False,0.5504829291515748,0.5994046388817835,False,False,0,False
1.9,0.531713261859275,0.5969996410389329,False,0.5336927574629987,0.5939467966062256,False,0.5667207243961099,0.6226859363031351,False,0.5708976483136387,0.5994046388817835,False,False,0,False
1.9166666666666667,0.5197819297462662,0.5969996410389329,False,0.4623334959380771,0.5939467966062256,False,0.5572848504021009,0.6226859363031351,False,0.549963666371786,0.5994046388817835,False,False,0,False
1.9333333333333331,0.500506104480886,0.5969996410389329,False,0.4623891254521277,0.5939467966062256,False,0.5283857664494728,0.6226859363031351,False,0.5158949630052146,0.5994046388817835,False,False,0,False
1.95,0.48947744671794435,0.5969996410389329,False,0.4515101786646643,0.5939467966062256,False,0.5122337279597394,0.6226859363031351,False,0.4996502141530959,0.5994046388817835,False,False,0,False
1.9666666666666663,0.5086688698717803,0.5969996410389329,False,0.4668032790081175,0.5939467966062256,False,0.5790413103301862,0.6226859363031351,False,0.5177337908115843,0.5994046388817835,False,False,0,False
1.9833333333333332,0.4844219748004217,0.5969996410389329,False,0.459130800976569,0.5939467966062256,False,0.5854593225811063,0.6226859363031351,False,0.5484126727662811,0.5994046388817835,False,False,0,False
2.0,0.5059065733185054,0.5969996410389329,False,0.48506226808437225,0.5939467966062256,False,0.5038289145892519,0.6226859363031351,False,0.5163156925955664,0.5994046388817835,False,False,0,False
2.0166666666666666,0.48475569873426766,0.5969996410389329,False,0.4433393860619613,0.5939467966062256,False,0.4785095278139716,0.6226859363031351,False,0.5153297355899894,0.5994046388817835,False,False,0,False
2.033333333333333,0.46838672959518796,0.5969996410389329,False,0.4443532451263279,0.5939467966062256,False,0.47357355297299375,0.6226859363031351,False,0.5326655540156152,0.5994046388817835,False,False,0,False
2.05,0.46665193602246374,0.5969996410389329,False,0.4549658429078937,0.5939467966062256,False,0.478513698250347,0.6226859363031351,False,0.5074721693021078,0.5994046388817835,False,False,0,False
2.066666666666667,0.48777464954189736,0.5969996410389329,False,0.4675993177762081,0.5939467966062256,False,0.4791247786895767,0.6226859363031351,False,0.5080024310907428,0.5994046388817835,False,False,0,False
2.083333333333333,0.4901530068186942,0.5969996410389329,False,0.4761856468554823,0.5939467966062256,False,0.481576684394209,0.6226859363031351,False,0.525538511931364,0.5994046388817835,False,False,0,False
2.1,0.483008087873728,0.5969996410389329,False,0.46150866790364925,0.5939467966062256,False,0.48608661489905675,0.6226859363031351,False,0.5282598694413935,0.5994046388817835,False,False,0,False
2.1166666666666667,0.4709743135363829,0.5969996410389329,False,0.44053893211780826,0.5939467966062256,False,0.49815116377530533,0.6226859363031351,False,0.5094298916857097,0.5994046388817835,False,False,0,False
2.1333333333333333,0.4994156812442262,0.5969996410389329,False,0.46156814475973806,0.5939467966062256,False,0.4831824426500188,0.6226859363031351,False,0.5099529767976071,0.5994046388817835,False,False,0,False
2.15,0.5172055724793008,0.5969996410389329,False,0.48097996210348887,0.5939467966062256,False,0.49239761755400957,0.6226859363031351,False,0.5176271721416925,0.5994046388817835,False,False,0,False
2.1666666666666665,0.4955995342317372,0.5969996410389329,False,0.4630489804151565,0.5939467966062256,False,0.5144371807910626,0.6226859363031351,False,0.5651769583192567,0.5994046388817835,False,False,0,False
2.183333333333333,0.472779261824925,0.5969996410389329,False,0.4595680734543728,0.5939467966062256,False,0.48920236016304025,0.6226859363031351,False,0.5371373540238548,0.5994046388817835,False,False,0,False
2.2,0.49445328980948267,0.5969996410389329,False,0.47058682007786984,0.5939467966062256,False,0.47642916660203755,0.6226859363031351,False,0.518877702334455,0.5994046388817835,False,False,0,False
2.216666666666667,0.46775960679111667,0.5969996410389329,False,0.44835030750956834,0.5939467966062256,False,0.48170913880410393,0.6226859363031351,False,0.5300086967737011,0.5994046388817835,False,False,0,False
2.2333333333333334,0.4859132489513999,0.5969996410389329,False,0.4722420472952046,0.5939467966062256,False,0.4556786305191405,0.6226859363031351,False,0.5325951143833688,0.5994046388817835,False,False,0,False
2.25,0.5056443232649372,0.5969996410389329,False,0.4912306865571528,0.5939467966062256,False,0.4745734830603639,0.6226859363031351,False,0.5584257299468582,0.5994046388817835,False,False,0,False
2.2666666666666666,0.4996290806734276,0.5969996410389329,False,0.4327218302865032,0.5939467966062256,False,0.46327416261129095,0.6226859363031351,False,0.5262891648576823,0.5994046388817835,False,False,0,False
2.283333333333333,0.5057072178139433,0.5969996410389329,False,0.43896677320266875,0.5939467966062256,False,0.4642040775464961,0.6226859363031351,False,0.4949281497195698,0.5994046388817835,False,False,0,False
2.3,0.5350110492064623,0.5969996410389329,False,0.46086271096563863,0.5939467966062256,False,0.48636850395728864,0.6226859363031351,False,0.4906670220812225,0.5994046388817835,False,False,0,False
2.316666666666667,0.5033915181933075,0.5969996410389329,False,0.4464053671999387,0.5939467966062256,False,0.4606425271151419,0.6226859363031351,False,0.4893911237034789,0.5994046388817835,False,False,0,False
2.333333333333333,0.5296699910542181,0.5969996410389329,False,0.44375335515224484,0.5939467966062256,False,0.4792494755685987,0.6226859363031351,False,0.5055613358803848,0.5994046388817835,False,False,0,False
2.35,0.5160015718821152,0.5969996410389329,False,0.49019924798615055,0.5939467966062256,False,0.4693713613159937,0.6226859363031351,False,0.5366024112286845,0.5994046388817835,False,False,0,False
2.3666666666666667,0.5097225698797763,0.5969996410389329,False,0.46911165838205937,0.5939467966062256,False,0.496340852068393,0.6226859363031351,False,0.553935217283679,0.5994046388817835,False,False,0,False
2.3833333333333333,0.5178309905294632,0.5969996410389329,False,0.43638280801155227,0.5939467966062256,False,0.4624230560744866,0.6226859363031351,False,0.5340558627998633,0.5994046388817835,False,False,0,False
2.4,0.5357640137565708,0.5969996410389329,False,0.4430107680133944,0.5939467966062256,False,0.46296800432499574,0.6226859363031351,False,0.5535002128796759,0.5994046388817835,False,False,0,False
2.4166666666666665,0.5805783782364005,0.5969996410389329,False,0.45602209475794486,0.5939467966062256,False,0.49608608892268247,0.6226859363031351,False,0.6023066614305297,0.5994046388817835,True,True,1,False
2.433333333333333,0.5591719817365481,0.5969996410389329,False,0.5216654683407597,0.5939467966062256,False,0.5383212396663825,0.6226859363031351,False,0.5483032435838223,0.5994046388817835,False,False,0,False
2.45,0.5101267200128391,0.5969996410389329,False,0.5154291423510402,0.5939467966062256,False,0.5739402297272377,0.6226859363031351,False,0.5101934713184924,0.5994046388817835,False,False,0,False
2.466666666666667,0.5096379990049231,0.5969996410389329,False,0.5148007292143643,0.5939467966062256,False,0.5322431691716057,0.6226859363031351,False,0.5264142630567834,0.5994046388817835,False,False,0,False
2.4833333333333334,0.503546221783738,0.5969996410389329,False,0.5237146558824715,0.5939467966062256,False,0.5558748046684158,0.6226859363031351,False,0.5177359059744256,0.5994046388817835,False,False,0,False
2.5,0.5412076552870493,0.5969996410389329,False,0.5144611566250155,0.5939467966062256,False,0.5475441106523621,0.6226859363031351,False,0.509267089621882,0.5994046388817835,False,False,0,False
2.5166666666666666,0.619186433604931,0.5969996410389329,True,0.5264529949879959,0.5939467966062256,False,0.5210672371674425,0.6226859363031351,False,0.5112805629503429,0.5994046388817835,False,True,1,False
2.533333333333333,0.6346984228892022,0.5969996410389329,True,0.5972705117045094,0.5939467966062256,True,0.5332533005011701,0.6226859363031351,False,0.5505929802284147,0.5994046388817835,False,True,2,False
2.55,0.5196973369284451,0.5969996410389329,False,0.5184718921906009,0.5939467966062256,False,0.5567941457378681,0.6226859363031351,False,0.5006453423813416,0.5994046388817835,False,False,0,False
2.566666666666667,0.5140085581400126,0.5969996410389329,False,0.47690673422166,0.5939467966062256,False,0.5295925562928205,0.6226859363031351,False,0.5290556718869407,0.5994046388817835,False,False,0,False
2.583333333333333,0.5993765056307248,0.5969996410389329,True,0.5150523191031171,0.5939467966062256,False,0.5454279037567212,0.6226859363031351,False,0.5686692865660943,0.5994046388817835,False,True,1,False
2.6,0.5566391124838432,0.5969996410389329,False,0.4911440608748395,0.5939467966062256,False,0.5947880806154445,0.6226859363031351,False,0.49470550983843964,0.5994046388817835,False,False,0,False
2.6166666666666667,0.5782745517358779,0.5969996410389329,False,0.49508246616753243,0.5939467966062256,False,0.5970903554456071,0.6226859363031351,False,0.48496950668626465,0.5994046388817835,False,False,0,False
2.6333333333333333,0.5327972820706179,0.5969996410389329,False,0.46917941561616244,0.5939467966062256,False,0.5479625510629346,0.6226859363031351,False,0.5169906697071903,0.5994046388817835,False,False,0,False
2.65,0.5205598218975116,0.5969996410389329,False,0.46919025928372554,0.5939467966062256,False,0.5592821938930359,0.6226859363031351,False,0.5366601916799686,0.5994046388817835,False,False,0,False
2.6666666666666665,0.557446331222559,0.5969996410389329,False,0.5389620084622345,0.5939467966062256,False,0.5398419804398379,0.6226859363031351,False,0.564786006434256,0.5994046388817835,False,False,0,False
2.683333333333333,0.5250332024061382,0.5969996410389329,False,0.5169447558319363,0.5939467966062256,False,0.5512646023075124,0.6226859363031351,False,0.5254790892878377,0.5994046388817835,False,False,0,False
2.7,0.6300474169903503,0.5969996410389329,True,0.5642957995070703,0.5939467966062256,False,0.5329295767934474,0.6226859363031351,False,0.5020912012398796,0.5994046388817835,False,True,1,False
2.716666666666667,0.5367136511255812,0.5969996410389329,False,0.5151134919823948,0.5939467966062256,False,0.6103796991624915,0.6226859363031351,False,0.48727310747565866,0.5994046388817835,False,False,0,False
2.7333333333333334,0.5350595827481798,0.5969996410389329,False,0.5202421944097892,0.5939467966062256,False,0.5686710477634377,0.6226859363031351,False,0.4984133595027912,0.5994046388817835,False,False,0,False
2.75,0.5257704601560711,0.5969996410389329,False,0.4791206596199236,0.5939467966062256,False,0.5847068607565916,0.6226859363031351,False,0.544874919026045,0.5994046388817835,False,False,0,False
2.7666666666666666,0.499481935621934,0.5969996410389329,False,0.4762741018490233,0.5939467966062256,False,0.5128843668935006,0.6226859363031351,False,0.5481921354035921,0.5994046388817835,False,False,0,False
2.783333333333333,0.49662117607145023,0.5969996410389329,False,0.4637154198779063,0.5939467966062256,False,0.5431054399936031,0.6226859363031351,False,0.5086051786792689,0.5994046388817835,False,False,0,False
2.8,0.5198839774862688,0.5969996410389329,False,0.5141923970465728,0.5939467966062256,False,0.5295909594047581,0.6226859363031351,False,0.48615706306180373,0.5994046388817835,False,False,0,False
2.816666666666667,0.49813665065662194,0.5969996410389329,False,0.5071993873326485,0.5939467966062256,False,0.5387813732462365,0.6226859363031351,False,0.4813834169968422,0.5994046388817835,False,False,0,False
2.833333333333333,0.5318701520715696,0.5969996410389329,False,0.49135723582440094,0.5939467966062256,False,0.5232498803024346,0.6226859363031351,False,0.519238641813263,0.5994046388817835,False,False,0,False
2.85,0.5766706508518009,0.5969996410389329,False,0.493015850881643,0.5939467966062256,False,0.5141286327784979,0.6226859363031351,False,0.4933278023039351,0.5994046388817835,False,False,0,False
2.8666666666666667,0.5464603212366113,0.5969996410389329,False,0.48333590522332415,0.5939467966062256,False,0.5105655354396559,0.6226859363031351,False,0.49171459029098774,0.5994046388817835,False,False,0,False
2.8833333333333333,0.5919791414098501,0.5969996410389329,False,0.5147720089732123,0.5939467966062256,False,0.5668938238452718,0.6226859363031351,False,0.5416345295826114,0.5994046388817835,False,False,0,False
2.9,0.5456578979872084,0.5969996410389329,False,0.4947449193442147,0.5939467966062256,False,0.5683538881415847,0.6226859363031351,False,0.5577961897862546,0.5994046388817835,False,False,0,False
2.9166666666666665,0.5656761118490392,0.5969996410389329,False,0.5113801057360589,0.5939467966062256,False,0.5743834105051787,0.6226859363031351,False,0.535560390296926,0.5994046388817835,False,False,0,False
2.933333333333333,0.5092085818539602,0.5969996410389329,False,0.5022034387903618,0.5939467966062256,False,0.5782535777626174,0.6226859363031351,False,0.5134571464976144,0.5994046388817835,False,False,0,False
2.95,0.5736807798204631,0.5969996410389329,False,0.5220666473285742,0.5939467966062256,False,0.5690223562727519,0.6226859363031351,False,0.5095040996179053,0.5994046388817835,False,False,0,False
2.966666666666667,0.5699126563016635,0.5969996410389329,False,0.5842619200881783,0.5939467966062256,False,0.5190718809963122,0.6226859363031351,False,0.5064248397772066,0.5994046388817835,False,False,0,False
2.9833333333333334,0.5395488954619458,0.5969996410389329,False,0.5813690166635367,0.5939467966062256,False,0.543182166111566,0.6226859363031351,False,0.5182387166843329,0.5994046388817835,False,False,0,False
3.0,0.5097697122589447,0.5969996410389329,False,0.5646600524678629,0.5939467966062256,False,0.4799874214393793,0.6226859363031351,False,0.5657378447601995,0.5994046388817835,False,False,0,False
3.0166666666666666,0.4888211258709059,0.5969996410389329,False,0.5168358208159232,0.5939467966062256,False,0.46511688798792605,0.6226859363031351,False,0.5175022956879468,0.5994046388817835,False,False,0,False
3.033333333333333,0.5404313465056532,0.5969996410389329,False,0.5370827190466384,0.5939467966062256,False,0.4664018908005108,0.6226859363031351,False,0.5053589827707444,0.5994046388817835,False,False,0,False
3.05,0.46760133529249936,0.5969996410389329,False,0.47874903320096807,0.5939467966062256,False,0.5330186210543573,0.6226859363031351,False,0.4929538024165208,0.5994046388817835,False,False,0,False
3.066666666666667,0.46645289617417024,0.5969996410389329,False,0.5329692095039535,0.5939467966062256,False,0.5468297457160578,0.6226859363031351,False,0.4975639474690036,0.5994046388817835,False,False,0,False
3.083333333333333,0.476261562900703,0.5969996410389329,False,0.5423881807624183,0.5939467966062256,False,0.4681061583985504,0.6226859363031351,False,0.5435371755114735,0.5994046388817835,False,False,0,False
3.1,0.4673095433490283,0.5969996410389329,False,0.4606267306222162,0.5939467966062256,False,0.47984134010227636,0.6226859363031351,False,0.5000484196408406,0.5994046388817835,False,False,0,False
3.1166666666666667,0.4647437135474846,0.5969996410389329,False,0.4762550837579285,0.5939467966062256,False,0.4796639584017169,0.6226859363031351,False,0.49230932747066347,0.5994046388817835,False,False,0,False
3.1333333333333333,0.47487766549921534,0.5969996410389329,False,0.4819755181125513,0.5939467966062256,False,0.5039922865515228,0.6226859363031351,False,0.5071116656884792,0.5994046388817835,False,False,0,False
3.15,0.4942564287555522,0.5969996410389329,False,0.5165774212501906,0.5939467966062256,False,0.5159562502973201,0.6226859363031351,False,0.5334794422829695,0.5994046388817835,False,False,0,False
3.1666666666666665,0.504216823838308,0.5969996410389329,False,0.49760111161235404,0.5939467966062256,False,0.45716238355227873,0.6226859363031351,False,0.5236082663164757,0.5994046388817835,False,False,0,False
3.183333333333333,0.47326564434351925,0.5969996410389329,False,0.5559951062426376,0.5939467966062256,False,0.4579947721982531,0.6226859363031351,False,0.4918976248375878,0.5994046388817835,False,False,0,False
3.2,0.5571225639656591,0.5969996410389329,False,0.5628564877085872,0.5939467966062256,False,0.4687333479831652,0.6226859363031351,False,0.4828971359142957,0.5994046388817835,False,False,0,False
3.216666666666667,0.47956279211399444,0.5969996410389329,False,0.48103428273809934,0.5939467966062256,False,0.4923568191109359,0.6226859363031351,False,0.48028501616480074,0.5994046388817835,False,False,0,False
3.2333333333333334,0.514859291839851,0.5969996410389329,False,0.47883519451871137,0.5939467966062256,False,0.47328109194850054,0.6226859363031351,False,0.508888013576517,0.5994046388817835,False,False,0,False
3.25,0.4939823273556833,0.5969996410389329,False,0.4697780277737129,0.5939467966062256,False,0.4673691527807056,0.6226859363031351,False,0.49946030700977645,0.5994046388817835,False,False,0,False
3.2666666666666666,0.49779151469408517,0.5969996410389329,False,0.5023709179378839,0.5939467966062256,False,0.48030460373081274,0.6226859363031351,False,0.4806983807443225,0.5994046388817835,False,False,0,False
3.283333333333333,0.4968401561930717,0.5969996410389329,False,0.5246706998956181,0.5939467966062256,False,0.4644556823112637,0.6226859363031351,False,0.4850132554930238,0.5994046388817835,False,False,0,False
3.3,0.5039130047073501,0.5969996410389329,False,0.5138831873332501,0.5939467966062256,False,0.5146416150925365,0.6226859363031351,False,0.4846978445004597,0.5994046388817835,False,False,0,False
3.316666666666667,0.5017221044073328,0.5969996410389329,False,0.4675739678993668,0.5939467966062256,False,0.4798145862930142,0.6226859363031351,False,0.4891775371357509,0.5994046388817835,False,False,0,False
3.333333333333333,0.514398456258957,0.5969996410389329,False,0.494037874268107,0.5939467966062256,False,0.5168783021474486,0.6226859363031351,False,0.5090299710848022,0.5994046388817835,False,False,0,False
3.35,0.5121049878379161,0.5969996410389329,False,0.47187174544287325,0.5939467966062256,False,0.49205081645165877,0.6226859363031351,False,0.49523154772806766,0.5994046388817835,False,False,0,False
3.3666666666666667,0.6049043740181722,0.5969996410389329,True,0.5576707773449476,0.5939467966062256,False,0.47889961022905037,0.6226859363031351,False,0.48103650931350894,0.5994046388817835,False,True,1,False
3.3833333333333333,0.5756974884996087,0.5969996410389329,False,0.5690370647023308,0.5939467966062256,False,0.5237006431063181,0.6226859363031351,False,0.550860466408255,0.5994046388817835,False,False,0,False
3.4,0.5098501698854053,0.5969996410389329,False,0.47216247420233426,0.5939467966062256,False,0.5166229238588288,0.6226859363031351,False,0.5042673073143827,0.5994046388817835,False,False,0,False
3.4166666666666665,0.5303964421204327,0.5969996410389329,False,0.47830107821180606,0.5939467966062256,False,0.486232326010812,0.6226859363031351,False,0.5188043886452001,0.5994046388817835,False,False,0,False
3.433333333333333,0.5123928060031407,0.5969996410389329,False,0.47443486275185465,0.5939467966062256,False,0.4893966063484452,0.6226859363031351,False,0.5178625106137351,0.5994046388817835,False,False,0,False
3.45,0.5008804482272288,0.5969996410389329,False,0.463359979626678,0.5939467966062256,False,0.48508738861976985,0.6226859363031351,False,0.5431075775170492,0.5994046388817835,False,False,0,False
3.466666666666667,0.49333072267245065,0.5969996410389329,False,0.4687149982648967,0.5939467966062256,False,0.4843676351455474,0.6226859363031351,False,0.5213982088622681,0.5994046388817835,False,False,0,False
3.4833333333333334,0.49196150338836403,0.5969996410389329,False,0.4646075312504279,0.5939467966062256,False,0.46782833590972406,0.6226859363031351,False,0.4909414450914063,0.5994046388817835,False,False,0,False
3.5,0.5062228909976294,0.5969996410389329,False,0.4677947915453039,0.5939467966062256,False,0.531402303923001,0.6226859363031351,False,0.4889116401319393,0.5994046388817835,False,False,0,False
3.5166666666666666,0.5020249742924789,0.5969996410389329,False,0.5015731100855928,0.5939467966062256,False,0.5104663112688489,0.6226859363031351,False,0.4827585733820801,0.5994046388817835,False,False,0,False
3.533333333333333,0.4671625874772308,0.5969996410389329,False,0.47830531028682954,0.5939467966062256,False,0.46326263437197535,0.6226859363031351,False,0.5169109419493922,0.5994046388817835,False,False,0,False
3.55,0.4701756599542104,0.5969996410389329,False,0.4561686215498544,0.5939467966062256,False,0.4569090757216994,0.6226859363031351,False,0.4690604739951416,0.5994046388817835,False,False,0,False
3.566666666666667,0.4668054467555003,0.5969996410389329,False,0.4699929327715687,0.5939467966062256,False,0.45264717181228004,0.6226859363031351,False,0.4783420438442012,0.5994046388817835,False,False,0,False
3.583333333333333,0.47633546454039016,0.5969996410389329,False,0.4510225663997194,0.5939467966062256,False,0.46440409027005464,0.6226859363031351,False,0.5173155395878627,0.5994046388817835,False,False,0,False
3.6,0.4701624459422866,0.5969996410389329,False,0.4663889886094247,0.5939467966062256,False,0.481338898756438,0.6226859363031351,False,0.5004091966815395,0.5994046388817835,False,False,0,False
3.6166666666666663,0.47146000710207925,0.5969996410389329,False,0.44735340686603997,0.5939467966062256,False,0.44405138920231263,0.6226859363031351,False,0.5062066838804716,0.5994046388817835,False,False,0,False
3.633333333333333,0.5318779128359465,0.5969996410389329,False,0.48130030826791453,0.5939467966062256,False,0.449008216415915,0.6226859363031351,False,0.49696730911355225,0.5994046388817835,False,False,0,False
3.65,0.5072438165230316,0.5969996410389329,False,0.45692814055313447,0.5939467966062256,False,0.4779006574681647,0.6226859363031351,False,0.5132935642508165,0.5994046388817835,False,False,0,False
3.6666666666666665,0.48537718537939767,0.5969996410389329,False,0.4496542530707754,0.5939467966062256,False,0.5280074820920956,0.6226859363031351,False,0.5358176889853373,0.5994046388817835,False,False,0,False
3.683333333333333,0.47743663284175514,0.5969996410389329,False,0.571500294955523,0.5939467966062256,False,0.4607706496789368,0.6226859363031351,False,0.5174862154062858,0.5994046388817835,False,False,0,False
3.7,0.4597010514778473,0.5969996410389329,False,0.4975815330664132,0.5939467966062256,False,0.4759793667187481,0.6226859363031351,False,0.5074009348435421,0.5994046388817835,False,False,0,False
3.716666666666667,0.5343630904637268,0.5969996410389329,False,0.5105303555922289,0.5939467966062256,False,0.5056458972745186,0.6226859363031351,False,0.48146686345546036,0.5994046388817835,False,False,0,False
3.733333333333333,0.47345236702754573,0.5969996410389329,False,0.4590683893478401,0.5939467966062256,False,0.4467228814526433,0.6226859363031351,False,0.48237682516895225,0.5994046388817835,False,False,0,False
3.75,0.49489343297755295,0.5969996410389329,False,0.463485708797629,0.5939467966062256,False,0.42941618936632076,0.6226859363031351,False,0.49004340727257106,0.5994046388817835,False,False,0,False
3.7666666666666666,0.503814962132041,0.5969996410389329,False,0.4471531350000731,0.5939467966062256,False,0.44874929268126557,0.6226859363031351,False,0.4653554368222366,0.5994046388817835,False,False,0,False
3.783333333333333,0.5035874914360764,0.5969996410389329,False,0.44583227710450307,0.5939467966062256,False,0.5028116672007995,0.6226859363031351,False,0.4881918524971881,0.5994046388817835,False,False,0,False
3.8,0.5272686243980997,0.5969996410389329,False,0.4591410612949691,0.5939467966062256,False,0.45782950452108967,0.6226859363031351,False,0.4677889145721449,0.5994046388817835,False,False,0,False
3.816666666666667,0.5091780891110425,0.5969996410389329,False,0.44829408955674804,0.5939467966062256,False,0.4516761729747284,0.6226859363031351,False,0.4708477643707268,0.5994046388817835,False,False,0,False
3.8333333333333335,0.5101534118628077,0.5969996410389329,False,0.44242452803239496,0.5939467966062256,False,0.4689905547674179,0.6226859363031351,False,0.4960056133909006,0.5994046388817835,False,False,0,False
3.85,0.5092949507301233,0.5969996410389329,False,0.4445271484290701,0.5939467966062256,False,0.45671519908901337,0.6226859363031351,False,0.47231449851864477,0.5994046388817835,False,False,0,False
3.8666666666666663,0.5074969733978943,0.5969996410389329,False,0.4466857531964329,0.5939467966062256,False,0.4602926707849648,0.6226859363031351,False,0.4976498984488527,0.5994046388817835,False,False,0,False
3.883333333333333,0.5171976193211195,0.5969996410389329,False,0.4457622539156143,0.5939467966062256,False,0.46410015656213377,0.6226859363031351,False,0.500002543843141,0.5994046388817835,False,False,0,False
3.9,0.5387673926065248,0.5969996410389329,False,0.45861220515362644,0.5939467966062256,False,0.4864812983373114,0.6226859363031351,False,0.5024654355875068,0.5994046388817835,False,False,0,False
3.9166666666666665,0.5482272012401298,0.5969996410389329,False,0.5132941759068641,0.5939467966062256,False,0.513261837741835,0.6226859363031351,False,0.5121084837951625,0.5994046388817835,False,False,0,False
3.933333333333333,0.5580131359390603,0.5969996410389329,False,0.5609792220504707,0.5939467966062256,False,0.4958184560413292,0.6226859363031351,False,0.49408490220990253,0.5994046388817835,False,False,0,False
3.95,0.509398215633332,0.5969996410389329,False,0.5103967214795403,0.5939467966062256,False,0.4847601238830525,0.6226859363031351,False,0.4832046278705956,0.5994046388817835,False,False,0,False
3.966666666666667,0.5678844399852158,0.5969996410389329,False,0.5384565787493981,0.5939467966062256,False,0.47828243501117057,0.6226859363031351,False,0.46942481756731513,0.5994046388817835,False,False,0,False
3.983333333333333,0.5011416238059461,0.5969996410389329,False,0.5272696788137635,0.5939467966062256,False,0.5532695073280659,0.6226859363031351,False,0.4893081683988677,0.5994046388817835,False,False,0,False
4.0,0.5571838592479219,0.5969996410389329,False,0.6043311565394696,0.5939467966062256,True,0.547074995261591,0.6226859363031351,False,0.4838416429030774,0.5994046388817835,False,True,1,False
4.016666666666667,0.5668203781433147,0.5969996410389329,False,0.49458157440861994,0.5939467966062256,False,0.49977261526021005,0.6226859363031351,False,0.5262374546055867,0.5994046388817835,False,False,0,False
4.033333333333333,0.5232910229592543,0.5969996410389329,False,0.5183976130332238,0.5939467966062256,False,0.4893176164098,0.6226859363031351,False,0.5147562493555965,0.5994046388817835,False,False,0,False
4.05,0.5170748885012469,0.5969996410389329,False,0.47425709157772933,0.5939467966062256,False,0.49384577428641646,0.6226859363031351,False,0.5084459185608868,0.5994046388817835,False,False,0,False
4.066666666666666,0.5426120768005444,0.5969996410389329,False,0.5023279052654329,0.5939467966062256,False,0.5147520719025123,0.6226859363031351,False,0.480928411084342,0.5994046388817835,False,False,0,False
4.083333333333333,0.5742896725278464,0.5969996410389329,False,0.48380188178426375,0.5939467966062256,False,0.5220386215631164,0.6226859363031351,False,0.4970952313040178,0.5994046388817835,False,False,0,False
4.1,0.5220052716415376,0.5969996410389329,False,0.49463106771347204,0.5939467966062256,False,0.5025125996902698,0.6226859363031351,False,0.49853214477033375,0.5994046388817835,False,False,0,False
4.116666666666666,0.5887083149093824,0.5969996410389329,False,0.49504711948682617,0.5939467966062256,False,0.5098650193132879,0.6226859363031351,False,0.4780213804556426,0.5994046388817835,False,False,0,False
4.133333333333334,0.5607620742083821,0.5969996410389329,False,0.47442113630943406,0.5939467966062256,False,0.5323066583482665,0.6226859363031351,False,0.4861620894089481,0.5994046388817835,False,False,0,False
4.15,0.5428529154930324,0.5969996410389329,False,0.4860150060294781,0.5939467966062256,False,0.5202887665754504,0.6226859363031351,False,0.5177643484562756,0.5994046388817835,False,False,0,False
4.166666666666667,0.524785431824264,0.5969996410389329,False,0.5051097748773979,0.5939467966062256,False,0.5219350518666086,0.6226859363031351,False,0.5717722473771527,0.5994046388817835,False,False,0,False
4.183333333333334,0.5442986954131978,0.5969996410389329,False,0.48231051081504683,0.5939467966062256,False,0.5308314263828025,0.6226859363031351,False,0.4982846600682343,0.5994046388817835,False,False,0,False
4.2,0.53372845971114,0.5969996410389329,False,0.5012597016878862,0.5939467966062256,False,0.49789312381708145,0.6226859363031351,False,0.4622577673275699,0.5994046388817835,False,False,0,False
4.216666666666667,0.5319034895883791,0.5969996410389329,False,0.49789257590665076,0.5939467966062256,False,0.5473564030648437,0.6226859363031351,False,0.47886927402637125,0.5994046388817835,False,False,0,False
4.233333333333333,0.5646188042776171,0.5969996410389329,False,0.4937120238393303,0.5939467966062256,False,0.5454730146678077,0.6226859363031351,False,0.48062243107073505,0.5994046388817835,False,False,0,False
4.25,0.5240179630245777,0.5969996410389329,False,0.48384683551517566,0.5939467966062256,False,0.5172306102135792,0.6226859363031351,False,0.4997352643856901,0.5994046388817835,False,False,0,False
4.266666666666667,0.5168739921150928,0.5969996410389329,False,0.512534748551919,0.5939467966062256,False,0.5210885952067539,0.6226859363031351,False,0.4866451137202078,0.5994046388817835,False,False,0,False
4.283333333333333,0.49934514776835387,0.5969996410389329,False,0.47701232285037387,0.5939467966062256,False,0.5379227992617508,0.6226859363031351,False,0.48053512827084205,0.5994046388817835,False,False,0,False
4.3,0.4867226833468865,0.5969996410389329,False,0.49001503553034853,0.5939467966062256,False,0.5065300088042942,0.6226859363031351,False,0.48496012553462664,0.5994046388817835,False,False,0,False
4.316666666666666,0.5381644152911358,0.5969996410389329,False,0.49649348539636445,0.5939467966062256,False,0.4887064428557151,0.6226859363031351,False,0.48866817967563186,0.5994046388817835,False,False,0,False
4.333333333333333,0.5912096272863062,0.5969996410389329,False,0.515528450341064,0.5939467966062256,False,0.5001421889389597,0.6226859363031351,False,0.4840145660737216,0.5994046388817835,False,False,0,False
4.35,0.5314207551781707,0.5969996410389329,False,0.4790329075459073,0.5939467966062256,False,0.48256297175626306,0.6226859363031351,False,0.4803104412832735,0.5994046388817835,False,False,0,False
4.366666666666666,0.5882725543324026,0.5969996410389329,False,0.5112989523691902,0.5939467966062256,False,0.48411421369554847,0.6226859363031351,False,0.4851015244775851,0.5994046388817835,False,False,0,False
4.383333333333334,0.5346233960319264,0.5969996410389329,False,0.48339759804298305,0.5939467966062256,False,0.5445371500745204,0.6226859363031351,False,0.484599723754791,0.5994046388817835,False,False,0,False
4.4,0.5213351565813832,0.5969996410389329,False,0.48960289844543803,0.5939467966062256,False,0.4877430360253971,0.6226859363031351,False,0.4813765220179482,0.5994046388817835,False,False,0,False
4.416666666666667,0.5251870690091501,0.5969996410389329,False,0.4847810691832426,0.5939467966062256,False,0.47687181714175086,0.6226859363031351,False,0.5251773081080753,0.5994046388817835,False,False,0,False
4.433333333333334,0.4981572038644876,0.5969996410389329,False,0.49208961785924654,0.5939467966062256,False,0.5126706271921172,0.6226859363031351,False,0.4805152763781657,0.5994046388817835,False,False,0,False
4.45,0.49820659580515125,0.5969996410389329,False,0.4886546490754253,0.5939467966062256,False,0.4850536089260047,0.6226859363031351,False,0.5385579220729639,0.5994046388817835,False,False,0,False
4.466666666666667,0.5096302499810211,0.5969996410389329,False,0.5479214655436924,0.5939467966062256,False,0.479098369263439,0.6226859363031351,False,0.4788606553043885,0.5994046388817835,False,False,0,False
4.483333333333333,0.5167319889606515,0.5969996410389329,False,0.5594611974931657,0.5939467966062256,False,0.4807971168873757,0.6226859363031351,False,0.49736234800998347,0.5994046388817835,False,False,0,False
4.5,0.5128521311590877,0.5969996410389329,False,0.5442409226039185,0.5939467966062256,False,0.41956140141925613,0.6226859363031351,False,0.5236772326228848,0.5994046388817835,False,False,0,False
4.516666666666667,0.48380147601897516,0.5969996410389329,False,0.5204149482768499,0.5939467966062256,False,0.46608831868765477,0.6226859363031351,False,0.5182353925340116,0.5994046388817835,False,False,0,False
4.533333333333333,0.48399604920537476,0.5969996410389329,False,0.5068630322119521,0.5939467966062256,False,0.46414484333523415,0.6226859363031351,False,0.49883377129631035,0.5994046388817835,False,False,0,False
4.55,0.49437262629221856,0.5969996410389329,False,0.5086402455956146,0.5939467966062256,False,0.42159953491243296,0.6226859363031351,False,0.48287748031057115,0.5994046388817835,False,False,0,False
4.566666666666666,0.47274712203066915,0.5969996410389329,False,0.4749137315310782,0.5939467966062256,False,0.4862791603094946,0.6226859363031351,False,0.4713160677019099,0.5994046388817835,False,False,0,False
4.583333333333333,0.4755877060336091,0.5969996410389329,False,0.47293091343384763,0.5939467966062256,False,0.4855412455681082,0.6226859363031351,False,0.4970471250928811,0.5994046388817835,False,False,0,False
4.6,0.48853188340553855,0.5969996410389329,False,0.4844567111678933,0.5939467966062256,False,0.42139911860460993,0.6226859363031351,False,0.47740574338346276,0.5994046388817835,False,False,0,False
4.616666666666666,0.46649102895980493,0.5969996410389329,False,0.458470917434723,0.5939467966062256,False,0.4901428804483376,0.6226859363031351,False,0.46391780039097585,0.5994046388817835,False,False,0,False
4.633333333333334,0.47072574127749117,0.5969996410389329,False,0.4635117112455293,0.5939467966062256,False,0.479109411089158,0.6226859363031351,False,0.4697689173985917,0.5994046388817835,False,False,0,False
4.65,0.4724333377815975,0.5969996410389329,False,0.47685614522726394,0.5939467966062256,False,0.47785737883952767,0.6226859363031351,False,0.5043927795361408,0.5994046388817835,False,False,0,False
4.666666666666667,0.5447834776066688,0.5969996410389329,False,0.5468716688968085,0.5939467966062256,False,0.4449589003910745,0.6226859363031351,False,0.5248674081942237,0.5994046388817835,False,False,0,False
4.683333333333334,0.4819104774644898,0.5969996410389329,False,0.5012531562607738,0.5939467966062256,False,0.4233839634455522,0.6226859363031351,False,0.5062316926593756,0.5994046388817835,False,False,0,False
4.7,0.46886702971027816,0.5969996410389329,False,0.4628712902026186,0.5939467966062256,False,0.5111994430109725,0.6226859363031351,False,0.4621986365619386,0.5994046388817835,False,False,0,False
4.716666666666667,0.468934406605679,0.5969996410389329,False,0.4586546782921312,0.5939467966062256,False,0.4423722731800619,0.6226859363031351,False,0.4607054099092349,0.5994046388817835,False,False,0,False
4.733333333333333,0.4844136138639073,0.5969996410389329,False,0.45618448094014685,0.5939467966062256,False,0.49761910900083006,0.6226859363031351,False,0.47188837670481276,0.5994046388817835,False,False,0,False
4.75,0.4983139618838584,0.5969996410389329,False,0.4765115119172575,0.5939467966062256,False,0.5273173675268561,0.6226859363031351,False,0.5527771438463525,0.5994046388817835,False,False,0,False
4.766666666666667,0.48591541782369546,0.5969996410389329,False,0.48536310964871293,0.5939467966062256,False,0.43861312950461373,0.6226859363031351,False,0.4863753431079159,0.5994046388817835,False,False,0,False
4.783333333333333,0.5164987682029183,0.5969996410389329,False,0.5009710731024695,0.5939467966062256,False,0.4748977979039173,0.6226859363031351,False,0.520844104950138,0.5994046388817835,False,False,0,False
4.8,0.5101556224193751,0.5969996410389329,False,0.4798342553534429,0.5939467966062256,False,0.45592866458388254,0.6226859363031351,False,0.4866233952956177,0.5994046388817835,False,False,0,False
4.816666666666666,0.5069587896052147,0.5969996410389329,False,0.4713517918747021,0.5939467966062256,False,0.466792939054417,0.6226859363031351,False,0.4679290453736109,0.5994046388817835,False,False,0,False
4.833333333333333,0.5192053486493589,0.5969996410389329,False,0.4762078789276283,0.5939467966062256,False,0.5007672166613544,0.6226859363031351,False,0.5507372280456867,0.5994046388817835,False,False,0,False
4.85,0.5233574526712182,0.5969996410389329,False,0.4669546267280256,0.5939467966062256,False,0.5203783712434955,0.6226859363031351,False,0.47587087491719987,0.5994046388817835,False,False,0,False
4.866666666666666,0.5860099441403991,0.5969996410389329,False,0.5264475679905959,0.5939467966062256,False,0.5018907140407793,0.6226859363031351,False,0.4926124409089537,0.5994046388817835,False,False,0,False
4.883333333333334,0.5424158170771483,0.5969996410389329,False,0.5007986721058048,0.5939467966062256,False,0.46906577095845065,0.6226859363031351,False,0.48310596075654116,0.5994046388817835,False,False,0,False
4.9,0.5253300354183056,0.5969996410389329,False,0.484826868521666,0.5939467966062256,False,0.4917056571438343,0.6226859363031351,False,0.4909262831281572,0.5994046388817835,False,False,0,False
4.916666666666667,0.5496708088495511,0.5969996410389329,False,0.498293183403432,0.5939467966062256,False,0.5439951106308588,0.6226859363031351,False,0.5151752367729467,0.5994046388817835,False,False,0,False
4.933333333333334,0.5344538121868232,0.5969996410389329,False,0.5106673212160265,0.5939467966062256,False,0.49831688262135815,0.6226859363031351,False,0.4942657302090188,0.5994046388817835,False,False,0,False
4.95,0.5115525711382791,0.5969996410389329,False,0.48077019461479414,0.5939467966062256,False,0.4317672179516578,0.6226859363031351,False,0.47395769568069207,0.5994046388817835,False,False,0,False
4.966666666666667,0.48688368353912553,0.5969996410389329,False,0.4526760494585036,0.5939467966062256,False,0.4438652884064626,0.6226859363031351,False,0.4679085401372957,0.5994046388817835,False,False,0,False
4.983333333333333,0.5212554717629317,0.5969996410389329,False,0.47862229601835843,0.5939467966062256,False,0.4680192375682477,0.6226859363031351,False,0.48313923389993796,0.5994046388817835,False,False,0,False
5.0,0.5066150195203768,0.5969996410389329,False,0.4665398635205433,0.5939467966062256,False,0.4297168597388217,0.6226859363031351,False,0.49316374478391006,0.5994046388817835,False,False,0,False
5.016666666666667,0.5070362465618002,0.5969996410389329,False,0.4654916121356168,0.5939467966062256,False,0.46273939809825365,0.6226859363031351,False,0.5187293767040791,0.5994046388817835,False,False,0,False
5.033333333333333,0.49666653770197616,0.5969996410389329,False,0.4683810864776149,0.5939467966062256,False,0.525704461723069,0.6226859363031351,False,0.5071779763394975,0.5994046388817835,False,False,0,False
5.05,0.4739314777243028,0.5969996410389329,False,0.48830324588156293,0.5939467966062256,False,0.45672575232858,0.6226859363031351,False,0.525609571206344,0.5994046388817835,False,False,0,False
5.066666666666666,0.4732039301135382,0.5969996410389329,False,0.44394503589531775,0.5939467966062256,False,0.4193011717410276,0.6226859363031351,False,0.48982476681881454,0.5994046388817835,False,False,0,False
5.083333333333333,0.4898266144291636,0.5969996410389329,False,0.455519390968983,0.5939467966062256,False,0.4505472675646052,0.6226859363031351,False,0.4963801227444396,0.5994046388817835,False,False,0,False
5.1,0.47707792018936124,0.5969996410389329,False,0.4486071180715272,0.5939467966062256,False,0.42352601865967365,0.6226859363031351,False,0.471782304572665,0.5994046388817835,False,False,0,False
5.116666666666666,0.46928223308793293,0.5969996410389329,False,0.4544774956106374,0.5939467966062256,False,0.4662309257015442,0.6226859363031351,False,0.4709771898295119,0.5994046388817835,False,False,0,False
5.133333333333334,0.4988380669089064,0.5969996410389329,False,0.45116381061194044,0.5939467966062256,False,0.5247354242885925,0.6226859363031351,False,0.47258576765667176,0.5994046388817835,False,False,0,False
5.15,0.5012604223404888,0.5969996410389329,False,0.4803719736605423,0.5939467966062256,False,0.49168757031617977,0.6226859363031351,False,0.4732241293363678,0.5994046388817835,False,False,0,False
5.166666666666667,0.5192295013948482,0.5969996410389329,False,0.49117717363366004,0.5939467966062256,False,0.4500420925103377,0.6226859363031351,False,0.5180133893679469,0.5994046388817835,False,False,0,False
5.183333333333334,0.48662501488069027,0.5969996410389329,False,0.460751653052175,0.5939467966062256,False,0.43786159565620836,0.6226859363031351,False,0.4924666699501614,0.5994046388817835,False,False,0,False
5.2,0.4784448329402117,0.5969996410389329,False,0.4848029014954114,0.5939467966062256,False,0.43990006803978265,0.6226859363031351,False,0.48286337406350066,0.5994046388817835,False,False,0,False
5.216666666666667,0.50840259652589,0.5969996410389329,False,0.5611089792317517,0.5939467966062256,False,0.42315072561964584,0.6226859363031351,False,0.4674027268521576,0.5994046388817835,False,False,0,False
5.233333333333333,0.4762061509167299,0.5969996410389329,False,0.4502452724751811,0.5939467966062256,False,0.42648798642901004,0.6226859363031351,False,0.5205379141310412,0.5994046388817835,False,False,0,False
5.25,0.494007985444587,0.5969996410389329,False,0.49223502340022574,0.5939467966062256,False,0.46524787976717036,0.6226859363031351,False,0.4724660991039255,0.5994046388817835,False,False,0,False
5.266666666666667,0.5053207228515578,0.5969996410389329,False,0.4828625449345388,0.5939467966062256,False,0.48033846358947835,0.6226859363031351,False,0.46933446349953406,0.5994046388817835,False,False,0,False
5.283333333333333,0.526810007102178,0.5969996410389329,False,0.4604796180082734,0.5939467966062256,False,0.4078891364380694,0.6226859363031351,False,0.45471961997910554,0.5994046388817835,False,False,0,False
5.3,0.5172668254146432,0.5969996410389329,False,0.4414981232969122,0.5939467966062256,False,0.45272982908466236,0.6226859363031351,False,0.47194772826553855,0.5994046388817835,False,False,0,False
5.316666666666666,0.5143610021284587,0.5969996410389329,False,0.4742066769608808,0.5939467966062256,False,0.4579939060668677,0.6226859363031351,False,0.49226489387447503,0.5994046388817835,False,False,0,False
5.333333333333333,0.5072268290023327,0.5969996410389329,False,0.46890187508564735,0.5939467966062256,False,0.5092283784530522,0.6226859363031351,False,0.4954070451356514,0.5994046388817835,False,False,0,False
5.35,0.569344640897304,0.5969996410389329,False,0.49235661449998214,0.5939467966062256,False,0.42374416510337765,0.6226859363031351,False,0.46279174338314044,0.5994046388817835,False,False,0,False
5.366666666666666,0.5261475914835855,0.5969996410389329,False,0.4561477210009353,0.5939467966062256,False,0.45023752758054286,0.6226859363031351,False,0.4636876364528925,0.5994046388817835,False,False,0,False
5.383333333333334,0.5285141368372679,0.5969996410389329,False,0.4764104074540112,0.5939467966062256,False,0.41271231228334315,0.6226859363031351,False,0.5189986731940084,0.5994046388817835,False,False,0,False
5.4,0.5228199859139661,0.5969996410389329,False,0.4396561839593101,0.5939467966062256,False,0.46575777294065424,0.6226859363031351,False,0.5003944479528516,0.5994046388817835,False,False,0,False
5.416666666666667,0.5526138704221,0.5969996410389329,False,0.46721979731345903,0.5939467966062256,False,0.42760294865594156,0.6226859363031351,False,0.5111807511199183,0.5994046388817835,False,False,0,False
5.433333333333334,0.5764632306291902,0.5969996410389329,False,0.5838259204746069,0.5939467966062256,False,0.5012573607163885,0.6226859363031351,False,0.4735379711783118,0.5994046388817835,False,False,0,False
5.45,0.5219775216587432,0.5969996410389329,False,0.5604128978505252,0.5939467966062256,False,0.44877348287853414,0.6226859363031351,False,0.5253732876643253,0.5994046388817835,False,False,0,False
5.466666666666667,0.501468705774937,0.5969996410389329,False,0.5126662856708346,0.5939467966062256,False,0.4362810247470069,0.6226859363031351,False,0.46805869976180703,0.5994046388817835,False,False,0,False
5.483333333333333,0.5043013670557326,0.5969996410389329,False,0.49032705640092966,0.5939467966062256,False,0.4421513868877975,0.6226859363031351,False,0.4813023351105765,0.5994046388817835,False,False,0,False
5.5,0.514462157964191,0.5969996410389329,False,0.4869386142901195,0.5939467966062256,False,0.5269030243705346,0.6226859363031351,False,0.49223970294662,0.5994046388817835,False,False,0,False
5.516666666666667,0.5387752586018294,0.5969996410389329,False,0.5373662969650895,0.5939467966062256,False,0.48319749796635514,0.6226859363031351,False,0.48049515618442523,0.5994046388817835,False,False,0,False
5.533333333333333,0.521690519201487,0.5969996410389329,False,0.5706382864622105,0.5939467966062256,False,0.5316606972389053,0.6226859363031351,False,0.4626367235641348,0.5994046388817835,False,False,0,False
5.55,0.5144403328231386,0.5969996410389329,False,0.48705632238465396,0.5939467966062256,False,0.47077504322684727,0.6226859363031351,False,0.505394646517107,0.5994046388817835,False,False,0,False
5.566666666666666,0.5206876045741882,0.5969996410389329,False,0.47560811844822637,0.5939467966062256,False,0.4957541207084292,0.6226859363031351,False,0.5083227239986896,0.5994046388817835,False,False,0,False
5.583333333333333,0.5638005049078184,0.5969996410389329,False,0.4831963614720473,0.5939467966062256,False,0.5563097253084457,0.6226859363031351,False,0.48167416941422336,0.5994046388817835,False,False,0,False
5.6,0.5309494771907459,0.5969996410389329,False,0.4996836285473226,0.5939467966062256,False,0.49176386774805547,0.6226859363031351,False,0.49685387303653417,0.5994046388817835,False,False,0,False
5.616666666666666,0.541946510633339,0.5969996410389329,False,0.5031584594446351,0.5939467966062256,False,0.49248006350776874,0.6226859363031351,False,0.4666096031921828,0.5994046388817835,False,False,0,False
5.633333333333334,0.5455838788255872,0.5969996410389329,False,0.4682733917646746,0.5939467966062256,False,0.530358751148781,0.6226859363031351,False,0.47563802528292487,0.5994046388817835,False,False,0,False
5.65,0.521082979835782,0.5969996410389329,False,0.48335210669559203,0.5939467966062256,False,0.5300193240343065,0.6226859363031351,False,0.48889327553815215,0.5994046388817835,False,False,0,False
5.666666666666667,0.5326353161691362,0.5969996410389329,False,0.5031094482368024,0.5939467966062256,False,0.4686398075527599,0.6226859363031351,False,0.5431502696502436,0.5994046388817835,False,False,0,False
5.683333333333334,0.5460972227767026,0.5969996410389329,False,0.5389675535704095,0.5939467966062256,False,0.5257589600353304,0.6226859363031351,False,0.4810705843403009,0.5994046388817835,False,False,0,False
5.7,0.6063742904557289,0.5969996410389329,True,0.5342889655189295,0.5939467966062256,False,0.560595254862999,0.6226859363031351,False,0.4713840444965577,0.5994046388817835,False,True,1,False
5.716666666666667,0.5627378281363583,0.5969996410389329,False,0.4988078177760416,0.5939467966062256,False,0.4851519872170872,0.6226859363031351,False,0.4736787267120719,0.5994046388817835,False,False,0,False
5.733333333333333,0.5924501624120448,0.5969996410389329,False,0.5272598233216932,0.5939467966062256,False,0.4635953420133242,0.6226859363031351,False,0.46929492660785577,0.5994046388817835,False,False,0,False
5.75,0.5317845405827762,0.5969996410389329,False,0.5051796485543106,0.5939467966062256,False,0.48408931947096395,0.6226859363031351,False,0.498870732847928,0.5994046388817835,False,False,0,False
5.766666666666667,0.5224976623866365,0.5969996410389329,False,0.49955851631627474,0.5939467966062256,False,0.4462322802221896,0.6226859363031351,False,0.4721573701449094,0.5994046388817835,False,False,0,False
5.783333333333333,0.4892589339094753,0.5969996410389329,False,0.4819813662356609,0.5939467966062256,False,0.4975868258060873,0.6226859363031351,False,0.4682795934545668,0.5994046388817835,False,False,0,False
5.8,0.4857118429415879,0.5969996410389329,False,0.46976355402616776,0.5939467966062256,False,0.49402245172683334,0.6226859363031351,False,0.4588128765226753,0.5994046388817835,False,False,0,False
5.816666666666666,0.5093700681419524,0.5969996410389329,False,0.48492121728117343,0.5939467966062256,False,0.4587847304308634,0.6226859363031351,False,0.459572294702231,0.5994046388817835,False,False,0,False
5.833333333333333,0.5282100396327295,0.5969996410389329,False,0.4975061808350905,0.5939467966062256,False,0.5022240968856864,0.6226859363031351,False,0.4748588337175036,0.5994046388817835,False,False,0,False
5.85,0.5351641517619077,0.5969996410389329,False,0.5285892113435187,0.5939467966062256,False,0.4650050699401331,0.6226859363031351,False,0.4895001560443311,0.5994046388817835,False,False,0,False
5.866666666666666,0.5607316638854117,0.5969996410389329,False,0.5285748305631753,0.5939467966062256,False,0.48655372977953454,0.6226859363031351,False,0.45470466531011644,0.5994046388817835,False,False,0,False
5.883333333333334,0.5500437442977134,0.5969996410389329,False,0.4907710690188186,0.5939467966062256,False,0.4734072711436396,0.6226859363031351,False,0.540752341277028,0.5994046388817835,False,False,0,False
5.9,0.5158537261639033,0.5969996410389329,False,0.4949510450512317,0.5939467966062256,False,0.5270417957182881,0.6226859363031351,False,0.5160139780781838,0.5994046388817835,False,False,0,False
5.916666666666667,0.5346819228409526,0.5969996410389329,False,0.5176703538534273,0.5939467966062256,False,0.4723925114020995,0.6226859363031351,False,0.48848320207663576,0.5994046388817835,False,False,0,False
5.933333333333334,0.5144313022484301,0.5969996410389329,False,0.4856707430370107,0.5939467966062256,False,0.4779796473539329,0.6226859363031351,False,0.5000784908798513,0.5994046388817835,False,False,0,False
5.95,0.5003428847846608,0.5969996410389329,False,0.5096329095658372,0.5939467966062256,False,0.5714302499057673,0.6226859363031351,False,0.4744353066059637,0.5994046388817835,False,False,0,False
5.966666666666667,0.5187894731926046,0.5969996410389329,False,0.5604612691270549,0.5939467966062256,False,0.5245855047068607,0.6226859363031351,False,0.5098133125744381,0.5994046388817835,False,False,0,False
5.983333333333333,0.5148704029863063,0.5969996410389329,False,0.5700587993631482,0.5939467966062256,False,0.5826484880098738,0.6226859363031351,False,0.48289220494738716,0.5994046388817835,False,False,0,False
6.0,0.5397297613371632,0.5969996410389329,False,0.5988071484139301,0.5939467966062256,True,0.5033885761349151,0.6226859363031351,False,0.4896355663536557,0.5994046388817835,False,True,1,False
