time_s,time_min,in_sunlight,solar_power_w,load_power_w,battery_power_w,battery_voltage_v,battery_current_a,battery_soc,battery_soc_percent
0.0,0.0,1,600.0,350.0,-250.0,29.61488095238095,-8.44170200791912,0.903720238095238,90.37202380952381
60.0,1.0,1,601.2556165273943,354.15823381635516,-247.09738271103913,29.629589129923275,-8.339548065534684,0.9073972824808191,90.7397282480819
120.0,2.0,1,602.5051158172811,358.134732861516,-244.37038295576508,29.644134986051597,-8.243464788928678,0.9110337465128988,91.10337465128988
180.0,3.0,1,603.7424104347197,361.7557050458495,-241.98670538887018,29.658538956610457,-8.159090565549752,0.9146347391526143,91.46347391526143
240.0,4.0,1,604.961472404706,364.8628965095479,-240.0985758951581,29.67283053850898,-8.091529238626613,0.9182076346272446,91.82076346272446
300.0,5.0,1,606.156362579862,367.3205080756888,-238.83585450417326,29.68704695841994,-8.045119975681306,0.9217617396049854,92.17617396049855
360.0,6.0,1,607.3212595753644,369.0211303259031,-238.3001292494613,29.701231489922886,-8.023240697285983,0.9253078724807214,92.53078724807214
420.0,7.0,1,608.450488130146,369.8904379073655,-238.56005022278055,29.715431492912337,-8.028153664188972,0.9288578732280842,92.88578732280843
480.0,8.0,1,609.5385467561977,369.8904379073655,-239.64810884883218,29.729696261296198,-8.060900008615953,0.932424065324049,93.2424065324049
540.0,9.0,1,610.5801345412646,369.0211303259031,-241.55900421536148,29.74407477345187,-8.121247880635556,0.9360186933629682,93.60186933629682
600.0,10.0,1,611.5701769743577,367.3205080756888,-244.24966889866886,29.75861344421965,-8.207696549992056,0.9396533610549126,93.96533610549126
660.0,11.0,1,612.503850668262,364.8628965095479,-247.64095415871407,29.77335397720529,-8.317536356445093,0.9433384943013219,94.33384943013219
720.0,12.0,1,613.376606858593,361.7557050458495,-251.62090181274357,29.788331411837,-8.446961944056957,0.9470828529592498,94.70828529592498
780.0,13.0,1,614.184193564921,358.134732861516,-256.049460703405,29.803572451164584,-8.59123385704722,0.9508931127911456,95.08931127911457
840.0,14.0,1,614.9226763059908,354.15823381635516,-260.7644424896356,29.819094144169917,-8.744881424931515,0.9547735360424795,95.47735360424795
900.0,15.0,1,615.5884572681198,350.0,-265.5884572681198,29.83490298091207,-8.901938023329231,0.958725745228017,95.8725745228017
960.0,16.0,1,616.178292833385,345.84176618364484,-270.3365266497401,29.850994440831695,-9.056198351635487,0.9627486102079238,96.27486102079239
1020.0,17.0,1,616.6893093822022,341.865267138484,-274.82404224371817,29.867353014774775,-9.20148638909408,0.9668382536936934,96.68382536936933
1080.0,18.0,1,617.1190172933127,338.2442949541505,-278.8747223391622,29.883952700628296,-9.331922223705668,0.9709881751570738,97.09881751570738
1140.0,19.0,1,617.465323072968,335.1371034904521,-282.3282195825159,29.90075795179392,-9.44217601566108,0.9751894879484803,97.51894879484803
1200.0,20.0,1,617.7265395542198,332.6794919243112,-285.0470476299086,29.917725037962366,-9.527697953912426,0.979431259490592,97.9431259490592
1260.0,21.0,1,617.9013941166289,330.9788696740969,-286.922524442532,29.934803759655377,-9.584914160327042,0.983700939913844,98.3700939913844
1320.0,22.0,1,617.9890348863438,330.1095620926345,-287.8794727937093,29.951939442559762,-9.611380035866768,0.9879848606399408,98.79848606399409
1380.0,23.0,1,617.9890348863438,330.1095620926345,-287.8794727937093,29.96907512546415,-9.605884452173287,0.9922687813660377,99.22687813660377
1440.0,24.0,1,617.9013941166289,330.9788696740969,-286.922524442532,29.98615384715716,-9.568500378708412,0.9965384617892896,99.65384617892896
1500.0,25.0,1,617.7265395542198,332.6794919243112,-285.0470476299086,30.0,-9.501568254330287,1.0,100.0
1560.0,26.0,1,617.465323072968,335.1371034904521,-282.3282195825159,30.0,-9.41094065275053,1.0,100.0
1620.0,27.0,1,617.1190172933127,338.2442949541505,-278.8747223391622,30.0,-9.295824077972073,1.0,100.0
1680.0,28.0,1,616.6893093822022,341.865267138484,-274.82404224371817,30.0,-9.16080140812394,1.0,100.0
1740.0,29.0,1,616.178292833385,345.8417661836448,-270.33652664974016,30.0,-9.011217554991338,1.0,100.0
1800.0,30.0,1,615.5884572681198,350.0,-265.5884572681198,30.0,-8.852948575603993,1.0,100.0
1860.0,31.0,1,614.9226763059908,354.15823381635516,-260.7644424896356,30.0,-8.692148082987853,1.0,100.0
1920.0,32.0,1,614.184193564921,358.134732861516,-256.049460703405,30.0,-8.534982023446833,1.0,100.0
1980.0,33.0,1,613.376606858593,361.7557050458495,-251.62090181274357,30.0,-8.387363393758118,1.0,100.0
2040.0,34.0,1,612.503850668262,364.8628965095479,-247.64095415871407,30.0,-8.254698471957136,1.0,100.0
2100.0,35.0,1,611.5701769743577,367.3205080756888,-244.24966889866886,30.0,-8.141655629955629,1.0,100.0
2160.0,36.0,1,610.5801345412646,369.0211303259031,-241.55900421536148,30.0,-8.051966807178717,1.0,100.0
2220.0,37.0,1,609.5385467561977,369.8904379073655,-239.64810884883218,30.0,-7.988270294961072,1.0,100.0
2280.0,38.0,1,608.450488130146,369.8904379073655,-238.56005022278055,30.0,-7.952001674092685,1.0,100.0
2340.0,39.0,1,607.3212595753644,369.0211303259031,-238.3001292494613,30.0,-7.94333764164871,1.0,100.0
2400.0,40.0,1,606.156362579862,367.3205080756888,-238.83585450417326,30.0,-7.961195150139108,1.0,100.0
2460.0,41.0,1,604.961472404706,364.8628965095479,-240.0985758951581,30.0,-8.003285863171936,1.0,100.0
2520.0,42.0,1,603.7424104347197,361.7557050458495,-241.98670538887018,30.0,-8.06622351296234,1.0,100.0
2580.0,43.0,1,602.5051158172811,358.134732861516,-244.37038295576508,30.0,-8.145679431858836,1.0,100.0
2640.0,44.0,1,601.2556165273943,354.1582338163552,-247.09738271103907,30.0,-8.236579423701302,1.0,100.0
2700.0,45.0,1,600.0,350.0,-250.0,30.0,-8.333333333333334,1.0,100.0
2760.0,46.0,1,598.7443834726058,345.8417661836448,-252.90261728896104,30.0,-8.430087242965367,1.0,100.0
2820.0,47.0,1,597.4948841827188,341.865267138484,-255.6296170442348,30.0,-8.520987234807826,1.0,100.0
2880.0,48.0,1,596.2575895652803,338.2442949541505,-258.0132946111298,30.0,-8.600443153704328,1.0,100.0
2940.0,49.0,1,595.038527595294,335.13710349045215,-259.90142410484185,30.0,-8.663380803494729,1.0,100.0
3000.0,50.0,1,593.843637420138,332.6794919243112,-261.16414549582674,30.0,-8.705471516527558,1.0,100.0
3060.0,51.0,1,592.6787404246356,330.9788696740969,-261.6998707505387,30.0,-8.723329025017957,1.0,100.0
3120.0,52.0,1,591.549511869854,330.1095620926345,-261.43994977721945,30.0,-8.714664992573981,1.0,100.0
3180.0,53.0,1,590.4614532438023,330.1095620926345,-260.3518911511678,30.0,-8.678396371705594,1.0,100.0
3240.0,54.0,1,589.4198654587356,330.9788696740969,-258.44099578463863,30.0,-8.614699859487954,1.0,100.0
3300.0,55.0,1,588.4298230256423,332.67949192431126,-255.75033110133108,30.0,-8.525011036711037,1.0,100.0
3360.0,56.0,0,0.0,335.1371034904521,335.1371034904521,29.980051362887473,11.178670090783127,0.9950128407218682,99.50128407218682
3420.0,57.0,0,0.0,338.2442949541505,338.2442949541505,29.959917773902106,11.289893967893095,0.9899794434755267,98.99794434755268
3480.0,58.0,0,0.0,341.865267138484,341.865267138484,29.93956865085815,11.41851010364123,0.9848921627145373,98.48921627145373
3540.0,59.0,0,0.0,345.84176618364484,345.84176618364484,29.918982831442456,11.55927553192727,0.979745707860614,97.9745707860614
3600.0,60.0,0,0.0,350.0,350.0,29.898149498109124,11.706410124885334,0.9745373745272806,97.45373745272806
3660.0,61.0,0,0.0,354.15823381635516,354.15823381635516,29.87706865085815,11.853848111909159,0.9692671627145373,96.92671627145373
3720.0,62.0,0,0.0,358.134732861516,358.134732861516,29.85575110723544,11.9955023598359,0.96393777680886,96.39377768088599
3780.0,63.0,0,0.0,361.7557050458495,361.7557050458495,29.83421802955414,12.125529976602365,0.9585545073885348,95.85545073885348
3840.0,64.0,0,0.0,364.86289650954785,364.86289650954785,29.8125,12.238587723590703,0.9531249999999998,95.31249999999997
3900.0,65.0,0,0.0,367.3205080756888,367.3205080756888,29.790635684043114,12.330066131231911,0.9476589210107781,94.76589210107781
3960.0,66.0,0,0.0,369.0211303259031,369.0211303259031,29.768670140571334,12.396292094451642,0.9421675351428332,94.21675351428333
4020.0,67.0,0,0.0,369.8904379073655,369.8904379073655,29.746652852600654,12.434691047097997,0.936663213150164,93.6663213150164
4080.0,68.0,0,0.0,369.8904379073655,369.8904379073655,29.724635564629978,12.443901527509611,0.9311588911574948,93.11588911574948
4140.0,69.0,0,0.0,369.0211303259031,369.0211303259031,29.702670021158198,12.42383698378082,0.9256675052895499,92.56675052895498
4200.0,70.0,0,0.0,367.3205080756888,367.3205080756888,29.680805705201312,12.375691944619918,0.9202014263003282,92.02014263003282
4260.0,71.0,0,0.0,364.8628965095479,364.8628965095479,29.65908767564717,12.301892104696591,0.9147719189117932,91.47719189117932
4320.0,72.0,0,0.0,361.7557050458495,361.7557050458495,29.637554597965874,12.205990337363327,0.909388649491468,90.9388649491468
4380.0,73.0,0,0.0,358.134732861516,358.134732861516,29.616237054343163,12.092513042908543,0.9040592635857907,90.40592635857907
4440.0,74.0,0,0.0,354.15823381635516,354.15823381635516,29.595156207092188,11.966763457443236,0.8987890517730474,89.87890517730473
4500.0,75.0,0,0.0,350.0,350.0,29.574322873758856,11.834590482223794,0.893580718439714,89.3580718439714
4560.0,76.0,0,0.0,345.8417661836448,345.8417661836448,29.553737054343163,11.702133153168205,0.8884342635857907,88.84342635857907
4620.0,77.0,0,0.0,341.865267138484,341.865267138484,29.533387931299206,11.575551979804471,0.8833469828248013,88.33469828248013
4680.0,78.0,0,0.0,338.2442949541506,338.2442949541506,29.51325434231384,11.46075898750352,0.8783135855784598,87.83135855784599
4740.0,79.0,0,0.0,335.1371034904521,335.1371034904521,29.493305705201312,11.363158366861153,0.8733264263003281,87.33264263003281
4800.0,80.0,0,0.0,332.67949192431126,332.67949192431126,29.473503354491534,11.287409166227043,0.868375838622883,86.8375838622883
4860.0,81.0,0,0.0,330.9788696740969,330.9788696740969,29.453802231296645,11.237220480906524,0.8634505578241614,86.34505578241614
4920.0,82.0,0,0.0,330.1095620926345,330.1095620926345,29.434152852600654,11.215188143709993,0.8585382131501638,85.85382131501638
4980.0,83.0,0,0.0,330.1095620926345,330.1095620926345,29.414503473904666,11.222680076360769,0.8536258684761663,85.36258684761663
5040.0,84.0,0,0.0,330.9788696740969,330.9788696740969,29.394802350709778,11.259775307388825,0.8487005876774446,84.87005876774447
5100.0,85.0,0,0.0,332.6794919243112,332.6794919243112,29.374999999999996,11.325259299551021,0.8437499999999994,84.37499999999994
5160.0,86.0,0,0.0,335.1371034904521,335.1371034904521,29.355051362887473,11.416675765526126,0.8387628407218678,83.87628407218678
5220.0,87.0,0,0.0,338.2442949541505,338.2442949541505,29.334917773902106,11.530432693255085,0.8337294434755262,83.37294434755262
5280.0,88.0,0,0.0,341.86526713848394,341.86526713848394,29.31456865085815,11.66195795715644,0.8286421627145368,82.86421627145369
5340.0,89.0,0,0.0,345.8417661836448,345.8417661836448,29.293982831442456,11.80589775632825,0.8234957078606137,82.34957078606136
5400.0,90.0,1,600.0,350.0,-250.0,29.308863783823405,-8.529842775344427,0.8272159459558517,82.72159459558517
5460.0,91.0,1,601.2556165273943,354.1582338163552,-247.09738271103907,29.32357196136573,-8.426578557230128,0.8308929903414327,83.08929903414327
5520.0,92.0,1,602.5051158172811,358.13473286151606,-244.37038295576502,29.33811781749405,-8.32944991481523,0.8345294543735124,83.45294543735125
5580.0,93.0,1,603.7424104347197,361.7557050458494,-241.98670538887023,29.35252178805291,-8.244153846003238,0.8381304470132278,83.81304470132278
5640.0,94.0,1,604.961472404706,364.8628965095479,-240.0985758951581,29.366813369951434,-8.175847098917126,0.841703342487858,84.1703342487858
5700.0,95.0,1,606.1563625798619,367.32050807568874,-238.8358545041732,29.381029789862396,-8.128913663420365,0.8452574474655987,84.52574474655987
5760.0,96.0,1,607.3212595753644,369.0211303259031,-238.3001292494613,29.395214321365337,-8.106766177794373,0.8488035803413347,84.88035803413348
5820.0,97.0,1,608.450488130146,369.8904379073655,-238.56005022278055,29.409414324354792,-8.111689936824822,0.8523535810886975,85.23535810886975
5880.0,98.0,1,609.5385467561977,369.8904379073655,-239.64810884883218,29.42367909273865,-8.1447363565073,0.8559197731846623,85.59197731846623
5940.0,99.0,1,610.5801345412646,369.0211303259031,-241.55900421536148,29.438057604894325,-8.205670613783983,0.8595144012235814,85.95144012235814
6000.0,100.0,1,611.5701769743577,367.3205080756888,-244.24966889866886,29.452596275662103,-8.29297582503796,0.8631490689155259,86.3149068915526
6060.0,101.0,1,612.503850668262,364.86289650954785,-247.64095415871412,29.46733680864774,-8.403913654186736,0.8668342021619354,86.68342021619354
6120.0,102.0,1,613.376606858593,361.7557050458495,-251.62090181274357,29.482314243279454,-8.534638757881803,0.8705785608198631,87.0578560819863
6180.0,103.0,1,614.184193564921,358.134732861516,-256.049460703405,29.497555282607035,-8.680362092731874,0.874388820651759,87.4388820651759
6240.0,104.0,1,614.9226763059908,354.1582338163552,-260.76444248963554,29.51307697561237,-8.835555936953433,0.8782692439030928,87.82692439030927
6300.0,105.0,1,615.5884572681198,350.0,-265.5884572681198,29.52888581235452,-8.994191618195119,0.8822214530886303,88.22214530886303
6360.0,106.0,1,616.178292833385,345.8417661836449,-270.33652664974005,29.54497727227415,-9.149999479046192,0.8862443180685372,88.62443180685372
6420.0,107.0,1,616.6893093822022,341.86526713848406,-274.8240422437181,29.561335846217226,-9.296739622099507,0.8903339615543068,89.03339615543068
6480.0,108.0,1,617.1190172933127,338.24429495415063,-278.8747223391621,29.57793553207075,-9.428471504942728,0.8944838830176872,89.44838830176872
6540.0,109.0,1,617.465323072968,335.1371034904521,-282.3282195825159,29.594740783236375,-9.539810524119803,0.8986851958090937,89.86851958090936
6600.0,110.0,1,617.7265395542198,332.6794919243112,-285.0470476299086,29.61170786940482,-9.626160331144652,0.9029269673512055,90.29269673512054
6660.0,111.0,1,617.9013941166289,330.9788696740969,-286.922524442532,29.62878659109783,-9.683910731894091,0.9071966477744574,90.71966477744574
6720.0,112.0,1,617.9890348863438,330.1095620926345,-287.8794727937093,29.645922274002217,-9.710592577724025,0.9114805685005543,91.14805685005543
6780.0,113.0,1,617.9890348863438,330.1095620926345,-287.8794727937093,29.663057956906606,-9.704982986310108,0.9157644892266512,91.57644892266512
6840.0,114.0,1,617.9013941166289,330.9788696740969,-286.922524442532,29.680136678599613,-9.667156440334484,0.9200341696499031,92.00341696499031
6900.0,115.0,1,617.7265395542198,332.6794919243112,-285.0470476299086,29.69710376476806,-9.598479699831257,0.924275941192015,92.4275941192015
6960.0,116.0,1,617.465323072968,335.1371034904521,-282.3282195825159,29.713909015933687,-9.501550921190516,0.9284772539834214,92.84772539834213
7020.0,117.0,1,617.1190172933127,338.24429495415046,-278.87472233916225,29.73050870178721,-9.380085794576333,0.9326271754468018,93.26271754468019
7080.0,118.0,1,616.6893093822022,341.865267138484,-274.82404224371817,29.746867275730285,-9.238755788847055,0.9367168189325714,93.67168189325714
7140.0,119.0,1,616.178292833385,345.84176618364484,-270.3365266497401,29.762958735649914,-9.08298563495747,0.9407396839124782,94.07396839124782
7200.0,120.0,1,615.58845726812,350.0,-265.58845726812,29.778767572392063,-8.918718903409134,0.9446918930980157,94.46918930980158
7260.0,121.0,1,614.9226763059908,354.15823381635516,-260.7644424896356,29.7942892653974,-8.752161871251051,0.9485723163493495,94.85723163493495
7320.0,122.0,1,614.184193564921,358.13473286151594,-256.04946070340503,29.80953030472498,-8.589516778223766,0.9523825761812454,95.23825761812455
7380.0,123.0,1,613.376606858593,361.7557050458494,-251.62090181274363,29.824507739356694,-8.436716005900823,0.9561269348391732,95.61269348391733
7440.0,124.0,1,612.503850668262,364.86289650954785,-247.64095415871412,29.83924827234233,-8.299168661974965,0.9598120680855826,95.98120680855826
7500.0,125.0,1,611.5701769743577,367.3205080756888,-244.24966889866886,29.85378694311011,-8.181530516182596,0.963446735777527,96.3446735777527
7560.0,126.0,1,610.5801345412646,369.0211303259031,-241.55900421536148,29.868165455265785,-8.087507234990705,0.9670413638164461,96.70413638164462
7620.0,127.0,1,609.5385467561977,369.8904379073655,-239.64810884883218,29.882430223649642,-8.019699437268967,0.970607555912411,97.0607555912411
7680.0,128.0,1,608.450488130146,369.8904379073655,-238.56005022278055,29.896630226639097,-7.979496298222064,0.9741575566597738,97.41575566597737
7740.0,129.0,1,607.3212595753644,369.0211303259031,-238.3001292494613,29.91081475814204,-7.967022335444523,0.9777036895355098,97.77036895355099
7800.0,130.0,1,606.156362579862,367.3205080756888,-238.83585450417326,29.925031178053,-7.981139704854688,0.9812577945132505,98.12577945132504
7860.0,131.0,1,604.961472404706,364.8628965095479,-240.0985758951581,29.939322759951523,-8.019505912683071,0.9848306899878809,98.4830689987881
7920.0,132.0,1,603.7424104347197,361.7557050458495,-241.98670538887018,29.953726730510386,-8.07868441766835,0.9884316826275963,98.84316826275963
7980.0,133.0,1,602.5051158172811,358.13473286151606,-244.37038295576502,29.968272586638705,-8.15430326353602,0.9920681466596761,99.20681466596761
8040.0,134.0,1,601.2556165273943,354.15823381635516,-247.09738271103913,29.98298076418103,-8.24125475230376,0.995745191045257,99.5745191045257
8100.0,135.0,1,600.0,350.0,-250.0,29.99786171656198,-8.333927343293727,0.9994654291404952,99.94654291404952
8160.0,136.0,1,598.7443834726057,345.84176618364484,-252.90261728896087,30.0,-8.430087242965362,1.0,100.0
8220.0,137.0,1,597.4948841827188,341.86526713848406,-255.62961704423475,30.0,-8.520987234807825,1.0,100.0
8280.0,138.0,1,596.2575895652803,338.2442949541506,-258.01329461112977,30.0,-8.600443153704326,1.0,100.0
8340.0,139.0,1,595.038527595294,335.1371034904521,-259.9014241048419,30.0,-8.66338080349473,1.0,100.0
8400.0,140.0,1,593.843637420138,332.67949192431126,-261.1641454958267,30.0,-8.705471516527556,1.0,100.0
8460.0,141.0,1,592.6787404246356,330.9788696740969,-261.6998707505387,30.0,-8.723329025017957,1.0,100.0
8520.0,142.0,1,591.549511869854,330.1095620926345,-261.43994977721945,30.0,-8.714664992573981,1.0,100.0
8580.0,143.0,1,590.4614532438022,330.1095620926345,-260.3518911511677,30.0,-8.67839637170559,1.0,100.0
8640.0,144.0,1,589.4198654587356,330.9788696740969,-258.44099578463863,30.0,-8.614699859487954,1.0,100.0
8700.0,145.0,1,588.4298230256423,332.6794919243112,-255.75033110133114,30.0,-8.525011036711039,1.0,100.0
8760.0,146.0,0,0.0,335.1371034904521,335.1371034904521,29.980051362887473,11.178670090783127,0.9950128407218682,99.50128407218682
8820.0,147.0,0,0.0,338.2442949541505,338.2442949541505,29.959917773902106,11.289893967893095,0.9899794434755267,98.99794434755268
8880.0,148.0,0,0.0,341.865267138484,341.865267138484,29.93956865085815,11.41851010364123,0.9848921627145373,98.48921627145373
8940.0,149.0,0,0.0,345.8417661836448,345.8417661836448,29.918982831442456,11.559275531927268,0.979745707860614,97.9745707860614
9000.0,150.0,0,0.0,350.0,350.0,29.898149498109124,11.706410124885334,0.9745373745272806,97.45373745272806
9060.0,151.0,0,0.0,354.1582338163551,354.1582338163551,29.87706865085815,11.853848111909157,0.9692671627145373,96.92671627145373
9120.0,152.0,0,0.0,358.134732861516,358.134732861516,29.85575110723544,11.9955023598359,0.96393777680886,96.39377768088599
9180.0,153.0,0,0.0,361.75570504584937,361.75570504584937,29.83421802955414,12.125529976602362,0.9585545073885348,95.85545073885348
9240.0,154.0,0,0.0,364.86289650954785,364.86289650954785,29.8125,12.238587723590703,0.9531249999999998,95.31249999999997
9300.0,155.0,0,0.0,367.32050807568874,367.32050807568874,29.790635684043114,12.33006613123191,0.9476589210107781,94.76589210107781
9360.0,156.0,0,0.0,369.0211303259031,369.0211303259031,29.768670140571334,12.396292094451642,0.9421675351428332,94.21675351428333
9420.0,157.0,0,0.0,369.8904379073655,369.8904379073655,29.746652852600654,12.434691047097997,0.936663213150164,93.6663213150164
9480.0,158.0,0,0.0,369.8904379073655,369.8904379073655,29.724635564629978,12.443901527509611,0.9311588911574948,93.11588911574948
9540.0,159.0,0,0.0,369.0211303259031,369.0211303259031,29.702670021158198,12.42383698378082,0.9256675052895499,92.56675052895498
9600.0,160.0,0,0.0,367.3205080756888,367.3205080756888,29.680805705201312,12.375691944619918,0.9202014263003282,92.02014263003282
9660.0,161.0,0,0.0,364.8628965095479,364.8628965095479,29.65908767564717,12.301892104696591,0.9147719189117932,91.47719189117932
9720.0,162.0,0,0.0,361.7557050458495,361.7557050458495,29.637554597965874,12.205990337363327,0.909388649491468,90.9388649491468
9780.0,163.0,0,0.0,358.134732861516,358.134732861516,29.616237054343163,12.092513042908543,0.9040592635857907,90.40592635857907
9840.0,164.0,0,0.0,354.1582338163553,354.1582338163553,29.595156207092188,11.96676345744324,0.8987890517730474,89.87890517730473
9900.0,165.0,0,0.0,349.99999999999994,349.99999999999994,29.574322873758856,11.834590482223792,0.893580718439714,89.3580718439714
9960.0,166.0,0,0.0,345.8417661836449,345.8417661836449,29.553737054343163,11.702133153168209,0.8884342635857907,88.84342635857907
10020.0,167.0,0,0.0,341.86526713848406,341.86526713848406,29.533387931299206,11.575551979804473,0.8833469828248013,88.33469828248013
10080.0,168.0,0,0.0,338.2442949541506,338.2442949541506,29.51325434231384,11.46075898750352,0.8783135855784598,87.83135855784599
10140.0,169.0,0,0.0,335.1371034904521,335.1371034904521,29.493305705201312,11.363158366861153,0.8733264263003281,87.33264263003281
10200.0,170.0,0,0.0,332.6794919243112,332.6794919243112,29.473503354491534,11.287409166227041,0.868375838622883,86.8375838622883
10260.0,171.0,0,0.0,330.978869674097,330.978869674097,29.453802231296645,11.237220480906526,0.8634505578241614,86.34505578241614
10320.0,172.0,0,0.0,330.1095620926345,330.1095620926345,29.434152852600654,11.215188143709993,0.8585382131501638,85.85382131501638
10380.0,173.0,0,0.0,330.1095620926345,330.1095620926345,29.414503473904666,11.222680076360769,0.8536258684761663,85.36258684761663
10440.0,174.0,0,0.0,330.9788696740969,330.9788696740969,29.394802350709778,11.259775307388825,0.8487005876774446,84.87005876774447
10500.0,175.0,0,0.0,332.6794919243112,332.6794919243112,29.374999999999996,11.325259299551021,0.8437499999999994,84.37499999999994
10560.0,176.0,0,0.0,335.13710349045203,335.13710349045203,29.355051362887473,11.416675765526124,0.8387628407218678,83.87628407218678
10620.0,177.0,0,0.0,338.2442949541506,338.2442949541506,29.334917773902106,11.530432693255086,0.8337294434755262,83.37294434755262
10680.0,178.0,0,0.0,341.86526713848394,341.86526713848394,29.31456865085815,11.66195795715644,0.8286421627145368,82.86421627145369
10740.0,179.0,0,0.0,345.8417661836448,345.8417661836448,29.293982831442456,11.80589775632825,0.8234957078606137,82.34957078606136
10800.0,180.0,1,600.0,349.99999999999994,-250.00000000000006,29.308863783823405,-8.529842775344429,0.8272159459558517,82.72159459558517
10860.0,181.0,1,601.2556165273943,354.15823381635516,-247.09738271103913,29.32357196136573,-8.42657855723013,0.8308929903414327,83.08929903414327
10920.0,182.0,1,602.5051158172811,358.134732861516,-244.37038295576508,29.33811781749405,-8.329449914815232,0.8345294543735124,83.45294543735125
10980.0,183.0,1,603.7424104347197,361.75570504584937,-241.9867053888703,29.35252178805291,-8.24415384600324,0.8381304470132278,83.81304470132278
11040.0,184.0,1,604.961472404706,364.8628965095479,-240.0985758951581,29.366813369951434,-8.175847098917126,0.841703342487858,84.1703342487858
11100.0,185.0,1,606.1563625798619,367.32050807568874,-238.8358545041732,29.381029789862396,-8.128913663420365,0.8452574474655987,84.52574474655987
11160.0,186.0,1,607.3212595753644,369.0211303259031,-238.3001292494613,29.395214321365337,-8.106766177794373,0.8488035803413347,84.88035803413348
11220.0,187.0,1,608.450488130146,369.8904379073654,-238.5600502227806,29.409414324354792,-8.111689936824824,0.8523535810886976,85.23535810886976
11280.0,188.0,1,609.5385467561977,369.8904379073655,-239.64810884883218,29.42367909273865,-8.1447363565073,0.8559197731846624,85.59197731846623
11340.0,189.0,1,610.5801345412646,369.02113032590313,-241.55900421536143,29.438057604894325,-8.205670613783981,0.8595144012235815,85.95144012235815
11400.0,190.0,1,611.5701769743577,367.3205080756888,-244.24966889866886,29.452596275662103,-8.29297582503796,0.863149068915526,86.3149068915526
11460.0,191.0,1,612.503850668262,364.86289650954785,-247.64095415871412,29.46733680864774,-8.403913654186736,0.8668342021619354,86.68342021619354
11520.0,192.0,1,613.376606858593,361.7557050458495,-251.62090181274357,29.482314243279454,-8.534638757881803,0.8705785608198632,87.05785608198632
11580.0,193.0,1,614.184193564921,358.134732861516,-256.049460703405,29.497555282607035,-8.680362092731874,0.874388820651759,87.4388820651759
11640.0,194.0,1,614.9226763059908,354.15823381635533,-260.7644424896354,29.51307697561237,-8.835555936953428,0.8782692439030929,87.82692439030929
11700.0,195.0,1,615.5884572681198,349.99999999999994,-265.58845726811984,29.52888581235452,-8.99419161819512,0.8822214530886304,88.22214530886305
11760.0,196.0,1,616.178292833385,345.8417661836449,-270.33652664974005,29.54497727227415,-9.149999479046192,0.8862443180685373,88.62443180685374
11820.0,197.0,1,616.6893093822022,341.86526713848406,-274.8240422437181,29.561335846217226,-9.296739622099507,0.8903339615543069,89.0333961554307
11880.0,198.0,1,617.1190172933127,338.24429495415046,-278.87472233916225,29.57793553207075,-9.428471504942733,0.8944838830176873,89.44838830176873
11940.0,199.0,1,617.465323072968,335.13710349045215,-282.3282195825158,29.594740783236375,-9.539810524119801,0.8986851958090938,89.86851958090938
12000.0,200.0,1,617.7265395542198,332.6794919243112,-285.0470476299086,29.61170786940482,-9.626160331144652,0.9029269673512056,90.29269673512056
12060.0,201.0,1,617.9013941166289,330.978869674097,-286.92252444253194,29.62878659109783,-9.68391073189409,0.9071966477744575,90.71966477744576
12120.0,202.0,1,617.9890348863438,330.1095620926345,-287.8794727937093,29.645922274002217,-9.710592577724025,0.9114805685005544,91.14805685005544
12180.0,203.0,1,617.9890348863438,330.1095620926345,-287.8794727937093,29.663057956906606,-9.704982986310108,0.9157644892266512,91.57644892266512
12240.0,204.0,1,617.9013941166289,330.9788696740969,-286.922524442532,29.680136678599613,-9.667156440334484,0.9200341696499031,92.00341696499031
12300.0,205.0,1,617.7265395542198,332.67949192431115,-285.04704762990866,29.69710376476806,-9.598479699831259,0.924275941192015,92.4275941192015
12360.0,206.0,1,617.465323072968,335.13710349045215,-282.3282195825158,29.713909015933687,-9.501550921190514,0.9284772539834214,92.84772539834213
12420.0,207.0,1,617.1190172933127,338.24429495415046,-278.87472233916225,29.73050870178721,-9.380085794576333,0.9326271754468018,93.26271754468019
12480.0,208.0,1,616.6893093822022,341.86526713848394,-274.8240422437182,29.746867275730285,-9.238755788847056,0.9367168189325714,93.67168189325714
12540.0,209.0,1,616.178292833385,345.8417661836449,-270.33652664974005,29.762958735649914,-9.082985634957469,0.9407396839124782,94.07396839124782
12600.0,210.0,1,615.5884572681198,349.99999999999994,-265.58845726811984,29.778767572392063,-8.918718903409127,0.9446918930980157,94.46918930980158
12660.0,211.0,1,614.9226763059908,354.15823381635516,-260.7644424896356,29.7942892653974,-8.752161871251051,0.9485723163493495,94.85723163493495
12720.0,212.0,1,614.184193564921,358.1347328615159,-256.0494607034051,29.80953030472498,-8.589516778223768,0.9523825761812454,95.23825761812455
12780.0,213.0,1,613.376606858593,361.7557050458495,-251.62090181274357,29.824507739356694,-8.436716005900822,0.9561269348391732,95.61269348391733
12840.0,214.0,1,612.503850668262,364.86289650954785,-247.64095415871412,29.83924827234233,-8.299168661974965,0.9598120680855826,95.98120680855826
12900.0,215.0,1,611.5701769743577,367.32050807568874,-244.24966889866892,29.85378694311011,-8.181530516182598,0.963446735777527,96.3446735777527
12960.0,216.0,1,610.5801345412646,369.021130325903,-241.55900421536154,29.868165455265785,-8.087507234990706,0.9670413638164461,96.70413638164462
13020.0,217.0,1,609.5385467561977,369.8904379073655,-239.64810884883218,29.882430223649642,-8.019699437268967,0.970607555912411,97.0607555912411
13080.0,218.0,1,608.4504881301461,369.8904379073655,-238.56005022278066,29.896630226639097,-7.979496298222068,0.9741575566597738,97.41575566597737
13140.0,219.0,1,607.3212595753644,369.02113032590313,-238.30012924946124,29.91081475814204,-7.967022335444521,0.9777036895355098,97.77036895355099
13200.0,220.0,1,606.156362579862,367.32050807568874,-238.8358545041733,29.925031178053,-7.98113970485469,0.9812577945132505,98.12577945132504
13260.0,221.0,1,604.961472404706,364.8628965095479,-240.0985758951581,29.939322759951523,-8.019505912683071,0.9848306899878809,98.4830689987881
13320.0,222.0,1,603.7424104347197,361.7557050458495,-241.98670538887018,29.953726730510386,-8.07868441766835,0.9884316826275963,98.84316826275963
13380.0,223.0,1,602.5051158172813,358.13473286151617,-244.37038295576514,29.968272586638705,-8.154303263536024,0.9920681466596761,99.20681466596761
13440.0,224.0,1,601.2556165273943,354.15823381635516,-247.09738271103913,29.98298076418103,-8.24125475230376,0.995745191045257,99.5745191045257
13500.0,225.0,1,600.0,349.99999999999994,-250.00000000000006,29.99786171656198,-8.333927343293729,0.9994654291404952,99.94654291404952
13560.0,226.0,1,598.7443834726058,345.8417661836449,-252.90261728896093,30.0,-8.430087242965364,1.0,100.0
13620.0,227.0,1,597.4948841827188,341.86526713848394,-255.62961704423486,30.0,-8.520987234807828,1.0,100.0
13680.0,228.0,1,596.2575895652803,338.2442949541506,-258.01329461112977,30.0,-8.600443153704326,1.0,100.0
13740.0,229.0,1,595.038527595294,335.13710349045215,-259.90142410484185,30.0,-8.663380803494729,1.0,100.0
13800.0,230.0,1,593.843637420138,332.67949192431126,-261.1641454958267,30.0,-8.705471516527556,1.0,100.0
13860.0,231.0,1,592.6787404246356,330.9788696740969,-261.6998707505387,30.0,-8.723329025017957,1.0,100.0
13920.0,232.0,1,591.549511869854,330.1095620926345,-261.43994977721945,30.0,-8.714664992573981,1.0,100.0
13980.0,233.0,1,590.4614532438022,330.1095620926345,-260.3518911511677,30.0,-8.67839637170559,1.0,100.0
14040.0,234.0,1,589.4198654587356,330.97886967409687,-258.4409957846387,30.0,-8.614699859487956,1.0,100.0
14100.0,235.0,1,588.4298230256423,332.6794919243112,-255.75033110133114,30.0,-8.525011036711039,1.0,100.0
14160.0,236.0,0,0.0,335.13710349045215,335.13710349045215,29.980051362887473,11.178670090783129,0.9950128407218682,99.50128407218682
14220.0,237.0,0,0.0,338.24429495415046,338.24429495415046,29.959917773902106,11.289893967893093,0.9899794434755267,98.99794434755268
14280.0,238.0,0,0.0,341.86526713848406,341.86526713848406,29.93956865085815,11.418510103641232,0.9848921627145373,98.48921627145373
14340.0,239.0,0,0.0,345.8417661836448,345.8417661836448,29.918982831442456,11.559275531927268,0.979745707860614,97.9745707860614
14400.0,240.0,0,0.0,349.99999999999994,349.99999999999994,29.898149498109124,11.706410124885332,0.9745373745272806,97.45373745272806
14460.0,241.0,0,0.0,354.15823381635505,354.15823381635505,29.87706865085815,11.853848111909155,0.9692671627145373,96.92671627145373
14520.0,242.0,0,0.0,358.134732861516,358.134732861516,29.85575110723544,11.9955023598359,0.96393777680886,96.39377768088599
14580.0,243.0,0,0.0,361.7557050458495,361.7557050458495,29.83421802955414,12.125529976602365,0.9585545073885348,95.85545073885348
14640.0,244.0,0,0.0,364.86289650954785,364.86289650954785,29.8125,12.238587723590703,0.9531249999999998,95.31249999999997
14700.0,245.0,0,0.0,367.32050807568874,367.32050807568874,29.790635684043114,12.33006613123191,0.9476589210107781,94.76589210107781
14760.0,246.0,0,0.0,369.0211303259031,369.0211303259031,29.768670140571334,12.396292094451642,0.9421675351428332,94.21675351428333
14820.0,247.0,0,0.0,369.8904379073655,369.8904379073655,29.746652852600654,12.434691047097997,0.936663213150164,93.6663213150164
14880.0,248.0,0,0.0,369.8904379073655,369.8904379073655,29.724635564629978,12.443901527509611,0.9311588911574948,93.11588911574948
14940.0,249.0,0,0.0,369.0211303259031,369.0211303259031,29.702670021158198,12.42383698378082,0.9256675052895499,92.56675052895498
15000.0,250.0,0,0.0,367.32050807568874,367.32050807568874,29.680805705201312,12.375691944619916,0.9202014263003282,92.02014263003282
15060.0,251.0,0,0.0,364.8628965095479,364.8628965095479,29.65908767564717,12.301892104696591,0.9147719189117932,91.47719189117932
15120.0,252.0,0,0.0,361.7557050458495,361.7557050458495,29.637554597965874,12.205990337363327,0.909388649491468,90.9388649491468
15180.0,253.0,0,0.0,358.134732861516,358.134732861516,29.616237054343163,12.092513042908543,0.9040592635857907,90.40592635857907
15240.0,254.0,0,0.0,354.15823381635516,354.15823381635516,29.595156207092188,11.966763457443236,0.8987890517730474,89.87890517730473
15300.0,255.0,0,0.0,350.0000000000001,350.0000000000001,29.574322873758856,11.834590482223797,0.893580718439714,89.3580718439714
15360.0,256.0,0,0.0,345.8417661836449,345.8417661836449,29.553737054343163,11.702133153168209,0.8884342635857907,88.84342635857907
15420.0,257.0,0,0.0,341.86526713848406,341.86526713848406,29.533387931299206,11.575551979804473,0.8833469828248013,88.33469828248013
15480.0,258.0,0,0.0,338.2442949541506,338.2442949541506,29.51325434231384,11.46075898750352,0.8783135855784598,87.83135855784599
15540.0,259.0,0,0.0,335.1371034904522,335.1371034904522,29.493305705201312,11.363158366861157,0.8733264263003281,87.33264263003281
15600.0,260.0,0,0.0,332.6794919243112,332.6794919243112,29.473503354491534,11.287409166227041,0.868375838622883,86.8375838622883
15660.0,261.0,0,0.0,330.9788696740969,330.9788696740969,29.453802231296645,11.237220480906524,0.8634505578241614,86.34505578241614
15720.0,262.0,0,0.0,330.1095620926345,330.1095620926345,29.434152852600654,11.215188143709993,0.8585382131501638,85.85382131501638
15780.0,263.0,0,0.0,330.1095620926345,330.1095620926345,29.414503473904666,11.222680076360769,0.8536258684761663,85.36258684761663
15840.0,264.0,0,0.0,330.9788696740969,330.9788696740969,29.394802350709778,11.259775307388825,0.8487005876774446,84.87005876774447
15900.0,265.0,0,0.0,332.6794919243112,332.6794919243112,29.374999999999996,11.325259299551021,0.8437499999999994,84.37499999999994
15960.0,266.0,0,0.0,335.13710349045203,335.13710349045203,29.355051362887473,11.416675765526124,0.8387628407218678,83.87628407218678
16020.0,267.0,0,0.0,338.2442949541506,338.2442949541506,29.334917773902106,11.530432693255086,0.8337294434755262,83.37294434755262
16080.0,268.0,0,0.0,341.86526713848406,341.86526713848406,29.31456865085815,11.661957957156444,0.8286421627145368,82.86421627145369
16140.0,269.0,0,0.0,345.8417661836447,345.8417661836447,29.293982831442456,11.805897756328248,0.8234957078606137,82.34957078606136
16200.0,270.0,1,600.0,349.99999999999994,-250.00000000000006,29.308863783823405,-8.529842775344429,0.8272159459558517,82.72159459558517
16260.0,271.0,1,601.2556165273943,354.15823381635516,-247.09738271103913,29.32357196136573,-8.42657855723013,0.8308929903414327,83.08929903414327
16320.0,272.0,1,602.5051158172813,358.134732861516,-244.3703829557653,29.33811781749405,-8.32944991481524,0.8345294543735124,83.45294543735125
16380.0,273.0,1,603.7424104347197,361.75570504584937,-241.9867053888703,29.35252178805291,-8.24415384600324,0.8381304470132278,83.81304470132278
16440.0,274.0,1,604.961472404706,364.8628965095478,-240.0985758951582,29.366813369951434,-8.17584709891713,0.841703342487858,84.1703342487858
16500.0,275.0,1,606.1563625798619,367.32050807568874,-238.8358545041732,29.381029789862396,-8.128913663420365,0.8452574474655987,84.52574474655987
16560.0,276.0,1,607.3212595753644,369.0211303259031,-238.3001292494613,29.395214321365337,-8.106766177794373,0.8488035803413347,84.88035803413348
16620.0,277.0,1,608.450488130146,369.8904379073655,-238.56005022278055,29.409414324354792,-8.111689936824822,0.8523535810886975,85.23535810886975
16680.0,278.0,1,609.5385467561977,369.8904379073655,-239.64810884883218,29.42367909273865,-8.1447363565073,0.8559197731846623,85.59197731846623
16740.0,279.0,1,610.5801345412646,369.0211303259031,-241.55900421536148,29.438057604894325,-8.205670613783983,0.8595144012235814,85.95144012235814
16800.0,280.0,1,611.5701769743577,367.3205080756888,-244.24966889866886,29.452596275662103,-8.29297582503796,0.8631490689155259,86.3149068915526
16860.0,281.0,1,612.503850668262,364.8628965095479,-247.64095415871407,29.46733680864774,-8.403913654186734,0.8668342021619354,86.68342021619354
16920.0,282.0,1,613.376606858593,361.7557050458495,-251.62090181274357,29.482314243279454,-8.534638757881803,0.8705785608198631,87.0578560819863
16980.0,283.0,1,614.184193564921,358.134732861516,-256.049460703405,29.497555282607035,-8.680362092731874,0.874388820651759,87.4388820651759
17040.0,284.0,1,614.9226763059908,354.15823381635533,-260.7644424896354,29.51307697561237,-8.835555936953428,0.8782692439030928,87.82692439030927
17100.0,285.0,1,615.5884572681198,350.0000000000001,-265.58845726811967,29.52888581235452,-8.994191618195115,0.8822214530886303,88.22214530886303
17160.0,286.0,1,616.1782928333851,345.8417661836448,-270.3365266497403,29.54497727227415,-9.1499994790462,0.8862443180685372,88.62443180685372
17220.0,287.0,1,616.6893093822022,341.86526713848406,-274.8240422437181,29.561335846217226,-9.296739622099507,0.8903339615543068,89.03339615543068
17280.0,288.0,1,617.1190172933127,338.2442949541506,-278.87472233916213,29.57793553207075,-9.42847150494273,0.8944838830176872,89.44838830176872
17340.0,289.0,1,617.465323072968,335.13710349045215,-282.3282195825158,29.594740783236375,-9.539810524119801,0.8986851958090937,89.86851958090936
17400.0,290.0,1,617.7265395542198,332.6794919243112,-285.0470476299086,29.61170786940482,-9.626160331144652,0.9029269673512055,90.29269673512054
17460.0,291.0,1,617.9013941166289,330.978869674097,-286.92252444253194,29.62878659109783,-9.68391073189409,0.9071966477744574,90.71966477744574
17520.0,292.0,1,617.9890348863438,330.1095620926345,-287.8794727937093,29.645922274002217,-9.710592577724025,0.9114805685005543,91.14805685005543
17580.0,293.0,1,617.9890348863438,330.1095620926345,-287.8794727937093,29.663057956906606,-9.704982986310108,0.9157644892266512,91.57644892266512
17640.0,294.0,1,617.9013941166289,330.9788696740969,-286.922524442532,29.680136678599613,-9.667156440334484,0.9200341696499031,92.00341696499031
17700.0,295.0,1,617.7265395542198,332.6794919243112,-285.0470476299086,29.69710376476806,-9.598479699831257,0.924275941192015,92.4275941192015
17760.0,296.0,1,617.465323072968,335.1371034904521,-282.3282195825159,29.713909015933687,-9.501550921190516,0.9284772539834214,92.84772539834213
17820.0,297.0,1,617.1190172933127,338.2442949541506,-278.87472233916213,29.73050870178721,-9.38008579457633,0.9326271754468018,93.26271754468019
17880.0,298.0,1,616.6893093822022,341.8652671384839,-274.8240422437183,29.746867275730285,-9.238755788847058,0.9367168189325714,93.67168189325714
17940.0,299.0,1,616.1782928333851,345.8417661836447,-270.33652664974034,29.762958735649914,-9.082985634957478,0.9407396839124782,94.07396839124782
18000.0,300.0,1,615.5884572681198,349.99999999999994,-265.58845726811984,29.778767572392063,-8.918718903409127,0.9446918930980157,94.46918930980158
18060.0,301.0,1,614.9226763059908,354.15823381635516,-260.7644424896356,29.7942892653974,-8.752161871251051,0.9485723163493495,94.85723163493495
18120.0,302.0,1,614.184193564921,358.1347328615159,-256.0494607034051,29.80953030472498,-8.589516778223768,0.9523825761812454,95.23825761812455
18180.0,303.0,1,613.376606858593,361.75570504584937,-251.62090181274368,29.824507739356694,-8.436716005900825,0.9561269348391732,95.61269348391733
18240.0,304.0,1,612.503850668262,364.8628965095479,-247.64095415871407,29.83924827234233,-8.299168661974964,0.9598120680855826,95.98120680855826
18300.0,305.0,1,611.5701769743577,367.32050807568874,-244.24966889866892,29.85378694311011,-8.181530516182598,0.963446735777527,96.3446735777527
18360.0,306.0,1,610.5801345412646,369.021130325903,-241.55900421536154,29.868165455265785,-8.087507234990706,0.9670413638164461,96.70413638164462
18420.0,307.0,1,609.5385467561977,369.8904379073655,-239.64810884883218,29.882430223649642,-8.019699437268967,0.970607555912411,97.0607555912411
18480.0,308.0,1,608.450488130146,369.8904379073655,-238.56005022278055,29.896630226639097,-7.979496298222064,0.9741575566597738,97.41575566597737
18540.0,309.0,1,607.3212595753644,369.02113032590313,-238.30012924946124,29.91081475814204,-7.967022335444521,0.9777036895355098,97.77036895355099
18600.0,310.0,1,606.156362579862,367.32050807568885,-238.8358545041732,29.925031178053,-7.9811397048546855,0.9812577945132505,98.12577945132504
18660.0,311.0,1,604.961472404706,364.8628965095479,-240.0985758951581,29.939322759951523,-8.019505912683071,0.9848306899878809,98.4830689987881
18720.0,312.0,1,603.7424104347197,361.7557050458495,-241.98670538887018,29.953726730510386,-8.07868441766835,0.9884316826275963,98.84316826275963
18780.0,313.0,1,602.5051158172813,358.13473286151606,-244.37038295576525,29.968272586638705,-8.154303263536027,0.9920681466596761,99.20681466596761
18840.0,314.0,1,601.2556165273943,354.15823381635516,-247.09738271103913,29.98298076418103,-8.24125475230376,0.995745191045257,99.5745191045257
18900.0,315.0,1,600.0,350.0,-250.0,29.99786171656198,-8.333927343293727,0.9994654291404952,99.94654291404952
18960.0,316.0,1,598.7443834726058,345.8417661836448,-252.90261728896104,30.0,-8.430087242965367,1.0,100.0
19020.0,317.0,1,597.4948841827189,341.86526713848417,-255.62961704423475,30.0,-8.520987234807825,1.0,100.0
19080.0,318.0,1,596.2575895652803,338.24429495415046,-258.0132946111299,30.0,-8.60044315370433,1.0,100.0
19140.0,319.0,1,595.038527595294,335.13710349045203,-259.90142410484196,30.0,-8.663380803494732,1.0,100.0
19200.0,320.0,1,593.843637420138,332.6794919243113,-261.16414549582663,30.0,-8.705471516527554,1.0,100.0
19260.0,321.0,1,592.6787404246356,330.978869674097,-261.69987075053865,30.0,-8.723329025017955,1.0,100.0
19320.0,322.0,1,591.549511869854,330.1095620926345,-261.43994977721945,30.0,-8.714664992573981,1.0,100.0
19380.0,323.0,1,590.4614532438022,330.1095620926345,-260.3518911511677,30.0,-8.67839637170559,1.0,100.0
19440.0,324.0,1,589.4198654587356,330.9788696740969,-258.44099578463863,30.0,-8.614699859487954,1.0,100.0
19500.0,325.0,1,588.4298230256422,332.6794919243112,-255.75033110133103,30.0,-8.525011036711033,1.0,100.0
19560.0,326.0,0,0.0,335.1371034904521,335.1371034904521,29.980051362887473,11.178670090783127,0.9950128407218682,99.50128407218682
19620.0,327.0,0,0.0,338.2442949541506,338.2442949541506,29.959917773902106,11.289893967893097,0.9899794434755267,98.99794434755268
19680.0,328.0,0,0.0,341.8652671384838,341.8652671384838,29.93956865085815,11.418510103641223,0.9848921627145373,98.48921627145373
19740.0,329.0,0,0.0,345.8417661836449,345.8417661836449,29.918982831442456,11.559275531927272,0.979745707860614,97.9745707860614
19800.0,330.0,0,0.0,350.0000000000001,350.0000000000001,29.898149498109124,11.706410124885338,0.9745373745272806,97.45373745272806
19860.0,331.0,0,0.0,354.158233816355,354.158233816355,29.87706865085815,11.853848111909151,0.9692671627145373,96.92671627145373
19920.0,332.0,0,0.0,358.1347328615159,358.1347328615159,29.85575110723544,11.995502359835895,0.96393777680886,96.39377768088599
19980.0,333.0,0,0.0,361.75570504584937,361.75570504584937,29.83421802955414,12.125529976602362,0.9585545073885348,95.85545073885348
20040.0,334.0,0,0.0,364.8628965095478,364.8628965095478,29.8125,12.238587723590701,0.9531249999999998,95.31249999999997
20100.0,335.0,0,0.0,367.32050807568874,367.32050807568874,29.790635684043114,12.33006613123191,0.9476589210107781,94.76589210107781
20160.0,336.0,0,0.0,369.0211303259031,369.0211303259031,29.768670140571334,12.396292094451642,0.9421675351428332,94.21675351428333
20220.0,337.0,0,0.0,369.8904379073655,369.8904379073655,29.746652852600654,12.434691047097997,0.936663213150164,93.6663213150164
20280.0,338.0,0,0.0,369.8904379073655,369.8904379073655,29.724635564629978,12.443901527509611,0.9311588911574948,93.11588911574948
20340.0,339.0,0,0.0,369.0211303259031,369.0211303259031,29.702670021158198,12.42383698378082,0.9256675052895499,92.56675052895498
20400.0,340.0,0,0.0,367.32050807568874,367.32050807568874,29.680805705201312,12.375691944619916,0.9202014263003282,92.02014263003282
20460.0,341.0,0,0.0,364.86289650954785,364.86289650954785,29.65908767564717,12.30189210469659,0.9147719189117932,91.47719189117932
20520.0,342.0,0,0.0,361.7557050458496,361.7557050458496,29.637554597965874,12.20599033736333,0.909388649491468,90.9388649491468
20580.0,343.0,0,0.0,358.13473286151617,358.13473286151617,29.616237054343163,12.09251304290855,0.9040592635857907,90.40592635857907
20640.0,344.0,0,0.0,354.15823381635533,354.15823381635533,29.595156207092188,11.966763457443243,0.8987890517730474,89.87890517730473
20700.0,345.0,0,0.0,350.0000000000001,350.0000000000001,29.574322873758856,11.834590482223797,0.893580718439714,89.3580718439714
20760.0,346.0,0,0.0,345.8417661836449,345.8417661836449,29.553737054343163,11.702133153168209,0.8884342635857907,88.84342635857907
20820.0,347.0,0,0.0,341.86526713848406,341.86526713848406,29.533387931299206,11.575551979804473,0.8833469828248013,88.33469828248013
20880.0,348.0,0,0.0,338.2442949541506,338.2442949541506,29.51325434231384,11.46075898750352,0.8783135855784598,87.83135855784599
20940.0,349.0,0,0.0,335.13710349045215,335.13710349045215,29.493305705201312,11.363158366861155,0.8733264263003281,87.33264263003281
21000.0,350.0,0,0.0,332.6794919243112,332.6794919243112,29.473503354491534,11.287409166227041,0.868375838622883,86.8375838622883
21060.0,351.0,0,0.0,330.97886967409704,330.97886967409704,29.453802231296645,11.237220480906528,0.8634505578241614,86.34505578241614
21120.0,352.0,0,0.0,330.1095620926346,330.1095620926346,29.434152852600654,11.215188143709995,0.8585382131501638,85.85382131501638
21180.0,353.0,0,0.0,330.1095620926345,330.1095620926345,29.414503473904666,11.222680076360769,0.8536258684761663,85.36258684761663
21240.0,354.0,0,0.0,330.9788696740969,330.9788696740969,29.394802350709778,11.259775307388825,0.8487005876774446,84.87005876774447
21300.0,355.0,0,0.0,332.67949192431126,332.67949192431126,29.374999999999996,11.325259299551023,0.8437499999999994,84.37499999999994
21360.0,356.0,0,0.0,335.13710349045203,335.13710349045203,29.355051362887473,11.416675765526124,0.8387628407218678,83.87628407218678
21420.0,357.0,0,0.0,338.2442949541504,338.2442949541504,29.334917773902106,11.530432693255081,0.8337294434755262,83.37294434755262
21480.0,358.0,0,0.0,341.8652671384839,341.8652671384839,29.31456865085815,11.661957957156439,0.8286421627145368,82.86421627145369
21540.0,359.0,0,0.0,345.8417661836447,345.8417661836447,29.293982831442456,11.805897756328248,0.8234957078606137,82.34957078606136
21600.0,360.0,1,600.0,349.99999999999994,-250.00000000000006,29.308863783823405,-8.529842775344429,0.8272159459558517,82.72159459558517
