time_s,time_min,in_sunlight,battery_temp_c,electronics_temp_c,battery_heat_w,electronics_heat_w
0.0,0.0,1,22.022336622077468,24.023,6.700986623240457,17.5
60.0,1.0,1,22.0440820855283,24.046231823381635,6.563844954989063,17.707911690817763
120.0,2.0,1,22.065272182808812,24.069675442080733,6.436376938104555,17.9067366430758
180.0,3.0,1,22.08596608540712,24.093293609048672,6.325660708547438,18.087785252292473
240.0,4.0,1,22.10624304767322,24.117033549827237,6.23782763356395,18.243144825477398
300.0,5.0,1,22.126198644166678,24.140829332236187,6.17791643384851,18.36602540378444
360.0,6.0,1,22.145940756644766,24.16460481061089,6.149791302926885,18.451056516295154
420.0,7.0,1,22.165585445773118,24.18827701591674,6.156100100466465,18.494521895368276
480.0,8.0,1,22.18525276215152,24.211759843580143,6.198248715912373,18.494521895368276
540.0,9.0,1,22.20506249014894,24.234967877864094,6.2763733710982015,18.451056516295154
600.0,10.0,1,22.22512979058318,24.25782018564875,6.38930261254012,18.36602540378444
660.0,11.0,1,22.245560721450556,24.280243913814516,6.534512883262872,18.243144825477398
720.0,12.0,1,22.266447668077678,24.302177533008585,6.708093286747719,18.087785252292473
780.0,13.0,1,22.287864795185605,24.32357358603067,6.904743934917956,17.9067366430758
840.0,14.0,1,22.309863726717456,24.344400820724058,7.1178360908889795,17.707911690817763
900.0,15.0,1,22.33246974450947,24.364645614158267,7.33956004569558,17.5
960.0,16.0,1,22.35567885366486,24.384312625863366,7.561178286733225,17.292088309182244
1020.0,17.0,1,22.379456074347853,24.403424651570308,7.7733881414946895,17.0932633569242
1080.0,18.0,1,22.403735277205577,24.42202168385316,7.966781791143339,16.912214747707527
1140.0,19.0,1,22.428420782318536,24.44015922073138,8.132375032858029,16.756855174522606
1200.0,20.0,1,22.453390798504888,24.45790589615796,8.262162264078963,16.633974596215563
1260.0,21.0,1,22.47850260823675,24.475340535956107,8.349646356867026,16.548943483704846
1320.0,22.0,1,22.503599226239025,24.49254876787772,8.39029009550866,16.505478104631727
1380.0,23.0,1,22.52851710184386,24.509619333943963,8.381841288680363,16.505478104631727
1440.0,24.0,1,22.553094319098754,24.52664026623982,8.324495959787441,16.548943483704846
1500.0,25.0,1,22.577183699661948,24.543695093302333,8.222383943335767,16.633974596215563
1560.0,26.0,1,22.600671478522536,24.56085924290496,8.085264317567404,16.756855174522606
1620.0,27.0,1,22.623444075061695,24.578196798457135,7.912987623088427,16.912214747707527
1680.0,28.0,1,22.645415485928414,24.595757750783328,7.713622595126845,17.0932633569242
1740.0,29.0,1,22.666530204165745,24.613575865395426,7.496163345870727,17.29208830918224
1800.0,30.0,1,22.68676427586936,24.631667258472262,7.269975878583101,17.5
1860.0,31.0,1,22.706124607093237,24.65002974378612,7.044275063727152,17.707911690817763
1920.0,32.0,1,22.724646770954827,24.668642979121984,6.827673451244848,17.9067366430758
1980.0,33.0,1,22.74239165424882,24.687469405793593,6.627829175916296,18.087785252292473
2040.0,34.0,1,22.75944131682011,24.7064559401982,6.4512037490345175,18.243144825477398
2100.0,35.0,1,22.775894417291664,24.725536343484183,6.302924511743055,18.36602540378444
2160.0,36.0,1,22.79186149597829,24.7446341657689,6.1867335571126265,18.451056516295154
2220.0,37.0,1,22.807460316950515,24.763666136233486,6.104996984428596,18.494521895368276
2280.0,38.0,1,22.82281137654875,24.782545850934355,6.05874644998183,18.494521895368276
2340.0,39.0,1,22.83803360505992,24.80118759715947,6.047729031138663,18.451056516295154
2400.0,40.0,1,22.853240237621186,24.819510147189764,6.0704502574878765,18.36602540378444
2460.0,41.0,1,22.8685348187575,24.8374403556632,6.1242067686118205,18.243144825477398
2520.0,42.0,1,22.884007332981238,24.85491640332248,6.205116940885321,18.087785252292473
2580.0,43.0,1,22.89973051389178,24.87189054538205,6.308167472528647,17.9067366430758
2640.0,44.0,1,22.91575646163588,24.88833124440063,6.427299248235174,17.707911690817763
2700.0,45.0,1,22.932113774717916,24.904224594445424,6.555555555555556,17.5
2760.0,46.0,1,22.948805457649343,24.919574974308226,6.685309673920594,17.29208830918224
2820.0,47.0,1,22.96580788449165,24.93440490122761,6.808577876460634,17.0932633569242
2880.0,48.0,1,22.983071069835393,24.9487540915132,6.917409795207972,16.912214747707527
2940.0,49.0,1,23.000520421268742,24.962677769130142,7.004333355708877,16.75685517452261
3000.0,50.0,1,23.01806002789448,24.976244296169533,7.06281874600581,16.633974596215563
3060.0,51.0,1,23.035577392868106,24.989532228767587,7.08771754229766,16.548943483704846
3120.0,52.0,1,23.05294936475964,25.00262692714671,7.075630874623557,16.505478104631727
3180.0,53.0,1,23.070048885526933,25.0156168679388,7.025165086754626,16.505478104631727
3240.0,54.0,1,23.086752073192187,25.0285898199627,6.937044293524942,16.548943483704846
3300.0,55.0,1,23.102945110933312,25.04162905059543,6.814065054083598,16.633974596215563
3360.0,56.0,0,23.114984150934,25.03880972853971,10.99701319988554,16.756855174522606
3420.0,57.0,0,23.127617367576732,25.03632368020681,11.196936464501514,16.912214747707527
3480.0,58.0,0,23.140953629501126,25.034219617479003,11.430589838956548,17.0932633569242
3540.0,59.0,0,23.15507240127692,25.032530037157535,11.689348065840997,17.292088309182244
3600.0,60.0,0,23.170019310339132,25.031269796860276,11.96320304096143,17.5
3660.0,61.0,0,23.185802851826487,25.03043546186703,12.24109720481699,17.707911690817763
3720.0,62.0,0,23.20239258854615,25.030005451458244,12.511366149186292,17.9067366430758
3780.0,63.0,0,23.2197191602718,25.029940978351163,12.762278177078601,18.087785252292473
3840.0,64.0,0,23.237676319834975,25.030187740175307,12.982642357442007,18.243144825477398
3900.0,65.0,0,23.256125070129446,25.030678289061473,13.162442464044185,18.36602540378444
3960.0,66.0,0,23.27489980175959,25.031334975781572,13.293444615277142,18.451056516295154
4020.0,67.0,0,23.293816147332176,25.032073339766058,13.369723314942323,18.494521895368276
4080.0,68.0,0,23.312680099841877,25.032805796838666,13.388054818108483,18.494521895368276
4140.0,69.0,0,23.33129781268271,25.033445463496548,13.348138031964808,18.451056516295154
4200.0,70.0,0,23.349485426102113,25.033909950596144,13.252620088650426,18.36602540378444
4260.0,71.0,0,23.367078260040326,25.03412496064233,13.106923948447706,18.243144825477398
4320.0,72.0,0,23.383938777177633,25.034027531461778,12.918896009264554,18.087785252292473
4380.0,73.0,0,23.39996284363268,25.033568784496236,12.69830973543306,17.9067366430758
4440.0,74.0,0,23.41508398060992,25.032716057601903,12.456274211711902,17.707911690817763
4500.0,75.0,0,23.429275485228114,25.031454329141088,12.20460255055536,17.5
4560.0,76.0,0,23.442550477739275,25.029786871126323,11.955193626758271,17.29208830918224
4620.0,77.0,0,23.454960082509412,25.027735102871162,11.719472290972417,17.0932633569242
4680.0,78.0,0,23.466590054432928,25.02533765154361,11.507919725571414,16.91221474770753
4740.0,79.0,0,23.477556212258428,25.022648660680304,11.329709445629328,16.756855174522606
4800.0,80.0,0,23.487999036501098,25.019735420587292,11.192448454866106,16.633974596215563
4860.0,81.0,0,23.498077742051827,25.01667542419,11.102009930920405,16.548943483704846
4920.0,82.0,0,23.5079640609592,25.013552977005745,11.062435607905055,16.505478104631727
4980.0,83.0,0,23.517835889419135,25.010455509398962,11.075883847707596,16.505478104631727
5040.0,84.0,0,23.527870884742057,25.00746975229118,11.142603197830645,16.548943483704846
5100.0,85.0,0,23.538240058954155,25.004677943465282,11.26091985616535,16.633974596215563
5160.0,86.0,0,23.549101414743138,25.002154230266605,11.427238842812123,16.756855174522606
5220.0,87.0,0,23.56059370707966,24.99996142591989,11.636070247494857,16.912214747707527
5280.0,88.0,0,23.57283048174238,24.998148261226376,11.880101071558753,17.093263356924197
5340.0,89.0,0,23.585894624674026,24.99674725175493,12.150337746630113,17.29208830918224
5400.0,90.0,1,23.599114781665207,25.01177327374089,6.820657421767642,17.5
5460.0,91.0,1,23.611788686623527,25.027094910932597,6.680578094493646,17.707911690817763
5520.0,92.0,1,23.623952550739364,25.042691624931287,6.550378870673236,17.906736643075803
5580.0,93.0,1,23.63566645480468,25.05852566243642,6.437285810925598,18.087785252292473
5640.0,94.0,1,23.64701098295182,25.07454374678788,6.3475580627897275,18.243144825477398
5700.0,95.0,1,23.65808338034673,25.09067944762115,6.286338987787384,18.36602540378444
5760.0,96.0,1,23.668993455494366,25.10685612507277,6.257572628914463,18.451056516295154
5820.0,97.0,1,23.67985936506305,25.122990319862925,6.263961090494807,18.494521895368276
5880.0,98.0,1,23.690803336957206,25.138995441094757,6.306938425360945,18.494521895368276
5940.0,99.0,1,23.70194732499464,25.15478559059859,6.386642417753441,18.451056516295154
6000.0,100.0,1,23.713408560520584,25.17027935668137,6.5018758427731225,18.36602540378444
6060.0,101.0,1,23.725294979746,25.185403411478873,6.650061176562101,18.243144825477398
6120.0,102.0,1,23.737700558861533,25.200095754691628,6.827204698203059,18.087785252292473
6180.0,103.0,1,23.75070067179128,25.214308461940245,7.027894884874919,17.9067366430758
6240.0,104.0,1,23.764347680751207,25.228009817626358,7.245363897202646,17.707911690817763
6300.0,105.0,1,23.778667056763982,25.241185739085346,7.471638629184906,17.5
6360.0,106.0,1,23.793654385214477,25.253840429791026,7.697799237323648,17.292088309182244
6420.0,107.0,1,23.80927362359682,25.265996233066545,7.914349408089192,17.093263356924204
6480.0,108.0,1,23.82545693516711,25.27769269269743,8.111685993561359,16.912214747707534
6540.0,109.0,1,23.842106322845737,25.288984861504893,8.28063878688856,16.756855174522606
6600.0,110.0,1,23.859097141634237,25.299940931805285,8.413037017672233,16.633974596215563
6660.0,111.0,1,23.876283392667975,25.310639291318253,8.502250165063485,16.548943483704846
6720.0,112.0,1,23.893504521168115,25.32116513319697,8.543648656843912,16.505478104631727
6780.0,113.0,1,23.91059327931166,25.33160676834066,8.534935581165493,16.505478104631727
6840.0,114.0,1,23.92738409660696,25.342051801161343,8.47631309135204,16.548943483704846
6900.0,115.0,1,23.94372134204014,25.352583335944484,8.370465003845817,16.633974596215563
6960.0,116.0,1,23.959466872630024,25.363276379605974,8.222357592638108,16.756855174522606
7020.0,117.0,1,23.974506340597873,25.37419459806454,8.038880761089015,16.912214747707523
7080.0,118.0,1,23.988753864827874,25.385387567993874,7.8283686820764,17.0932633569242
7140.0,119.0,1,24.002154842450864,25.396888644068287,7.600050243587502,17.292088309182244
7200.0,120.0,1,24.0146868592303,25.40871353491574,7.363483750242194,17.5
7260.0,121.0,1,24.026358828053738,25.420859650018052,7.128026993646456,17.707911690817763
7320.0,122.0,1,24.037208621347652,25.43330624610406,6.902383878671007,17.9067366430758
7380.0,123.0,1,24.047299550143357,25.446015366639813,6.694254157137851,18.087785252292473
7440.0,124.0,1,24.056716072970474,25.458933533357648,6.510096038392588,18.243144825477398
7500.0,125.0,1,24.065559094289245,25.471994115898354,6.354995326978164,18.36602540378444
7560.0,126.0,1,24.07394114593045,25.48512027600376,6.232621862082159,18.451056516295154
7620.0,127.0,1,24.08198165347197,25.498228357586466,6.145246325130574,18.494521895368276
7680.0,128.0,1,24.089802393197363,25.51123157451651,6.09378889386717,18.494521895368276
7740.0,129.0,1,24.097523164143105,25.52404383495297,6.077875591477752,18.451056516295154
7800.0,130.0,1,24.105257649421823,25.536583535080915,6.095887279072638,18.36602540378444
7860.0,131.0,1,24.11310943021424,25.548777156451223,6.144998006684699,18.243144825477398
7920.0,132.0,1,24.121168144811698,25.560562509704198,6.221211353622193,18.087785252292473
7980.0,133.0,1,24.129505845733153,25.571891482912715,6.319412937097135,17.906736643075803
8040.0,134.0,1,24.13817368529672,25.582732174431047,6.433462391389545,17.707911690817763
8100.0,135.0,1,24.147199135175153,25.5930703170356,6.556347597063907,17.5
8160.0,136.0,1,24.156600305943837,25.60290993111768,6.685309673920586,17.292088309182244
8220.0,137.0,1,24.166355963696375,25.612273178382587,6.808577876460633,17.093263356924204
8280.0,138.0,1,24.17641586056489,25.621199422450943,6.91740979520797,16.91221474770753
8340.0,139.0,1,24.186705143253864,25.62974353742038,7.00433335570888,16.756855174522606
8400.0,140.0,1,24.197127641547695,25.63797353831345,7.0628187460058065,16.633974596215563
8460.0,141.0,1,24.2075706008394,25.64596763697435,7.08771754229766,16.548943483704846
8520.0,142.0,1,24.21791061348311,25.65381085208782,7.075630874623557,16.505478104631727
8580.0,143.0,1,24.22802036675806,25.66159132148038,7.02516508675462,16.505478104631727
8640.0,144.0,1,24.23777572553593,25.669396477875946,6.937044293524942,16.548943483704846
8700.0,145.0,1,24.247062621362993,25.67730925524537,6.814065054083602,16.633974596215563
8760.0,146.0,0,24.2522369563011,25.669404491552452,10.99701319988554,16.756855174522606
8820.0,147.0,0,24.25804665611163,25.66187368511545,11.196936464501514,16.912214747707527
8880.0,148.0,0,24.264600342304817,25.654765222348374,11.430589838956548,17.0932633569242
8940.0,149.0,0,24.271977233803792,25.64811127718795,11.689348065840994,17.29208830918224
9000.0,150.0,0,24.28022271387084,25.641926386970447,11.96320304096143,17.5
9060.0,151.0,0,24.289345034937007,25.636206799256318,12.241097204816983,17.707911690817756
9120.0,152.0,0,24.299313518558005,25.63093061814842,12.511366149186292,17.9067366430758
9180.0,153.0,0,24.310058564703585,25.626058743707816,12.762278177078597,18.08778525229247
9240.0,154.0,0,24.32147368784017,25.62153656340911,12.982642357442007,18.243144825477398
9300.0,155.0,0,24.33341965392661,25.617296321709404,13.162442464044178,18.36602540378444
9360.0,156.0,0,24.345730618053977,25.61326006416832,13.293444615277142,18.451056516295154
9420.0,157.0,0,24.358221978728796,25.60934302744571,13.369723314942323,18.494521895368276
9480.0,158.0,0,24.37069949625012,25.605457327016882,13.388054818108483,18.494521895368276
9540.0,159.0,0,24.3829690927125,25.60151578143334,13.348138031964808,18.451056516295154
9600.0,160.0,0,24.394846678451728,25.59743570598944,13.252620088650426,18.36602540378444
9660.0,161.0,0,24.406167344875843,25.59314250999248,13.106923948447706,18.243144825477398
9720.0,162.0,0,24.416793327504138,25.588572940417123,12.918896009264554,18.087785252292473
9780.0,163.0,0,24.426620266657224,25.583677830179937,12.69830973543306,17.9067366430758
9840.0,164.0,0,24.43558145909632,25.578424230920135,12.456274211711914,17.707911690817763
9900.0,165.0,0,24.44364997884359,25.572796837072772,12.204602550555357,17.499999999999996
9960.0,166.0,0,24.45083872439306,25.566798638994555,11.955193626758282,17.292088309182244
10020.0,167.0,0,24.457198599683274,25.560450776596447,11.719472290972417,17.093263356924204
10080.0,168.0,0,24.462815140503746,25.55379159987909,11.507919725571414,16.91221474770753
10140.0,169.0,0,24.467803947812822,25.546874977429102,11.329709445629328,16.756855174522606
10200.0,170.0,0,24.472305285642165,25.5397679268021,11.192448454866096,16.633974596215563
10260.0,171.0,0,24.476478153698046,25.532547670355093,11.102009930920408,16.54894348370485
10320.0,172.0,0,24.480494070135542,25.525298245201515,11.062435607905055,16.505478104631727
10380.0,173.0,0,24.48453071854042,25.518106815449165,11.075883847707596,16.505478104631727
10440.0,174.0,0,24.48876554488861,25.51105984789298,11.142603197830645,16.548943483704846
10500.0,175.0,0,24.49336935113983,25.504239318302268,11.26091985616535,16.633974596215563
10560.0,176.0,0,24.498499931175697,25.497719114104896,11.427238842812121,16.756855174522602
10620.0,177.0,0,24.504295832413625,25.491561790687474,11.63607024749486,16.91221474770753
10680.0,178.0,0,24.51087039432434,25.48581582307582,11.880101071558753,17.093263356924197
10740.0,179.0,0,24.518306297780494,25.48051347310958,12.150337746630113,17.29208830918224
10800.0,180.0,1,24.525931984733038,25.4916693653247,6.820657421767644,17.499999999999996
10860.0,181.0,1,24.53304498647295,25.50315183378374,6.680578094493649,17.707911690817763
10920.0,182.0,1,24.539681312789693,25.51494009239962,6.550378870673239,17.9067366430758
10980.0,183.0,1,24.545900844282706,25.526996142165007,6.437285810925601,18.08778525229247
11040.0,184.0,1,24.551783966092977,25.539266462678643,6.3475580627897275,18.243144825477398
11100.0,185.0,1,24.557427725589044,25.55168438178478,6.286338987787384,18.36602540378444
11160.0,186.0,1,24.562941734665223,25.564173019763093,6.257572628914463,18.451056516295154
11220.0,187.0,1,24.56844395455888,25.576648679395724,6.26396109049481,18.494521895368273
11280.0,188.0,1,24.574056418916065,25.589024533751296,6.306938425360945,18.494521895368276
11340.0,189.0,1,24.579900888461747,25.601214450513876,6.386642417753438,18.451056516295157
11400.0,190.0,1,24.586094402606886,25.613136785717334,6.5018758427731225,18.36602540378444
11460.0,191.0,1,24.592744706779786,25.62471798108255,6.650061176562101,18.243144825477398
11520.0,192.0,1,24.599945587533117,25.635895807738475,6.827204698203059,18.087785252292473
11580.0,193.0,1,24.607772230290834,25.646622114562717,7.027894884874919,17.9067366430758
11640.0,194.0,1,24.616276809899766,25.65686496102785,7.245363897202638,17.707911690817767
11700.0,195.0,1,24.62548461113765,25.666610041339627,7.47163862918491,17.499999999999996
11760.0,196.0,1,24.635391034261904,25.675861337627275,7.697799237323648,17.292088309182244
11820.0,197.0,1,24.645959852749964,25.684640973640104,7.914349408089192,17.093263356924204
11880.0,198.0,1,24.657123046945337,25.692988275346398,8.111685993561364,16.912214747707523
11940.0,199.0,1,24.668782437953293,25.700958079492672,8.280638786888552,16.75685517452261
12000.0,200.0,1,24.680813200051148,25.708618364049162,8.413037017672233,16.633974596215563
12060.0,201.0,1,24.693069154734385,25.71604730410418,8.502250165063481,16.54894348370485
12120.0,202.0,1,24.705389568662124,25.72332988188061,8.543648656843912,16.505478104631727
12180.0,203.0,1,24.717607016520702,25.730554199034827,8.534935581165493,16.505478104631727
12240.0,204.0,1,24.729555751392752,25.73780765240996,8.47631309135204,16.548943483704846
12300.0,205.0,1,24.741079966897214,25.74517314038311,8.370465003845826,16.63397459621556
12360.0,206.0,1,24.752041345737958,25.75272546560909,8.222357592638105,16.75685517452261
12420.0,207.0,1,24.76232536686716,25.76052809137963,8.038880761089015,16.912214747707523
12480.0,208.0,1,24.771845976939545,25.768630393362443,7.8283686820764,17.093263356924197
12540.0,209.0,1,24.780548401889867,25.77706552683391,7.600050243587499,17.292088309182244
12600.0,210.0,1,24.788410057312667,25.785849002619237,7.363483750242184,17.499999999999996
12660.0,211.0,1,24.795439686947613,25.79497803397992,7.128026993646456,17.707911690817763
12720.0,212.0,1,24.801674995088163,25.80443168299423,6.90238387867101,17.906736643075796
12780.0,213.0,1,24.807179125641426,25.814171800034863,6.694254157137849,18.087785252292473
12840.0,214.0,1,24.81203637101555,25.824144715285538,6.510096038392588,18.243144825477398
12900.0,215.0,1,24.816347470546052,25.83428360837082,6.354995326978167,18.36602540378444
12960.0,216.0,1,24.820224791929718,25.844511452536445,6.232621862082161,18.45105651629515
13020.0,217.0,1,24.823787597595242,25.85474440470689,6.145246325130574,18.494521895368276
13080.0,218.0,1,24.827157501655893,25.86489549325997,6.093788893867175,18.494521895368276
13140.0,219.0,1,24.830454141950884,25.87487844234648,6.07787559147775,18.451056516295157
13200.0,220.0,1,24.833791041362755,25.884611465615276,6.095887279072641,18.36602540378444
13260.0,221.0,1,24.837271621803527,25.894020863541307,6.144998006684699,18.243144825477398
13320.0,222.0,1,24.84098536325145,25.903044267137563,6.221211353622193,18.087785252292473
13380.0,223.0,1,24.845004160862263,25.911633386286614,6.319412937097139,17.90673664307581
13440.0,224.0,1,24.849379010535056,25.919756142577956,6.433462391389545,17.707911690817763
13500.0,225.0,1,24.854137228462058,25.927398093437333,6.556347597063909,17.499999999999996
13560.0,226.0,1,24.85929677067102,25.9345630853082,6.68530967392059,17.292088309182244
13620.0,227.0,1,24.864836249635196,25.94127310733958,6.808577876460637,17.093263356924197
13680.0,228.0,1,24.87070526478808,25.94756735197628,6.91740979520797,16.91221474770753
13740.0,229.0,1,24.876828811051713,25.953500523509515,7.004333355708877,16.75685517452261
13800.0,230.0,1,24.883110567338754,25.95914046851387,7.0628187460058065,16.633974596215563
13860.0,231.0,1,24.889437629075715,25.964565231733168,7.08771754229766,16.548943483704846
13920.0,232.0,1,24.895686439550005,25.969859666088567,7.075630874623557,16.505478104631727
13980.0,233.0,1,24.901729537868555,25.975111744969123,7.02516508675462,16.505478104631727
14040.0,234.0,1,24.90744264161976,25.98040873797678,6.937044293524945,16.548943483704843
14100.0,235.0,1,24.91271153595032,25.985833417265397,6.814065054083602,16.633974596215563
14160.0,236.0,0,24.9138919774009,25.97546046027632,10.99701319988554,16.75685517452261
14220.0,237.0,0,24.915731747084834,25.965481206089525,11.196936464501505,16.912214747707523
14280.0,238.0,0,24.91833932273218,25.955943883154657,11.430589838956553,17.093263356924204
14340.0,239.0,0,24.92179378034859,25.946880508707785,11.689348065840994,17.29208830918224
14400.0,240.0,0,24.92614036113637,25.938305464638123,11.963203040961426,17.499999999999996
14460.0,241.0,0,24.93138717631894,25.930214844302654,12.241097204816983,17.707911690817753
14520.0,242.0,0,24.937503407091647,25.922586598834386,12.511366149186292,17.9067366430758
14580.0,243.0,0,24.944419313906025,25.915381476548294,12.762278177078601,18.087785252292473
14640.0,244.0,0,24.952028272547395,25.908544714386863,12.982642357442007,18.243144825477398
14700.0,245.0,0,24.96019091112559,25.902008407479336,13.162442464044178,18.36602540378444
14760.0,246.0,0,24.96874124770976,25.89569445325209,13.293444615277142,18.451056516295154
14820.0,247.0,0,24.977494544606643,25.88951794141681,13.369723314942323,18.494521895368276
14880.0,248.0,0,24.986256426732698,25.88339084167621,13.388054818108483,18.494521895368276
14940.0,249.0,0,24.994832681612184,25.87722582797539,13.348138031964808,18.451056516295154
15000.0,250.0,0,25.003039085818013,25.870940072159158,13.252620088650424,18.36602540378444
15060.0,251.0,0,25.01071059779793,25.86445884123284,13.106923948447706,18.243144825477398
15120.0,252.0,0,25.017709320908693,25.85771874100756,12.918896009264554,18.087785252292473
15180.0,253.0,0,25.02393076410135,25.85067046436565,12.69830973543306,17.9067366430758
15240.0,254.0,0,25.029308093555784,25.84328092403236,12.456274211711902,17.707911690817763
15300.0,255.0,0,25.0338142534963,25.8355346766401,12.204602550555364,17.500000000000007
15360.0,256.0,0,25.03746201339785,25.827434575845345,11.955193626758282,17.292088309182244
15420.0,257.0,0,25.040302148954037,25.81900162595243,11.719472290972417,17.093263356924204
15480.0,258.0,0,25.042420068478883,25.810274042440227,11.507919725571414,16.91221474770753
15540.0,259.0,0,25.043931246220108,25.80130556044975,11.329709445629337,16.75685517452261
15600.0,260.0,0,25.04497582025901,25.792163065158586,11.192448454866096,16.633974596215563
15660.0,261.0,0,25.04571266510719,25.78292364760473,11.102009930920405,16.548943483704846
15720.0,262.0,0,25.04631317447623,25.773671214633154,11.062435607905055,16.505478104631727
15780.0,263.0,0,25.046954908255064,25.764492801125353,11.075883847707596,16.505478104631727
15840.0,264.0,0,25.04781518946497,25.75547474568376,11.142603197830645,16.548943483704846
15900.0,265.0,0,25.04906469784873,25.746698896910722,11.26091985616535,16.633974596215563
15960.0,266.0,0,25.050861105804344,25.73823901608448,11.427238842812121,16.756855174522602
16020.0,267.0,0,25.0533428399945,25.73015753345122,11.63607024749486,16.91221474770753
16080.0,268.0,0,25.05662311985973,25.72250279989746,11.88010107155876,17.093263356924204
16140.0,269.0,0,25.060784506962673,25.715306954116645,12.15033774663011,17.292088309182237
16200.0,270.0,1,25.06515532466012,25.72458449848371,6.820657421767644,17.499999999999996
16260.0,271.0,1,25.069032986360472,25.73420364587748,6.680578094493649,17.707911690817763
16320.0,272.0,1,25.072453384677885,25.74414348999661,6.550378870673249,17.9067366430758
16380.0,273.0,1,25.07547628373957,25.75436591258122,6.437285810925601,18.08778525229247
16440.0,274.0,1,25.0781819529131,25.764817274931527,6.347558062789732,18.24314482547739
16500.0,275.0,1,25.080667324488246,25.775430787539644,6.286338987787384,18.36602540378444
16560.0,276.0,1,25.083041895971032,25.78612945427192,6.257572628914463,18.451056516295154
16620.0,277.0,1,25.085423514896856,25.79682946242848,6.263961090494807,18.494521895368276
16680.0,278.0,1,25.08793410189201,25.80744387051979,6.306938425360945,18.494521895368276
16740.0,279.0,1,25.090695305339835,25.81788643258822,6.386642417753441,18.451056516295154
16800.0,280.0,1,25.093824052983706,25.828075391935084,6.5018758427731225,18.36602540378444
16860.0,281.0,1,25.097427979254345,25.837937078450558,6.650061176562099,18.243144825477398
16920.0,282.0,1,25.10160076037283,25.84740915232754,6.827204698203059,18.087785252292473
16980.0,283.0,1,25.106417472093508,25.856443352395072,7.027894884874919,17.9067366430758
17040.0,284.0,1,25.111930180251623,25.865007628957546,7.245363897202638,17.707911690817767
17100.0,285.0,1,25.118164061267397,25.873087567925886,7.471638629184902,17.500000000000007
17160.0,286.0,1,25.12511440769087,25.880687044000844,7.6977992373236575,17.29208830918224
17220.0,287.0,1,25.132744885938354,25.887828074362684,7.914349408089192,17.093263356924204
17280.0,288.0,1,25.140987369934596,25.8945498792632,8.111685993561363,16.91221474770753
17340.0,289.0,1,25.149743575004617,25.90090719057814,8.280638786888552,16.75685517452261
17400.0,290.0,1,25.158888570280162,25.906967882245944,8.413037017672233,16.633974596215563
17460.0,291.0,1,25.168276072742024,25.912810026155388,8.502250165063481,16.54894348370485
17520.0,292.0,1,25.17774524516172,25.918518502155408,8.543648656843912,16.505478104631727
17580.0,293.0,1,25.1871285589613,25.92418131034743,8.534935581165493,16.505478104631727
17640.0,294.0,1,25.196260164578707,25.92988574683206,8.47631309135204,16.548943483704846
17700.0,295.0,1,25.204984153604055,25.935714610049835,8.370465003845817,16.633974596215563
17760.0,296.0,1,25.213162107324557,25.94174260351848,8.222357592638108,16.756855174522606
17820.0,297.0,1,25.22067940388424,25.94803309218575,8.038880761089011,16.91221474770753
17880.0,298.0,1,25.227449889734523,25.95463535416211,7.828368682076403,17.093263356924194
17940.0,299.0,1,25.233418691208072,25.96158244794718,7.6000502435875115,17.292088309182237
18000.0,300.0,1,25.238563124894963,25.9688897883636,7.363483750242184,17.499999999999996
18060.0,301.0,1,25.242891836124414,25.97655449343833,7.128026993646456,17.707911690817763
18120.0,302.0,1,25.246442431369903,25.984555530776973,6.90238387867101,17.906736643075796
18180.0,303.0,1,25.249277957305477,25.99285465703534,6.694254157137854,18.08778525229247
18240.0,304.0,1,25.25148260968962,26.001398109430014,6.510096038392585,18.243144825477398
18300.0,305.0,1,25.253157031788078,26.010118975362143,6.354995326978167,18.36602540378444
18360.0,306.0,1,25.25441349580429,26.018940136591837,6.232621862082161,18.45105651629515
18420.0,307.0,1,25.255371169246565,26.02777765928984,6.145246325130574,18.494521895368276
18480.0,308.0,1,25.25615157187731,26.036544481806256,6.09378889386717,18.494521895368276
18540.0,309.0,1,25.25687424775097,26.045154238984395,6.07787559147775,18.451056516295157
18600.0,310.0,1,25.257652626528042,26.05352505588009,6.095887279072634,18.366025403784445
18660.0,311.0,1,25.25859003745782,26.061583145084004,6.144998006684699,18.243144825477398
18720.0,312.0,1,25.259775868411815,26.069266050427917,6.221211353622193,18.087785252292473
18780.0,313.0,1,25.261281922991667,26.076525395310647,6.3194129370971455,17.906736643075803
18840.0,314.0,1,25.26315910609168,26.083329015529795,6.433462391389545,17.707911690817763
18900.0,315.0,1,25.265434643445346,26.089662383405557,6.556347597063907,17.5
18960.0,316.0,1,25.26812640116441,26.095529260956678,6.685309673920594,17.29208830918224
19020.0,317.0,1,25.271212902345624,26.100951553582874,6.808577876460633,17.093263356924208
19080.0,318.0,1,25.274643657582242,26.105968370649627,6.917409795207974,16.912214747707523
19140.0,319.0,1,25.27834357348911,26.110634334033474,7.004333355708883,16.756855174522602
19200.0,320.0,1,25.282216241201528,26.11501720855364,7.062818746005804,16.633974596215566
19260.0,321.0,1,25.28614866889531,26.11919495785262,7.087717542297658,16.54894348370485
19320.0,322.0,1,25.290017213130685,26.123252354399064,7.075630874623557,16.505478104631727
19380.0,323.0,1,25.29369432680775,26.127277291773133,7.02516508675462,16.505478104631727
19440.0,324.0,1,25.29705564182532,26.131356960406357,6.937044293524942,16.548943483704846
19500.0,325.0,1,25.299986858154647,26.135574053915537,6.814065054083594,16.633974596215563
19560.0,326.0,0,25.298843647672005,26.12400317183326,10.99701319988554,16.756855174522606
19620.0,327.0,0,25.29837370733431,26.11283557595401,11.196936464501514,16.91221474770753
19680.0,328.0,0,25.29868543122016,26.102119418060227,11.43058983895654,17.09326335692419
19740.0,329.0,0,25.299857812185643,26.09188663933411,11.689348065841001,17.292088309182244
19800.0,330.0,0,25.301936008782402,26.082151546219436,11.963203040961437,17.500000000000007
19860.0,331.0,0,25.3049280500791,26.072910157231316,12.241097204816972,17.70791169081775
19920.0,332.0,0,25.308803035609245,26.064140349259617,12.511366149186285,17.906736643075796
19980.0,333.0,0,25.313491144652517,26.055802796970124,12.762278177078597,18.08778525229247
20040.0,334.0,0,25.31888567230941,26.047842664245316,12.982642357441998,18.24314482547739
20100.0,335.0,0,25.324847166489032,26.04019197373892,13.162442464044178,18.36602540378444
20160.0,336.0,0,25.331209565541023,26.0327725509816,13.293444615277142,18.451056516295154
20220.0,337.0,0,25.337788052530918,26.025499414364486,13.369723314942323,18.494521895368276
20280.0,338.0,0,25.344388173609428,26.018284462840306,13.388054818108483,18.494521895368276
20340.0,339.0,0,25.350815638007653,26.011040300170173,13.348138031964808,18.451056516295154
20400.0,340.0,0,25.35688614447511,26.00368402857638,13.252620088650424,18.36602540378444
20460.0,341.0,0,25.362434574103084,25.996140845998724,13.106923948447703,18.243144825477398
20520.0,342.0,0,25.367322953356013,25.98834728973532,12.918896009264559,18.08778525229248
20580.0,343.0,0,25.371446714753986,25.980253984703587,12.698309735433073,17.90673664307581
20640.0,344.0,0,25.3747389485045,25.971827776207594,12.456274211711921,17.707911690817767
20700.0,345.0,0,25.377172523315323,25.963053153997933,12.204602550555364,17.500000000000007
20760.0,346.0,0,25.378760133597957,25.953932905384313,11.955193626758282,17.292088309182244
20820.0,347.0,0,25.379552480432945,25.944487968855086,11.719472290972417,17.093263356924204
20880.0,348.0,0,25.37963489796892,25.93475649459966,11.507919725571414,16.91221474770753
20940.0,349.0,0,25.379122786733205,25.92479215299191,11.329709445629337,16.75685517452261
21000.0,350.0,0,25.378156211529028,25.914661764960403,11.192448454866096,16.633974596215563
21060.0,351.0,0,25.37689397402959,25.90444235780813,11.10200993092041,16.548943483704853
21120.0,352.0,0,25.375507395545096,25.894217775154928,11.062435607905062,16.50547810463173
21180.0,353.0,0,25.374173963997517,25.88407498916295,11.075883847707596,16.505478104631727
21240.0,354.0,0,25.373070930872966,25.874100276217057,11.142603197830645,16.548943483704846
21300.0,355.0,0,25.37236890480828,25.86437542319975,11.260919856165359,16.633974596215563
21360.0,356.0,0,25.372225487522137,25.854974130163196,11.427238842812121,16.756855174522602
21420.0,357.0,0,25.37277903542199,25.845958766617304,11.636070247494848,16.91221474770752
21480.0,358.0,0,25.374142698114653,25.837377623198215,11.880101071558753,17.093263356924194
21540.0,359.0,0,25.376398967748067,25.829262778830994,12.15033774663011,17.292088309182237
21600.0,360.0,1,25.378876098680802,25.837628676600346,6.820657421767644,17.499999999999996
